group,new_group,title,country,n_uris,in_current_list,merged_variants,sources,conflict
央视,no,CCTV1 综合,CN,7,CCTV1 综合,CCTV-1 (720p);CCTV-1 综合;CCTV-1;CCTV1,01;02;11;13;18;19;21;23;24,
央视,no,CCTV2 财经,CN,9,CCTV2 财经,CCTV-2 (720p);CCTV-2 财经;CCTV-2;CCTV2,01;02;11;13;18;19;23;24,
央视,no,CCTV3 综艺,CN,8,CCTV3 综艺,CCTV-3;CCTV3;CCTV-3 (720p);CCTV-3 综艺,01;02;11;13;18;19;21;23;24,
央视,no,CCTV4 中文国际,CN,7,CCTV4 中文国际,CCTV-4;CCTV-4 Asia (720p);CCTV-4 中文国际（亚）;CCTV4,01;02;11;13;18;19,
央视,no,CCTV4 欧洲,CN,1,CCTV4 欧洲,CCTV-4 Europe;CCTV-4 中文国际（欧）,02;11,
央视,no,CCTV5 体育,,9,CCTV5 体育,CCTV-5;CCTV5,01;13;18;19;21;23;24,
央视,no,CCTV5+ 体育赛事,,4,CCTV5+ 体育赛事,CCTV-5+;CCTV5+,01;13;18;19,
央视,no,CCTV6 电影,CN,8,CCTV6 电影,CCTV-6;CCTV-6 (1080p);CCTV-6 电影;CCTV6,01;02;11;13;18;19;21;23;24,
央视,no,CCTV7 国防军事,CN,8,CCTV7 国防军事,CCTV-7;CCTV-7 (720p);CCTV-7 国防军事;CCTV7,01;02;11;13;18;19;23;24,
央视,no,CCTV8 电视剧,CN,8,CCTV8 电视剧,CCTV-8;CCTV8;CCTV-8 (720p);CCTV-8 电视剧,01;02;11;13;18;19;21;23,
央视,no,CCTV9 纪录,CN,9,CCTV9 纪录,CCTV-9 (576i);CCTV-9;CCTV9;CCTV-9 纪录,01;02;11;13;18;19;20;23;24,
央视,no,CCTV10 科教,CN,8,CCTV10 科教,CCTV-10;CCTV10;CCTV-10 (720p);CCTV-10 科教,01;02;11;13;18;19;21;23;24,
央视,no,CCTV11 戏曲,CN,9,CCTV11 戏曲,CCTV-11 (720p);CCTV-11 戏曲;CCTV-11;CCTV11,01;02;11;13;18;19;20;23;24,
央视,no,CCTV12 社会与法,CN,9,CCTV12 社会与法,CCTV-12 (720p);CCTV-12 社会与法;CCTV-12;CCTV12,01;02;11;13;18;19;21;23;24,
央视,no,CCTV13 新闻,CN,8,CCTV13 新闻,CCTV-13 (720p);CCTV-13 新闻;CCTV-13;CCTV13,01;02;11;13;18;19;20;23;24,
央视,no,CCTV14 少儿,CN,9,CCTV14 少儿,CCTV-14;CCTV-14 (1080p);CCTV-14 少儿;CCTV14,01;02;11;13;18;19;20;21;23;24,
央视,no,CCTV15 音乐,CN,8,CCTV15 音乐,CCTV-15;CCTV-15 音乐;CCTV15;CCTV-15 (1080p),01;02;11;13;18;19,
央视,no,CCTV16 奥林匹克,,5,CCTV16 奥林匹克,CCTV-16;CCTV16,01;18;19,
央视,no,CCTV17 农业农村,CN,7,CCTV17 农业农村,CCTV-17;CCTV-17 (1080p);CCTV-17 农业农村;CCTV17,01;02;11;13;18;19;23;24,
央视,no,CGTN,CN,4,CGTN,CGTN (1080p);CGTN英语;CGTN,02;13;21;22;23;24,
央视,no,CGTN 纪录,CN,3,,CGTN纪录;CGTN记录;CGTN Documentary (1080p),02;13;21;22;23,CGTN记录
央视,no,CCTV第一剧场,,3,,CCTV-第一剧场;第一剧场;CCTV第一剧场,18;19;22;23;24,第一剧场
央视,no,CETV-1,,3,,CETV-1,18;19,
央视,no,CCTV-怀旧剧场,,2,,CCTV-怀旧剧场;怀旧剧场;CCTV怀旧剧场,18;19;22;23;24,怀旧剧场
央视,no,CETV-3,,2,,CETV-3,18;19,
央视,no,CCTV+ 1,CN,1,,CCTV+ 1 (600p) [Not 24/7],02,
央视,no,CCTV+ 2,CN,1,,CCTV+ 2 (600p) [Not 24/7],02,
央视,no,CCTV-8K,CN,1,,CCTV-8K (1080p),02,
央视,no,CCTV-Billiards,CN,1,,CCTV-Billiards (1080p);央视台球,02;18;19,央视台球
央视,no,CCTV-Culture of Quality,CN,1,,CCTV-Culture of Quality (1080p);文化精品,02;18;19,文化精品
央视,no,CCTV-Golf & Tennis,CN,1,,CCTV-Golf & Tennis (1080p);高尔夫网球,02;18;19,高尔夫网球
央视,no,CCTV-Health,CN,1,,CCTV-Health (1080p),02,
央视,no,CCTV-Nostalgia Theater,CN,1,,CCTV-Nostalgia Theater (1080p);怀旧剧场,02;18;19,怀旧剧场
央视,no,CCTV-Storm Football,CN,1,,CCTV-Storm Football (1080p);风云足球,02;18;19,风云足球
央视,no,CCTV-Storm Music,CN,1,,CCTV-Storm Music (1080p);风云音乐,02;18;19,风云音乐
央视,no,CCTV-Storm Theater,CN,1,,CCTV-Storm Theater (1080p);风云剧场,02;18;19,风云剧场
央视,no,CCTV-The First Theater,CN,1,,CCTV-The First Theater (1080p);第一剧场,02;18;19,第一剧场
央视,no,CCTV-Weapon & Technology,CN,1,,CCTV-Weapon & Technology (1080p);兵器科技,02;18;19,兵器科技
央视,no,CCTV-Women's Fashion,CN,1,,CCTV-Women's Fashion (1080p);女性时尚,02;18;19,女性时尚
央视,no,CCTV-World Geography,CN,1,,CCTV-World Geography (1080p);世界地理,02;18;19,世界地理
央视,no,CCTV-世界地理,,1,,CCTV-世界地理,22,
央视,no,CCTV-央视台球,,1,,CCTV-央视台球,22,
央视,no,CCTV-央视高网,,1,,CCTV-央视高网,22,
央视,no,CCTV-女性时尚,,1,,CCTV-女性时尚,22,
央视,no,CCTV-风云剧场,,1,,CCTV-风云剧场,22,
央视,no,CCTV-风云足球,,1,,CCTV-风云足球,22,
央视,no,CCTV-风云音乐,,1,,CCTV-风云音乐,22,
央视,no,CCTV文化精品,,1,,文化精品;CCTV文化精品,18;19;23;24,文化精品
央视,no,CGTN Arabic,CN,1,,CGTN Arabic,02,
央视,no,CGTN French,CN,1,,CGTN French (1080p),02,
央视,no,CGTN Global Biz,CN,1,,CGTN Global Biz (1080p),02,
央视,no,CGTN法语,,1,,CGTN法语;CGTN西语;CGTN阿语,21;23;24,CGTN西语;CGTN阿语
央视,no,CGTN西语,,1,,CGTN西语,13;22;23;24,
央视,no,CGTN记录,,1,,CGTN记录;CGTN纪录,21;23;24,CGTN 纪录
央视,no,CGTN阿语,,1,,CGTN阿语,13;22;23;24,
凤凰,no,凤凰卫视中文台,,7,凤凰卫视中文台,凤凰中文;凤凰卫视;凤凰中文高清;凤凰卫视台;凤凰中文台,01;13;18;20;21,
凤凰,no,凤凰卫视资讯台,,5,凤凰卫视资讯台,凤凰资讯;凤凰资讯台;凤凰资讯高清,01;13;18;20;21,
凤凰,no,凤凰卫视香港台,,5,凤凰卫视香港台,凤凰香港;凤凰香港高清;凤凰香港台,01;13;18;20;21,
凤凰,no,凤凰电影,,1,,凤凰电影,21,
港台新闻,no,無綫新聞台,,7,無綫新聞台,无线新闻;无线新闻台;無綫新聞台;無綫新聞台國際版,01;18;19;20;21,
港台新闻,no,翡翠台,HK,19,翡翠台,翡翠台;Jade (1080p);「HK」翡翠台;翡翠台「字幕」;翡翠台北美版;TVB翡翠台（备用）;华丽翡翠台「新加坡」;华丽翡翠台;华丽翡翠台「硬字幕」;TVB翡翠台 1080P;TVB翡翠台 4K;翡翠台「WebVTT字幕」,01;02;14;18;20;21;22,翡翠台 4K
港台新闻,no,Now 新聞台,,1,,Now新聞台,01,
港台新闻,no,HOY 資訊台,,1,,HOY 資訊台,01,
港台新闻,no,HOY TV,,4,,HOY TV,01;21,
港台新闻,no,ViuTV,,5,ViuTV,Viutv;VIUTV;ViuTV;「HK」VIU TV,01;14;18;20;21,
港台新闻,no,RTHK 31,HK,3,RTHK 31,RTHK TV 31 (港台電視31) (1080p) [Geo-blocked];RTHK TV 31;RTHK31;港台电视31,01;02;11;21;22,
港台新闻,no,RTHK 32,,2,,RTHK32;港台电视32,01;21;22,
港台新闻,no,中天新聞,,1,,中天新闻,22,
港台新闻,no,TVBS新聞,,1,,TVBS新闻台,21;22,
港台新闻,no,TVBS,TW,1,TVBS,TVBS Asia (1080p),02;08,
港台新闻,no,民視新聞,,2,,民视新闻台;民视新闻,14;22,
港台新闻,no,寰宇新聞,,1,,寰宇新闻,22,
港台新闻,no,台視新聞,,3,,台视新闻,14;21;22,
港台新闻,no,NewsWorld,HK,2,,NewsWorld (1080p);NewsWorld,01;02,
港台新闻,no,TVB娱乐新闻台,,1,,TVB娱乐新闻台,21,
港台新闻,no,翡翠台 4K,,1,,翡翠台 4K「字幕」,01,
国际新闻,no,BBC News,UK,5,BBC News,BBC News North America (1080p);BBC News Europe (576p);BBC News Latin America (720p);BBC News (1080p);BBC News,02;11,
国际新闻,no,Al Jazeera English,QA,3,Al Jazeera English,Al Jazeera English (1080p);Al Jazeera;Al Jazeera English HD (576p);Al Jazeera 2 (1080p);Al Jazeera 2,02;11,
国际新闻,no,Sky News,IE,2,Sky News,Sky News HD (1080p);Sky News,02,
国际新闻,no,France 24 English,FR,1,France 24 English,France 24 English (1080p),02,
国际新闻,no,DW English,DE,2,DW English,DW English (1080p);DW,02;11,
国际新闻,no,NHK World-Japan,JP,1,NHK World-Japan,NHK World-Japan (1080p),02,
国际新闻,no,Euronews English,FR,2,Euronews English,Euronews English HD;Euronews English (720p),02,
国际新闻,no,Bloomberg TV,US,14,Bloomberg TV,Bloomberg TV Europe (720p);Bloomberg TV;Bloomberg Television (Europe);Bloomberg TV+;Bloomberg;Bloomberg Television (US);Bloomberg News Asia;Bloomberg TV Asia (720p);Bloomberg TV Asia Live Event (720p);Bloomberg TV Australia (270p);Bloomberg TV Asia Live Event;Bloomberg TV Asia (Live);Bloomberg TV US Politics Live Event (720p);Bloomberg TV EMEA Live Event (720p);Bloomberg TV (1080p);Bloomberg TV US Live Event (720p);Bloomberg TV+ (2160p),02;11;14;26,
国际新闻,no,CNBC,UK,1,CNBC,CNBC (1080p),02,
国际新闻,no,CNA,SG,1,CNA,CNA (1080p) [Geo-blocked];ChannelNewsAsia FHD,02;26,
国际新闻,no,Arirang,KR,7,Arirang,Arirang TV (1080p);ArirangTV FHD;Arirang World;Arirang;ArirangTV HD;Arirang 阿里郎;Arirang TV HD (720p),02;11;14;21;22;26,
国际新闻,no,TRT World,TR,2,TRT World,TRT World (1080p) [Not 24/7];TRT World;TRT World HD,02;11,
国际新闻,no,ABC News Australia,AU,2,ABC News Australia,ABC News;ABC News (720p),02;11,
国际新闻,no,ABC News Live,US,2,,ABC News Live (720p);ABC News Live,02;21;22,
国际新闻,no,CBS News,US,2,CBS News,CBS News;CBS News 24/7 (720p),02;11,
国际新闻,no,NBC News Now,US,2,NBC News Now,NBC News NOW (1080p);NBC News NOW;NBC News,02;11,
国际新闻,no,Fox News,US,1,Fox News,Fox News Channel (720p),02,
国际新闻,no,Reuters TV,US,1,Reuters TV,Reuters (1080p);Reuters,02;11,
国际新闻,no,GB News,UK,4,,GB News;GB News HD (2160p);GB News (1080p),02;11;14,
国际新闻,no,Newsmax TV,US,3,,Newsmax TV (720p);「US」 Newsma xTV;Newsmax;Newsmax TV,02;11;14;21;22,Newsmax
国际新闻,no,Sky News Arabia,AE,3,,Sky News Arabia (1080p) [Not 24/7];Sky News Arabia;Sky News العربية;Sky News Arabia (1080p),02;11,Sky News العربية
国际新闻,no,24 Kanal,UA,2,,24 Kanal;24 Kanal (720p),02;11,
国际新闻,no,ABP News,IN,2,,ABP News (1080p);ABP News,02;11,
国际新闻,no,Al Jazeera Mubasher,QA,2,,Al Jazeera Mubasher;Al Jazeera Mubasher (1080p),02;11,
国际新闻,no,America's Voice,US,2,,America's Voice;America's Voice (720p),02;11,
国际新闻,no,Belarus-24,BY,2,,Belarus-24 (576p);Belarus-24 HD (1080p),02,
国际新闻,no,CNA (AL),AL,2,,CNA;CNA (1080p),02;11;21;22,
国际新闻,no,Cosmos Tv (AR),AR,2,,Cosmos Tv,02,
国际新闻,no,DD News,IN,2,,DD News HD (1080p);DD News (576p),02,
国际新闻,no,DW Español,DE,2,,DW Español Ⓢ;DW Espanol (1080p),02;11,
国际新闻,no,El Pinguino TV,CL,2,,El Pinguino TV (720p);El Pingüino TV,02;11,
国际新闻,no,Global News,CA,2,,Global News,11,
国际新闻,no,HollyWire,US,2,,HollyWire;HollyWire (720p),02;14,
国际新闻,no,India Today,IN,2,,India Today (720p);India Today,02;11,
国际新闻,no,M1 (HU),HU,2,,M1 Ⓖ;M1 HD,02;11,
国际新闻,no,Minformo TV,IT,2,,Minformo TV (720p);Minformo Tv,02;11,
国际新闻,no,RTP Noticias,PT,2,,RTP Noticias (504p) [Not 24/7];RTP Noticias (720p) [Not 24/7],02,
国际新闻,no,Record News,BR,2,,Record News;Record News (720p),02;11,
国际新闻,no,Scripps News,US,2,,Scripps News (1080p);Scripps News,02;11,
国际新闻,no,T13 En Vivo,CL,2,,T13 En Vivo (1080p);T13 en vivo,02;11,
国际新闻,no,TV Brusque,BR,2,,TV Brusque (720p);TV Brusque,02;14,
国际新闻,no,TV5Monde Info,FR,2,,TV5Monde Info (1080p) [Geo-blocked];TV5 Monde Info,02;11,
国际新闻,no,TV9 Kannada,IN,2,,TV9 Kannada;TV9 Kannada (576p),02;11,
国际新闻,no,Telesur English,VE,2,,Telesur English (480p);Telesur English HD (1080p),02,
国际新闻,no,10 TV,IN,1,,10 TV (720p),02,
国际新闻,no,100% News,UA,1,,100% News (576p),02,
国际新闻,no,13 Siam Thai,TH,1,,13 Siam Thai (1080p),02,
国际新闻,no,22Scope News,IN,1,,22Scope News (1080p),02,
国际新闻,no,24 News (IN),IN,1,,24 News (576p),02,
国际新闻,no,24 News (PK),PK,1,,24 News HD,02,
国际新闻,no,24 Канал,UA,1,,24 Канал (1080p),02,
国际新闻,no,24/7 Canal de Noticias,AR,1,,24/7 Canal de Noticias,02,
国际新闻,no,24KZ,KZ,1,,24KZ (576p),02,
国际新闻,no,30A Georgia Hollywood Review TV,US,1,,30A Georgia Hollywood Review TV (720p),02,
国际新闻,no,360 TV,TR,1,,360 TV (720p) [Not 24/7],02,
国际新闻,no,360° Новости,RU,1,,360° Новости (1080p);360 Новости,02;11,
国际新闻,no,365 News,PK,1,,365 News,02,
国际新闻,no,3CatInfo,ES,1,,3CatInfo (1080p);3/24,02;11,3/24
国际新闻,no,4TV News,IN,1,,4TV News (576p),02,
国际新闻,no,6 TV Telugu,IN,1,,6 TV Telugu (576p),02,
国际新闻,no,7 Info,CI,1,,7 Info,02,
国际新闻,no,7 News,PK,1,,7 News (720p),02,
国际新闻,no,99TV,IN,1,,99TV (720p),02,
国际新闻,no,:24,SK,1,,:24 (1080p),02,
国际新闻,no,A Haber,TR,1,,A Haber (1080p),02,
国际新闻,no,A24,AR,1,,A24 (720p),02,
国际新闻,no,ABC 25 News Central Texas,US,1,,ABC 25 News Central Texas (720p),02,
国际新闻,no,ABN Andhra Jyoti,IN,1,,ABN Andhra Jyoti (720p),02,
国际新闻,no,ABP Ananda,IN,1,,ABP Ananda (1080p);ABP Ananda,02;11,
国际新闻,no,ABP Asmita,IN,1,,ABP Asmita (1080p),02,
国际新闻,no,ABP Ganga,IN,1,,ABP Ganga (1080p),02,
国际新闻,no,ABP Majha,IN,1,,ABP Majha (360p),02,
国际新闻,no,ADN 40,MX,1,,ADN 40 (720p);ADN Noticias,02;11,ADN Noticias
国际新闻,no,AKD Calcutta News,IN,1,,AKD Calcutta News (1080p),02,
国际新闻,no,AL24 News,DZ,1,,AL24 News,02,
国际新闻,no,ALWifak News TV,LB,1,,ALWifak News TV (720p),02,
国际新闻,no,AMX Noticias,MX,1,,AMX Noticias (720p) [Not 24/7],02,
国际新闻,no,ANB News,IN,1,,ANB News (720p),02,
国际新闻,no,ATV+,PE,1,,ATV+ (1080p);ATV+ Noticias,02;11,ATV+ Noticias
国际新闻,no,Aaj Ki Khabar,IN,1,,Aaj Ki Khabar (1080p),02,
国际新闻,no,Aaj Tak,IN,1,,Aaj Tak HD (1080p),02,
国际新闻,no,Abante TV,PH,1,,Abante TV (1080p),02,
国际新闻,no,Acento TV,DO,1,,Acento TV,02,
国际新闻,no,Actualidad 360,ES,1,,Actualidad 360,02,
国际新闻,no,Afghanistan International,UK,1,,Afghanistan International (720p),02,
国际新闻,no,Africa 24,FR,1,,Africa 24 (1080p),02,
国际新闻,no,Africa 24 English,FR,1,,Africa 24 English (1080p),02,
国际新闻,no,Africanews,FR,1,,Africanews (720p),02,
国际新闻,no,Africanews English,FR,1,,Africanews English (720p),02,
国际新闻,no,Africanews French,FR,1,,Africanews French (720p),02,
国际新闻,no,Afrik Info TV,GN,1,,Afrik Info TV,02,
国际新闻,no,AgroMais,BR,1,,AgroMais (720p),02,
国际新闻,no,Aik News,PK,1,,Aik News,02,
国际新闻,no,Al Alam,IR,1,,Al Alam (360p);Al-Alam News Network Ⓢ,02;11,Al-Alam News Network
国际新闻,no,Al Arabiya,AE,1,,Al Arabiya (1080p);Al Arabiya العربية,02;11,Al Arabiya العربية
国际新闻,no,Al Arabiya English,SA,1,,Al Arabiya English (1080p),02,
国际新闻,no,Al Araby TV,QA,1,,Al Araby TV (1080p);Al Araby TV,02;11,
国际新闻,no,Al Araby TV 2,QA,1,,Al Araby TV 2 (1080p),02,
国际新闻,no,Al Ekhbariya,SA,1,,Al Ekhbariya (1080p);Al Ekhbariya,02;11,
国际新闻,no,Al Ghad TV,EG,1,,Al Ghad TV (1080p);Al Ghad TV,02;11,
国际新闻,no,Al Hadath,SA,1,,Al Hadath (1080p),02,
国际新闻,no,Al Hadath العربية,SA,1,,Al Hadath العربية,11,
国际新闻,no,Al Janoub TV,IQ,1,,Al Janoub TV,02,
国际新闻,no,Al Jazeera,QA,1,,Al Jazeera (1080p),02,
国际新闻,no,Al Jazeera Mubasher 24,QA,1,,Al Jazeera Mubasher 24 (1080p),02,
国际新闻,no,Al Jazeera Mubasher Broadcast 2,QA,1,,Al Jazeera Mubasher Broadcast 2 (1080p),02,
国际新闻,no,Al Jazeera العربية,QA,1,,Al Jazeera العربية,11,
国际新闻,no,Al Manar,LB,1,,Al Manar (576p) [Not 24/7];Al Manar,02;11,
国际新闻,no,Al Masar TV,LY,1,,Al Masar TV (576p),02,
国际新闻,no,Al Masirah,YE,1,,Al Masirah (720p) [Not 24/7],02,
国际新闻,no,Al Masirah Mubacher,YE,1,,Al Masirah Mubacher (642p) [Not 24/7],02,
国际新闻,no,Al Mayadeen,LB,1,,Al Mayadeen (576p);Al Mayadeen,02;11,
国际新闻,no,Al Najah News,PS,1,,Al Najah News (720p),02,
国际新闻,no,Al Yaum TV,AE,1,,Al Yaum TV (1080p),02,
国际新闻,no,Al-Sharqiya News,IQ,1,,Al-Sharqiya News (1080p);Al-Sharqiya News,02;11,
国际新闻,no,Alalam News Channel Syria,SY,1,,Alalam News Channel Syria (1080p),02,
国际新闻,no,Aleph News,RO,1,,Aleph News (720p),02,
国际新闻,no,Alert,GR,1,,Alert (576p) [Not 24/7];Alert,02;11,
国际新闻,no,Alikhbaria Syria,SY,1,,Alikhbaria Syria (1080p),02,
国际新闻,no,Almahriah TV,TR,1,,Almahriah TV (576p),02,
国际新闻,no,Altaghier TV,JO,1,,Altaghier TV (1080p),02,
国际新闻,no,AmarUjala,IN,1,,AmarUjala (1080p),02,
国际新闻,no,America's Voice News,US,1,,America's Voice News (720p),02,
国际新闻,no,Amu TV,US,1,,Amu TV,02,
国际新闻,no,Ananda Barta,IN,1,,Ananda Barta (720p),02,
国际新闻,no,Antik Info TV,SK,1,,Antik Info TV (1080p),02,
国际新闻,no,Anwar TV2,IQ,1,,Anwar TV2 (720p),02,
国际新闻,no,Apostrophe TV,UA,1,,Apostrophe TV (1080p),02,
国际新闻,no,Aratu On,BR,1,,Aratu On,02,
国际新闻,no,Argus News,IN,1,,Argus News (576p),02,
国际新闻,no,Arirang Radio,KR,1,,Arirang Radio (720p),02,
国际新闻,no,Arirang TV UN,KR,1,,Arirang TV UN (1080p),02,
国际新闻,no,Army TV,UA,1,,Army TV (1080p);Армія ТБ,02;11,Армія ТБ
国际新闻,no,Asharq News,SA,1,,Asharq News (1080p),02,
国际新闻,no,Asharq Radio,SA,1,,Asharq Radio (1080p),02,
国际新闻,no,Asian News,IN,1,,Asian News (1080p),02,
国际新闻,no,Asianet Suvarna News,IN,1,,Asianet Suvarna News (1080p) [Not 24/7],02,
国际新闻,no,Asom Live 24,IN,1,,Asom Live 24 (576p),02,
国际新闻,no,Assam Talks,IN,1,,Assam Talks (576p),02,
国际新闻,no,Astra TV,GR,1,,Astra TV (1080p);Astra,02;11,Astra
国际新闻,no,Atacama Noticias,CL,1,,Atacama Noticias (720p) [Not 24/7],02,
国际新闻,no,Awaaz India TV,IN,1,,Awaaz India TV (720p) [Not 24/7],02,
国际新闻,no,B1,RO,1,,B1,02,
国际新闻,no,BEK TV News,US,1,,BEK TV News (720p),02,
国际新闻,no,BFM2,FR,1,,BFM2 (1080p),02,
国际新闻,no,BIG TV,IN,1,,BIG TV (720p),02,
国际新闻,no,BM&C News,BR,1,,BM&C News (720p),02,
国际新闻,no,BRK News,IN,1,,BRK News (720p),02,
国际新闻,no,BT TV,IN,1,,BT TV (720p),02,
国际新闻,no,Baku.TV,AZ,1,,Baku.TV;Baku TV,02;11,
国际新闻,no,Bansal News,IN,1,,Bansal News (720p),02,
国际新闻,no,Baraka Television,CD,1,,Baraka Television (720p) [Not 24/7],02,
国际新闻,no,Bharat Express,IN,1,,Bharat Express (576p),02,
国际新闻,no,Bharat Samachar,IN,1,,Bharat Samachar (576p),02,
国际新闻,no,Bharat24,IN,1,,Bharat24 (720p),02,
国际新闻,no,Big TV 24x7,IN,1,,Big TV 24x7 (576i),02,
国际新闻,no,Bilyonaryo News Channel,PH,1,,Bilyonaryo News Channel (1080p) [Geo-blocked],02,
国际新闻,no,Black News Channel,US,1,,Black News Channel (1080p),02,
国际新闻,no,Blaze Live,US,1,,Blaze Live (720p),02,
国际新闻,no,Bloomberg HT,,1,,Bloomberg HT HD,26,
国际新闻,no,Brian TV,LA,1,,Brian TV (720p) [Not 24/7],02,
国际新闻,no,Buendia TV,HN,1,,Buendia TV,02,
国际新闻,no,Bursa AS TV,TR,1,,Bursa AS TV (900p),02,
国际新闻,no,CBN News Channel,US,1,,CBN News Channel (1080p),02,
国际新闻,no,CBS News Baltimore,US,1,,CBS News Baltimore (720p),02,
国际新闻,no,CBS News Miami,US,1,,CBS News Miami (720p),02,
国际新闻,no,CBS News Sacramento,US,1,,CBS News Sacramento (720p),02,
国际新闻,no,CBS News – Pluto TV,,1,,CBS News – Pluto TV,11,
国际新闻,no,CNA (DZ),DZ,1,,CNA (360p) [Not 24/7],02,
国际新闻,no,CNBC (US),US,1,,CNBC (720p),02,
国际新闻,no,CNBC Bajar,IN,1,,CNBC Bajar (1080p),02,
国际新闻,no,CNBC Mongolia,MN,1,,CNBC Mongolia (720p),02,
国际新闻,no,CNN Prima News,CZ,1,,CNN Prima News (1080p),02,
国际新闻,no,CP24,CA,1,,CP24 (720p),02,
国际新闻,no,CRTV News,CM,1,,CRTV News,02,
国际新闻,no,CVR English,IN,1,,CVR English (720p),02,
国际新闻,no,Canal 1 Mar Menor-Torre Pacheco,ES,1,,Canal 1 Mar Menor-Torre Pacheco (1080p),02,
国际新闻,no,Canal 26,AR,1,,Canal 26 (1080p);Canal 26,02;11,
国际新闻,no,Canal 33 Tijuana,MX,1,,Canal 33 Tijuana (720p),02,
国际新闻,no,Canal 38,BR,1,,Canal 38 (720p),02,
国际新闻,no,Canal E,AR,1,,Canal E (720p),02,
国际新闻,no,Canal I,VE,1,,Canal I (1080p),02,
国际新闻,no,Canal N,PE,1,,Canal N (576p),02,
国际新闻,no,Canal PyC,CO,1,,Canal PyC (720p),02,
国际新闻,no,Canal Sur Noticias,ES,1,,Canal Sur Noticias,02,
国际新闻,no,Canal TDC,AR,1,,Canal TDC,02,
国际新闻,no,Capital TV (PK),PK,1,,Capital TV,02,
国际新闻,no,Carivision,DO,1,,Carivision (1080p) [Geo-blocked],02,
国际新闻,no,Catamarca TV,AR,1,,Catamarca TV (720p),02,
国际新闻,no,Channel 5 (UA),UA,1,,Channel 5 (1080p),02,
国际新闻,no,Channel 9,IL,1,,Channel 9 (1080p),02,
国际新闻,no,Channel One,US,1,,Channel One,02,
国际新闻,no,Chardikla Gurbaani TV,IN,1,,Chardikla Gurbaani TV (1080p),02,
国际新闻,no,Chardikla Time TV,IN,1,,Chardikla Time TV (1080p),02,
国际新闻,no,Chardikla Time TV North America,IN,1,,Chardikla Time TV North America (1080p),02,
国际新闻,no,Cheddar News,US,1,,Cheddar News (1080p);Cheddar;Cheddar News,02;11,Cheddar
国际新闻,no,Cherniveckiy promin,UA,1,,Cherniveckiy promin (720p),02,
国际新闻,no,Chifeng Comprehensive News Chanel,CN,1,,Chifeng Comprehensive News Chanel,02,
国际新闻,no,Chuxiong News Channel,CN,1,,Chuxiong News Channel [Not 24/7],02,
国际新闻,no,Citrico TV,DO,1,,Citrico TV (480p) [Not 24/7],02,
国际新闻,no,CityNews Calgary,CA,1,,CityNews Calgary (720p),02,
国际新闻,no,CityNews Edmonton,CA,1,,CityNews Edmonton,02,
国际新闻,no,CityNews Toronto,CA,1,,CityNews Toronto (720p),02,
国际新闻,no,CityNews Vancouver,CA,1,,CityNews Vancouver (720p),02,
国际新闻,no,Cnews Bharat,IN,1,,Cnews Bharat (720p),02,
国际新闻,no,Conecta2TV,PE,1,,Conecta2TV (720p) [Not 24/7],02,
国际新闻,no,Contivision,CL,1,,Contivision (720p),02,
国际新闻,no,Corfu Channel,GR,1,,Corfu Channel (720p);Corfu,02;11,Corfu
国际新闻,no,Cusano News 7,IT,1,,Cusano News 7,11,
国际新闻,no,DD Mizoram,IN,1,,DD Mizoram (504p),02,
国际新闻,no,DHA,TR,1,,DHA (720p) [Not 24/7],02,
国际新闻,no,DW Arabic,DE,1,,DW Arabic (1080p),02,
国际新闻,no,DW Russian,DE,1,,DW Russian (1080p),02,
国际新闻,no,DW العربية,DE,1,,DW العربية,11,
国际新闻,no,Dabanga TV,SD,1,,Dabanga TV (1080p),02,
国际新闻,no,De Ultimo Minuto TV,DO,1,,De Ultimo Minuto TV,02,
国际新闻,no,Di TV,SE,1,,Di TV (1080p);Di TV,02;11,
国际新闻,no,Didgah TV,US,1,,Didgah TV (576p),02,
国际新闻,no,Digi 24,RO,1,,Digi 24 (720p),02,
国际新闻,no,Dijlah TV,IQ,1,,Dijlah TV (1080p);Dijlah TV,02;11,
国际新闻,no,Dong Nai TV 1,VN,1,,Dong Nai TV 1 (720p),02,
国际新闻,no,Dotto TV,RO,1,,Dotto TV (1080p),02,
国际新闻,no,Dunya News,,1,,Dunya News,14,
国际新闻,no,Dunya News (INT Feed),PK,1,,Dunya News (INT Feed) (720p) [Not 24/7],02,
国际新闻,no,Dunya News (UK Feed),UK,1,,Dunya News (UK Feed) (720p) [Not 24/7],02,
国际新闻,no,E! Latin America Mexico,US,1,,E! Latin America Mexico (720p),02,
国际新闻,no,EAC News TV,KH,1,,EAC News TV,02,
国际新闻,no,ERT News,GR,1,,ERT News HD (1080p),02,
国际新闻,no,ETV News,IN,1,,ETV News (1080p),02,
国际新闻,no,Eagle News,MN,1,,Eagle News HD,11,
国际新闻,no,Ecotel TV,EC,1,,Ecotel TV (720p),02,
国际新闻,no,Egnatia TV,GR,1,,Egnatia TV (576p),02,
国际新闻,no,Ekamra Bharat Odia,IN,1,,Ekamra Bharat Odia (400p),02,
国际新闻,no,Ekoturk,TR,1,,Ekoturk (720p),02,
国际新闻,no,Ekushey TV,BD,1,,Ekushey TV (480p),02,
国际新闻,no,El Centro TV,CL,1,,El Centro TV (720p),02,
国际新闻,no,El Nuevo Diario TV,DO,1,,El Nuevo Diario TV (480p),02,
国际新闻,no,Entertainment Tonight,US,1,,Entertainment Tonight (1080p),02,
国际新闻,no,Espace TV,GN,1,,Espace TV (1080p),02,
国际新闻,no,Espreso TV,UA,1,,Espreso TV (1080p),02,
国际新闻,no,Estrella News,US,1,,Estrella News (1080p),02,
国际新闻,no,Etna Espresso Channel,IT,1,,Etna Espresso Channel (720p);Etna Espresso Channel,02;11,
国际新闻,no,Euro TV (GR),GR,1,,Euro TV (432p),02,
国际新闻,no,Euronews,FR,1,,Euronews (720p),02,
国际新闻,no,Euronews English (PL),PL,1,,Euronews (720p),02,
国际新闻,no,Euronews French,FR,1,,Euronews French (720p),02,
国际新闻,no,Euronews Georgia,GE,1,,Euronews Georgia;Euronews Georgia Ⓖ,02;11,
国际新闻,no,Euronews Greek,FR,1,,Euronews Greek (720p),02,
国际新闻,no,Euronews Hungarian,FR,1,,Euronews Hungarian (720p),02,
国际新闻,no,Euronews Italian,FR,1,,Euronews Italian (720p),02,
国际新闻,no,Euronews Portuguese,FR,1,,Euronews Portuguese (720p),02,
国际新闻,no,Euronews Romania,RO,1,,Euronews Romania,02,
国际新闻,no,Euronews Russian,FR,1,,Euronews Russian (720p),02,
国际新闻,no,Euronews in diretta,FR,1,,Euronews in diretta;Euronews – Pluto TV,11,Euronews – Pluto TV
国际新闻,no,Exitosa TV,PE,1,,Exitosa TV (1080p);Exitosa (ex-Karibeña),02;11,Exitosa (ex-Karibeña)
国际新闻,no,Expressen TV,SE,1,,Expressen TV (1080p);Expressen TV,02;11,
国际新闻,no,Extra ProNews,GR,1,,Extra ProNews (576p),02,
国际新闻,no,FREEDOM,UA,1,,FREEDOM (1080p),02,
国际新闻,no,Filinfo TV,BF,1,,Filinfo TV (1080p),02,
国际新闻,no,Finans Turk TV,TR,1,,Finans Turk TV (720p),02,
国际新闻,no,First Channel News,AM,1,,First Channel News (1080p),02,
国际新闻,no,First India News,IN,1,,First India News (576p),02,
国际新闻,no,Flash Haber TV,TR,1,,Flash Haber TV,02,
国际新闻,no,For You TV,CM,1,,For You TV,02,
国际新闻,no,Formula,GE,1,,Formula (1080p);Formula,02;11,
国际新闻,no,Fox News Radio,US,1,,Fox News Radio (720p),02,
国际新闻,no,France 24 Arabic,FR,1,,France 24 Arabic (1080p),02,
国际新闻,no,France 24 Español,FR,1,,France 24 Español (1080p);France 24 Español,02;11,
国际新闻,no,France 24 French,FR,1,,France 24 French (1080p),02,
国际新闻,no,Free Speech TV,US,1,,Free Speech TV (720p),02,
国际新闻,no,Fresh News,KH,1,,Fresh News,02,
国际新闻,no,FuegoTV (PE),PE,1,,FuegoTV (1080p),02,
国际新闻,no,Giornale Radio TV,IT,1,,Giornale Radio TV (720p);Giornale Radio Tv,02;11,
国际新闻,no,Global News Saskatoon,CA,1,,Global News Saskatoon,11,
国际新闻,no,Global News Winnipeg,CA,1,,Global News Winnipeg,11,
国际新闻,no,Global Punjab,IN,1,,Global Punjab (1080p),02,
国际新闻,no,Good News Today,IN,1,,Good News Today (720p),02,
国际新闻,no,GoodNews TV,IN,1,,GoodNews TV (720p),02,
国际新闻,no,Guarantee News,IN,1,,Guarantee News (1080p),02,
国际新闻,no,Guardian Talk Radio,BS,1,,Guardian Talk Radio (1080p),02,
国际新闻,no,Guatevision,GT,1,,Guatevision (720p),02,
国际新闻,no,Gugbang TV,KR,1,,Gugbang TV (1080p) [Not 24/7];국방国防TV,02;14,국방国防TV
国际新闻,no,Gujarat First,IN,1,,Gujarat First (576p),02,
国际新闻,no,Guneydogu TV,TR,1,,Guneydogu TV (720p),02,
国际新闻,no,HCH,HN,1,,HCH (720p),02,
国际新闻,no,HMI PROMZ NEWS,US,1,,HMI PROMZ NEWS (720p),02,
国际新闻,no,HMTV,IN,1,,HMTV (720p),02,
国际新闻,no,HNN 24x7,IN,1,,HNN 24x7 (576p),02,
国际新闻,no,HTV9,VN,1,,HTV9 (720p),02,
国际新闻,no,Haber Global,TR,1,,Haber Global (720p) [Not 24/7],02,
国际新闻,no,Habertürk TV,TR,1,,Habertürk TV (720p) [Not 24/7],02,
国际新闻,no,Haiti News Channel,HT,1,,Haiti News Channel (1080p) [Not 24/7],02,
国际新闻,no,Halab Today TV,SY,1,,Halab Today TV (1080p),02,
国际新闻,no,Halk TV,TR,1,,Halk TV (1080p),02,
国际新闻,no,Hamdard TV,CA,1,,Hamdard TV (1080p),02,
国际新闻,no,Harbin Comprehensive News Channel,CN,1,,Harbin Comprehensive News Channel,02,
国际新闻,no,Hermanas Mirabal TV,DO,1,,Hermanas Mirabal TV (720p) [Not 24/7],02,
国际新闻,no,High News,IN,1,,High News (480p),02,
国际新闻,no,Hindi Khabar,IN,1,,Hindi Khabar (576p),02,
国际新闻,no,Hornbill TV,IN,1,,Hornbill TV (576p),02,
国际新闻,no,I24 News Hebrew,IL,1,,I24 News Hebrew (1080p),02,
国际新闻,no,IBC 24,IN,1,,IBC 24 (576p),02,
国际新闻,no,ICI RDI,CA,1,,ICI RDI (720p);ICI RDI;「CA」 CA,02;11;14,CA
国际新闻,no,ICN Digital,HN,1,,ICN Digital,02,
国际新闻,no,INH 24x7,IN,1,,INH 24x7 (396p),02,
国际新闻,no,INews,IN,1,,INews (720p),02,
国际新闻,no,IRINN,IR,1,,IRINN (576p);IRINN,02;11,
国际新闻,no,IRINN2 Live Farsi News,IR,1,,IRINN2 Live Farsi News,02,
国际新闻,no,Ind 24,IN,1,,Ind 24 (576p),02,
国际新闻,no,India Daily Live,IN,1,,India Daily Live (1080p),02,
国际新闻,no,India TV,IN,1,,India TV (720p),02,
国际新闻,no,India TV Speed News,IN,1,,India TV Speed News (1080p),02,
国际新闻,no,India Voice,IN,1,,India Voice (576p),02,
国际新闻,no,Indywood TV,IN,1,,Indywood TV (720p),02,
国际新闻,no,Informatia TV,RO,1,,Informatia TV,02,
国际新闻,no,Iran International,UK,1,,Iran International (1080p),02,
国际新闻,no,Iran Press,IR,1,,Iran Press,02,
国际新闻,no,IraneFarda TV,UK,1,,IraneFarda TV,02,
国际新闻,no,J3NEWS TV,BR,1,,J3NEWS TV,02,
国际新闻,no,JK 24x7 News,IN,1,,JK 24x7 News (720p) [Not 24/7],02,
国际新闻,no,Jai Maharashtra,IN,1,,Jai Maharashtra (576p),02,
国际新闻,no,Janam TV,IN,1,,Janam TV (576p),02,
国际新闻,no,Janta TV,IN,1,,Janta TV (1080p),02,
国际新闻,no,Jantantra TV,IN,1,,Jantantra TV (576p),02,
国际新闻,no,Jovem Pan News,BR,1,,Jovem Pan News (720p),02,
国际新闻,no,K News India,IN,1,,K News India (720p),02,
国际新闻,no,KITV 4 Island News,US,1,,KITV 4 Island News (720p),02,
国际新闻,no,KPVM Newsmax 2,US,1,,KPVM Newsmax 2,02,
国际新闻,no,KTN News,PK,1,,KTN News (360p),02,
国际新闻,no,KTV 2,KW,1,,KTV 2 (1080p),02,
国际新闻,no,KTV News,KW,1,,KTV News (1080p),02,
国际新闻,no,Kairali News,IN,1,,Kairali News (720p),02,
国际新闻,no,Kalinga TV,IN,1,,Kalinga TV (720p),02,
国际新闻,no,Kapaz TV,AZ,1,,Kapaz TV,02,
国际新闻,no,Kashish News,IN,1,,Kashish News (720p),02,
国际新闻,no,Khabar Fast,IN,1,,Khabar Fast (576p),02,
国际新闻,no,Khabrain Abhi Tak,IN,1,,Khabrain Abhi Tak (576p),02,
国际新闻,no,Korea TV,KR,1,,Korea TV (1080p);Korea TV,02;14,
国际新闻,no,Kurdistan 24,IQ,1,,Kurdistan 24 (1080p),02,
国际新闻,no,Kurdsat News,IQ,1,,Kurdsat News (1080p),02,
国际新闻,no,Kyiv,UA,1,,Kyiv (1080p),02,
国际新闻,no,L'altro Corriere TV,IT,1,,L'altro Corriere TV,02,
国际新闻,no,LN24SA,ZA,1,,LN24SA (1080p),02,
国际新闻,no,LaC News 24,IT,1,,LaC News 24 (720p);LaC News 24,02;11,
国际新闻,no,Lahore News,PK,1,,Lahore News (720p) [Not 24/7],02,
国际新闻,no,Lanzhou Comprehensive News Channel,CN,1,,Lanzhou Comprehensive News Channel,02,
国际新闻,no,Latina Noticias 24/7,PE,1,,Latina Noticias 24/7 (1080p),02,
国际新闻,no,Life TV (TR),TR,1,,Life TV (720p) [Not 24/7],02,
国际新闻,no,Lingkar TV,ID,1,,Lingkar TV,02,
国际新闻,no,Linieros TV,DO,1,,Linieros TV (480p) [Not 24/7],02,
国际新闻,no,Lira TV (IT),IT,1,,Lira TV;Lira Tv,02;11,
国际新闻,no,Live India,IN,1,,Live India (576p),02,
国际新闻,no,Live Times,IN,1,,Live Times (720p),02,
国际新闻,no,LiveNOW from FOX,US,1,,LiveNOW from FOX (720p);FOX Live Now;LiveNOW from FOX,02;11,FOX Live Now
国际新闻,no,M95 Televisión Marbella,ES,1,,M95 Televisión Marbella (1080p) [Not 24/7],02,
国际新闻,no,MKN Marathi,IN,1,,MKN Marathi (576p),02,
国际新闻,no,MRTV News,MM,1,,MRTV News,02,
国际新闻,no,MTV Uutiset,FI,1,,MTV Uutiset (720p);MTV Uutiset Live,02;11,MTV Uutiset Live
国际新闻,no,Ma'an TV,PS,1,,Ma'an TV (720p),02,
国际新闻,no,Madhimugam TV,IN,1,,Madhimugam TV (576p),02,
国际新闻,no,Mahaa News,IN,1,,Mahaa News (576p),02,
国际新闻,no,Makan 33,IL,1,,Makan 33 (1080p);مكان 33,02;11,مكان 33
国际新闻,no,Malai Murasu TV,IN,1,,Malai Murasu TV (576p),02,
国际新闻,no,Manorama News,IN,1,,Manorama News (1080p),02,
国际新闻,no,Mathrubhumi News,IN,1,,Mathrubhumi News (576p),02,
国际新闻,no,Medi 1 TV Arabic,MA,1,,Medi 1 TV Arabic (1080p),02,
国际新闻,no,Medi 1 TV Maghreb,MA,1,,Medi 1 TV Maghreb (1080p),02,
国际新闻,no,Medi1TV Afrique,MA,1,,Medi1TV Afrique (1080p),02,
国际新闻,no,MediBizTV,IN,1,,MediBizTV (720p),02,
国际新闻,no,Media One,IN,1,,Media One (720p),02,
国际新闻,no,Mega News,GR,1,,Mega News,11,
国际新闻,no,Mega TV,PY,1,,Mega TV (1080p),02,
国际新闻,no,Mercurio Noticias,AR,1,,Mercurio Noticias,02,
国际新闻,no,Meteonews,CH,1,,Meteonews (1080p),02,
国际新闻,no,Metro TV (ID),ID,1,,Metro TV,02,
国际新闻,no,Mh 1 News,IN,1,,Mh 1 News (576p),02,
国际新闻,no,Mihan TV,IR,1,,Mihan TV,02,
国际新闻,no,Milenio Televisión,MX,1,,Milenio Televisión (720p),02,
国际新闻,no,Miracle TV (SE),SE,1,,Miracle TV (1080p),02,
国际新闻,no,Mirror Now,IN,1,,Mirror Now (720p),02,
国际新闻,no,Mojo TV,IN,1,,Mojo TV (576p),02,
国际新闻,no,Momento24,CO,1,,Momento24,02,
国际新闻,no,Monaco Info,MC,1,,Monaco Info (1080p);MonacoInfo,02;11,
国际新闻,no,Moon TV,IN,1,,Moon TV (576p),02,
国际新闻,no,Munsif TV,IN,1,,Munsif TV (576p),02,
国际新闻,no,My-Ukraina TV,UA,1,,My-Ukraina TV (1080p),02,
国际新闻,no,NBC 5 Chicago Live News,US,1,,NBC 5 Chicago Live News (1080p),02,
国际新闻,no,NCTV,CL,1,,NCTV (1080p),02,
国际新闻,no,NDTV Madhya Pradesh Chhattisgarh,IN,1,,NDTV Madhya Pradesh Chhattisgarh (1080p),02,
国际新闻,no,NDTV Marathi,IN,1,,NDTV Marathi (1080p),02,
国际新闻,no,NDTV Rajasthan,IN,1,,NDTV Rajasthan (1080p),02,
国际新闻,no,NE News,IN,1,,NE News (576p),02,
国际新闻,no,NH Niews,NL,1,,NH Niews (1080p),02,
国际新闻,no,NK TV 24x7,IN,1,,NK TV 24x7 (1080p),02,
国际新闻,no,NK TV Bangla,IN,1,,NK TV Bangla (1080p),02,
国际新闻,no,NOW News Arabic,US,1,,NOW News Arabic (720p),02,
国际新闻,no,NOW News Global,US,1,,NOW News Global (720p),02,
国际新闻,no,NOW News Spanish,US,1,,NOW News Spanish (1080p),02,
国际新闻,no,NOW News USA,US,1,,NOW News USA (1080p),02,
国际新闻,no,NPY,PY,1,,NPY (1080p),02,
国际新闻,no,NTD TV English,US,1,,NTD TV English (1080p),02,
国际新闻,no,NTD TV English UK,US,1,,NTD TV English UK (1080p),02,
国际新闻,no,NTN24,CO,1,,NTN24 (576p),02,
国际新闻,no,NTV Telugu,IN,1,,NTV Telugu (1080p),02,
国际新闻,no,NW Info 2 EN,TG,1,,NW Info 2 EN (576p),02,
国际新闻,no,NW Info FR,TG,1,,NW Info FR (576p),02,
国际新闻,no,Naftemporiki TV,GR,1,,Naftemporiki TV (1080p);Naftemporiki TV,02;11,
国际新闻,no,Nanduti,PY,1,,Nanduti (1080p),02,
国际新闻,no,Nation TV,TH,1,,Nation TV,02,
国际新闻,no,National Iranian Congress TV,US,1,,National Iranian Congress TV,02,
国际新闻,no,News 1 India,IN,1,,News 1 India (576p),02,
国际新闻,no,News 11,IN,1,,News 11 (576p),02,
国际新闻,no,News 12 New York,US,1,,News 12 New York (1080p),02,
国际新闻,no,News 1st,IN,1,,News 1st (576p),02,
国际新闻,no,News 21 Bangla TV,BD,1,,News 21 Bangla TV,02,
国际新闻,no,News 24 (AL),AL,1,,News 24 Ⓢ,11,
国际新闻,no,News 24 (IN),IN,1,,News 24 (720p),02,
国际新闻,no,News 24 Albania,AL,1,,News 24 Albania (392p),02,
国际新闻,no,News 24 MP & Chhattisgarh,IN,1,,News 24 MP & Chhattisgarh (576p),02,
国际新闻,no,News 7 Tamil,IN,1,,News 7 Tamil (576p),02,
国际新闻,no,News Central,NG,1,,News Central,02;11,
国际新闻,no,News Daily 24,IN,1,,News Daily 24 (576p),02,
国际新闻,no,News India 24x7,IN,1,,News India 24x7,02,
国际新闻,no,News J,IN,1,,News J (720p) [Not 24/7],02,
国际新闻,no,News Live,IN,1,,News Live (576p),02,
国际新闻,no,News Live Bangla,IN,1,,News Live Bangla (576p),02,
国际新闻,no,News Nation,IN,1,,News Nation (1080p),02,
国际新闻,no,News One,PK,1,,News One (720p),02,
国际新闻,no,News Tamil 24x7,IN,1,,News Tamil 24x7 (576p),02,
国际新闻,no,News1,TH,1,,News1,02,
国际新闻,no,News18 Assam North-East,IN,1,,News18 Assam North-East (1080p),02,
国际新闻,no,News18 Bangla,IN,1,,News18 Bangla (1080p),02,
国际新闻,no,News18 Bihar Jharkhand,IN,1,,News18 Bihar Jharkhand (1080p),02,
国际新闻,no,News18 Delhi NCR JK,IN,1,,News18 Delhi NCR JK (1080p),02,
国际新闻,no,News18 Gujarati,IN,1,,News18 Gujarati (1080p),02,
国际新闻,no,News18 India,IN,1,,News18 India (1080p),02,
国际新闻,no,News18 Kannada,IN,1,,News18 Kannada (1080p),02,
国际新闻,no,News18 Kerala,IN,1,,News18 Kerala (1080p),02,
国际新闻,no,News18 Madhya Pradesh/Chhattisgarh,IN,1,,News18 Madhya Pradesh/Chhattisgarh (1080p),02,
国际新闻,no,News18 Marathi,IN,1,,News18 Marathi (1080p),02,
国际新闻,no,News18 Odia,IN,1,,News18 Odia (1080p),02,
国际新闻,no,News18 Punjab/Haryana/Himachal,IN,1,,News18 Punjab/Haryana/Himachal (1080p),02,
国际新闻,no,News18 Rajasthan,IN,1,,News18 Rajasthan (1080p),02,
国际新闻,no,News18 Tamil Nadu,IN,1,,News18 Tamil Nadu (1080p),02,
国际新闻,no,News18 Urdu,IN,1,,News18 Urdu (1080p),02,
国际新闻,no,News18 Uttar Pradesh Uttarakhand,IN,1,,News18 Uttar Pradesh Uttarakhand (1080p),02,
国际新闻,no,News24 (AU),AU,1,,News24 (1080p),02,
国际新闻,no,News9Live,IN,1,,News9Live (1080p),02,
国际新闻,no,NewsX,IN,1,,NewsX (576p),02,
国际新闻,no,NewsX World,IN,1,,NewsX World (576p),02,
国际新闻,no,Newsmax 2,US,1,,Newsmax 2 (1080p),02,
国际新闻,no,Newsmax Spanish,US,1,,Newsmax Spanish (1080p),02,
国际新闻,no,Newsy,US,1,,Newsy (1080p),02,
国际新闻,no,Nopola News,FI,1,,Nopola News (1080p) [Not 24/7];Nopola News,02;11,
国际新闻,no,Norte Informativo TV,CR,1,,Norte Informativo TV (240p),02,
国际新闻,no,Northeast Live,IN,1,,Northeast Live (720p),02,
国际新闻,no,Noticiero 90 Minutos,CO,1,,Noticiero 90 Minutos (1080p),02,
国际新闻,no,NowMedia Television,US,1,,NowMedia Television (1080p),02,
国际新闻,no,NowMedia Television Spanish,US,1,,NowMedia Television Spanish (1080p),02,
国际新闻,no,O'zbekiston 24,UZ,1,,O'zbekiston 24 (1080p),02,
国际新闻,no,OAN Plus KPVM-LD,US,1,,OAN Plus KPVM-LD,02,
国际新闻,no,OANPlus,US,1,,OANPlus (1080p),02,
国际新闻,no,Obozrevatel TV,UA,1,,Obozrevatel TV,02,
国际新闻,no,Observator News,RO,1,,Observator News (360p),02,
国际新闻,no,Olay Türk TV Kayseri,TR,1,,Olay Türk TV Kayseri (720p) [Geo-blocked],02,
国际新闻,no,Oman Mubashir,OM,1,,Oman Mubashir (1080p),02,
国际新闻,no,Onda 15 TV,ES,1,,Onda 15 TV (224p),02,
国际新闻,no,Onda Valencia,ES,1,,Onda Valencia (720p),02,
国际新闻,no,One America News Network,US,1,,One America News Network (720p),02,
国际新闻,no,Only Bharat,IN,1,,Only Bharat (576p),02,
国际新闻,no,Ora News,AL,1,,Ora News (720p);Ora News,02;11,
国际新闻,no,Ost West,DE,1,,Ost West (576p),02,
国际新闻,no,Ost West 24,DE,1,,Ost West 24 (1080p),02,
国际新闻,no,PBO,PE,1,,PBO (1080p),02,
国际新闻,no,PRO TV Chisinau,MD,1,,PRO TV Chisinau (480p),02,
国际新闻,no,PSN,MX,1,,PSN (288p),02,
国际新闻,no,PSN Canal 45.2,MX,1,,PSN Canal 45.2 (288p),02,
国际新闻,no,PTV (UA),UA,1,,PTV (720p),02,
国际新闻,no,Palestine Al Yawm,LB,1,,Palestine Al Yawm (720p),02,
国际新闻,no,Palestine Today,PS,1,,Palestine Today (480p) [Geo-blocked],02,
国际新闻,no,Palitra News,GE,1,,Palitra News (480p) [Not 24/7],02,
国际新闻,no,Panafrican Media TV,CM,1,,Panafrican Media TV (480p),02,
国际新闻,no,Panorama TV,AL,1,,Panorama TV,02,
国际新闻,no,Payam TV,IQ,1,,Payam TV (1080p),02,
国际新闻,no,Payvand TV (US),US,1,,Payvand TV (720p),02,
国际新闻,no,Perviy Informationniy,BY,1,,Perviy Informationniy HD (1080p);Первый Информацыйнный,02;11,Первый Информацыйнный
国际新闻,no,Plena TV,BR,1,,Plena TV (720p),02,
国际新闻,no,Pluto TV Record News,US,1,,Pluto TV Record News (720p),02,
国际新闻,no,Polimer News,IN,1,,Polimer News (576p),02,
国际新闻,no,Power TV (IN),IN,1,,Power TV (576p),02,
国际新闻,no,Prag News,IN,1,,Prag News (576p),02,
国际新闻,no,Prameya News7,IN,1,,Prameya News7 (576p),02,
国际新闻,no,Pratham Khabar 24x7,IN,1,,Pratham Khabar 24x7 (576p),02,
国际新闻,no,Pratidin Time,IN,1,,Pratidin Time (576p),02,
国际新闻,no,Prensa Latina TV,CU,1,,Prensa Latina TV (1080p),02,
国际新闻,no,Press TV,IR,1,,Press TV (720p),02,
国际新闻,no,Prima News,RO,1,,Prima News,02,
国际新闻,no,Pro TV News,RO,1,,Pro TV News (1080p);Pro TV,02;11,Pro TV
国际新闻,no,Probashi TV News,CA,1,,Probashi TV News (1080p),02,
国际新闻,no,Prudent Media,IN,1,,Prudent Media (1080p),02,
国际新闻,no,Public TV,IN,1,,Public TV (720p),02,
国际新闻,no,Pudhari News,IN,1,,Pudhari News (576p),02,
国际新闻,no,Puranoticia TV,CL,1,,Puranoticia TV (720p),02,
国际新闻,no,Puthiya Thalaimurai,IN,1,,Puthiya Thalaimurai (576p),02,
国际新闻,no,QBC,QA,1,,QBC (1080p),02,
国际新闻,no,QTV-1,CN,1,,QTV-1,02,
国际新闻,no,Qosqo Times,PE,1,,Qosqo Times (720p),02,
国际新闻,no,Quantica TV,AR,1,,Quantica TV,02,
国际新闻,no,RCN Noticias,CO,1,,RCN Noticias (720p),02,
国际新闻,no,RCV TV,HN,1,,RCV TV (712p),02,
国际新闻,no,RDN,DO,1,,RDN (1080p) [Not 24/7],02,
国际新闻,no,RDX Goa,IN,1,,RDX Goa (720p) [Geo-blocked],02,
国际新闻,no,RNN,DO,1,,RNN (720p) [Not 24/7],02,
国际新闻,no,RNN DOS,DO,1,,RNN DOS (720p) [Not 24/7],02,
国际新闻,no,RPP TV,PE,1,,RPP TV (1080p),02,
国际新闻,no,RT Arabic,RU,1,,RT Arabic (1080p) [Geo-blocked];RT العربية,02;11,RT العربية
国际新闻,no,RT Balkan,RU,1,,RT Balkan (1080p),02,
国际新闻,no,RT Español,RU,1,,RT Español Ⓖ,11,
国际新闻,no,RT India,IN,1,,RT India (1080p),02,
国际新闻,no,RT en Espanol,RU,1,,RT en Espanol (1080p),02,
国际新闻,no,RTE News,IE,1,,RTE News,11,
国际新闻,no,RTU,EC,1,,RTU (1080p),02,
国际新闻,no,Radio Ancón,PA,1,,Radio Ancón (720p),02,
国际新闻,no,Radio Capital TiVu,IT,1,,Radio Capital TiVu (720p),02,
国际新闻,no,Rai News 24,IT,1,,Rai News 24 HD (1080p);Rai News 24,02;11,
国际新闻,no,Raj News Kannada,IN,1,,Raj News Kannada (576p),02,
国际新闻,no,Raj News Malayalam,IN,1,,Raj News Malayalam (576p),02,
国际新闻,no,Raj News Telugu,IN,1,,Raj News Telugu (576p),02,
国际新闻,no,Real News Kerala,IN,1,,Real News Kerala (1080p) [Not 24/7],02,
国际新闻,no,Red TV Lebanon,LB,1,,Red TV Lebanon (1080p),02,
国际新闻,no,Red+,CO,1,,Red+ (1080p),02,
国际新闻,no,Reporter TV,IN,1,,Reporter TV (576p),02,
国际新闻,no,Republic Bangla,IN,1,,Republic Bangla (1080p),02,
国际新闻,no,Rlive TV,MD,1,,Rlive TV (406p),02,
国际新闻,no,Rozana Spokesman,IN,1,,Rozana Spokesman (1080p),02,
国际新闻,no,Rudaw TV,IQ,1,,Rudaw TV (1080p),02,
国际新闻,no,Russia Today,RU,1,,Russia Today Ⓖ;RT News,11;14,RT News
国际新闻,no,Russia-24,RU,1,,Russia-24 HD (1080p),02,
国际新闻,no,SABC Lehae,ZA,1,,SABC Lehae [Geo-blocked],02,
国际新闻,no,SABC News (GH),GH,1,,SABC News,11,
国际新闻,no,SABC News (ZA),ZA,1,,SABC News (720p) [Geo-blocked],02,
国际新闻,no,SBS WorldWatch,AU,1,,SBS WorldWatch,02,
国际新闻,no,SC Currents,US,1,,SC Currents,02,
国际新闻,no,SK 1,UA,1,,SK 1 (720p),02,
国际新闻,no,STZ TV,BR,1,,STZ TV (1080p),02,
国际新闻,no,Sach Bedhadak,IN,1,,Sach Bedhadak (576p),02,
国际新闻,no,Sadhna News Madhya Pradesh/Chhattisgarh,IN,1,,Sadhna News Madhya Pradesh/Chhattisgarh (576p),02,
国际新闻,no,Sadhna Plus News,IN,1,,Sadhna Plus News (720p),02,
国际新闻,no,Sakshi TV,IN,1,,Sakshi TV (576p),02,
国际新闻,no,Salaam TV,IN,1,,Salaam TV (720p),02,
国际新闻,no,Salem News Channel,US,1,,Salem News Channel (1080p),02,
国际新闻,no,Samachar Plus 24x7,IN,1,,Samachar Plus 24x7 (576p),02,
国际新闻,no,Samay Kolkata,IN,1,,Samay Kolkata (1080p),02,
国际新闻,no,Sandesh News,IN,1,,Sandesh News (576p),02,
国际新闻,no,Seraj TV,PS,1,,Seraj TV (1080i),02,
国际新闻,no,Shams TV (IQ),IQ,1,,Shams TV (1080p),02,
国际新闻,no,Silverbird News 24,NG,1,,Silverbird News 24 (576p);Silverbird News 24,02;11,
国际新闻,no,Sky News Arabia (Portrait),AE,1,,Sky News Arabia (Portrait) (1280p) [Not 24/7],02,
国际新闻,no,Sky News Arabia Vertical,AE,1,,Sky News Arabia Vertical (1080p),02,
国际新闻,no,Sky News Extra 1,AU,1,,Sky News Extra 1 (540p);Sky News Extra 1,02;26,
国际新闻,no,Sky News Extra 2,AU,1,,Sky News Extra 2 (540p) [Not 24/7];Sky News Extra 2,02;26,
国际新闻,no,Sky News Extra 3,AU,1,,Sky News Extra 3 (1080p);Sky News Extra 3,02;26,
国际新闻,no,Sky News Urdu,PK,1,,Sky News Urdu (720p),02,
国际新闻,no,Sky News Weather,UK,1,,Sky News Weather (720p);Sky News Weather Ⓖ,02;11,
国际新闻,no,Star Kentrikis Elladas,GR,1,,Star Kentrikis Elladas (1080p),02,
国际新闻,no,Start TV,GR,1,,Start TV (480p);Start,02;11,Start
国际新闻,no,Sterk TV,BE,1,,Sterk TV (1080p),02,
国际新闻,no,Suara Surabaya Visual Radio,ID,1,,Suara Surabaya Visual Radio (720p),02,
国际新闻,no,Suceso TV,PY,1,,Suceso TV (720p) [Not 24/7],02,
国际新闻,no,Such TV,PK,1,,Such TV,02,
国际新闻,no,Suvarna News,IN,1,,Suvarna News (576p),02,
国际新闻,no,Swadesh News,IN,1,,Swadesh News (720p),02,
国际新闻,no,Swatantra TV,IN,1,,Swatantra TV (1080p),02,
国际新闻,no,Syri,AL,1,,Syri (720p);Syri,02;11,
国际新闻,no,Syria TV,SY,1,,Syria TV (1080p),02,
国际新闻,no,T News,IN,1,,T News (720p),02,
国际新闻,no,TCM 10,BR,1,,TCM 10 HD (1080p),02,
国际新闻,no,TGCom24,IT,1,,TGCom24 (720p);TGCOM 24,02;11,
国际新闻,no,TGRT Haber,TR,1,,TGRT Haber (720p),02,
国际新闻,no,TNP News,IN,1,,TNP News (1080p),02,
国际新闻,no,TODAY All Day,US,1,,TODAY All Day (1080p),02,
国际新闻,no,TOI Global,IN,1,,TOI Global (1080p),02,
国际新闻,no,TOLOnews,AF,1,,TOLOnews (720p),02,
国际新闻,no,TRT Arabi,TR,1,,TRT Arabi (1080p) [Not 24/7];TRT Arabi,02;11,
国际新闻,no,TRT Haber,TR,1,,TRT Haber (720p);TRT Haber,02;11,
国际新闻,no,TSN Tele Sondrio News,IT,1,,TSN Tele Sondrio News,11,
国际新闻,no,TV 24,TR,1,,TV 24 (720p),02,
国际新闻,no,TV A Folha,BR,1,,TV A Folha (720p),02,
国际新闻,no,TV Jadran,HR,1,,TV Jadran (720p) [Not 24/7];TV Jadran,02;11,
国际新闻,no,TV Natal,BR,1,,TV Natal (1080p),02,
国际新闻,no,TV Paraense,BR,1,,TV Paraense (720p),02,
国际新闻,no,TV Peru Noticias,PE,1,,TV Peru Noticias (1080p),02,
国际新闻,no,TV Sim Cachoeiro,BR,1,,TV Sim Cachoeiro (720p),02,
国际新闻,no,TV Sim São Mateus,BR,1,,TV Sim São Mateus (720p),02,
国际新闻,no,TV Zoom,BR,1,,TV Zoom (720p),02,
国际新闻,no,TV13 Gujarati,IN,1,,TV13 Gujarati (480p),02,
国际新闻,no,TV27 News,IN,1,,TV27 News (360p),02,
国际新闻,no,TV30 India,IN,1,,TV30 India (1080p),02,
国际新闻,no,TV45,IN,1,,TV45 (1080p),02,
国际新闻,no,TV5 Kannada,IN,1,,TV5 Kannada (576p),02,
国际新闻,no,TV5 News,IN,1,,TV5 News (576p),02,
国际新闻,no,TV9 Bangla,IN,1,,TV9 Bangla (720p),02,
国际新闻,no,TV9 Bharatvarsh,IN,1,,TV9 Bharatvarsh (720p),02,
国际新闻,no,TV9 Gujarati,IN,1,,TV9 Gujarati (720p),02,
国际新闻,no,TV9 Marathi,IN,1,,TV9 Marathi (720p);TV9 Marathi,02;11,
国际新闻,no,TV9 Telugu,IN,1,,TV9 Telugu (720p);TV9 Telugu,02;11,
国际新闻,no,TVK Stella,PL,1,,TVK Stella (576p),02,
国际新闻,no,TVP World,PL,1,,TVP World (1080p);TVP World,02;11,
国际新闻,no,TVR Info,RO,1,,TVR Info;TVR Info Ⓖ,02;11,
国际新闻,no,TVídeoNews,BR,1,,TVídeoNews (720p) [Not 24/7],02,
国际新闻,no,TalkTV,UK,1,,TalkTV (1080p);TalkTV,02;11,
国际新闻,no,Tamil Janam,IN,1,,Tamil Janam (576p),02,
国际新闻,no,TeleMoldova +,RO,1,,TeleMoldova + [Geo-blocked],02,
国际新闻,no,Telegela 647,IT,1,,Telegela 647;Tele Gela,02;11,Tele Gela
国际新闻,no,Telenews TV,DO,1,,Telenews TV,02,
国际新闻,no,Telesur,VE,1,,Telesur HD (1080p),02,
国际新闻,no,Television del Este,DO,1,,Television del Este (1080p) [Not 24/7],02,
国际新闻,no,Thanthi TV,IN,1,,Thanthi TV (576p),02,
国际新闻,no,The First TV,US,1,,The First TV (1080p),02,
国际新闻,no,The Voice TV (IN),IN,1,,The Voice TV (1080p),02,
国际新闻,no,The Young Turks (TYT),US,1,,The Young Turks (TYT) (720p),02,
国际新闻,no,Times Now Navbharat,IN,1,,Times Now Navbharat HD (1080p),02,
国际新闻,no,Tonghua TV,CN,1,,Tonghua TV (1080p),02,
国际新闻,no,Top News,TH,1,,Top News (720p),02,
国际新闻,no,Top News Marathi,IN,1,,Top News Marathi (1080p),02,
国际新闻,no,Top Stories by Newsy,US,1,,Top Stories by Newsy (720p),02,
国际新闻,no,Tra Vinh TV,VN,1,,Tra Vinh TV (1080p),02,
国际新闻,no,Trailers,ES,1,,Trailers (1080p),02,
国际新闻,no,Turno,CL,1,,Turno (720p),02,
国际新闻,no,TürkHaber,TR,1,,TürkHaber (720p),02,
国际新闻,no,UMSA TVU LP,BO,1,,UMSA TVU LP (720p),02,
国际新闻,no,UN Web TV,US,1,,UN Web TV (540p),02,
国际新闻,no,UN24,VE,1,,UN24 (720p),02,
国际新闻,no,UNE TV,HN,1,,UNE TV (720p),02,
国际新闻,no,UNews,LB,1,,UNews (1080p),02,
国际新闻,no,USA Today,US,1,,USA Today (1080p);USA Today,02;11,
国际新闻,no,Unicanal,PY,1,,Unicanal,02,
国际新闻,no,Unifranz,BO,1,,Unifranz (720p),02,
国际新闻,no,UzReport TV,UZ,1,,UzReport TV (1080p),02,
国际新闻,no,V6 News,IN,1,,V6 News (576p),02,
国际新闻,no,VEJA+ TV,BR,1,,VEJA+ TV (1080p),02,
国际新闻,no,VNP,PE,1,,VNP,02,
国际新闻,no,VOA Persian,US,1,,VOA Persian (1080p),02,
国际新闻,no,VOA TV Africa,US,1,,VOA TV Africa (1080p),02,
国际新闻,no,VR Live,IN,1,,VR Live (720p),02,
国际新闻,no,VTV (MV),MV,1,,VTV,02,
国际新闻,no,VTV News,IN,1,,VTV News (576p),02,
国际新闻,no,Velicham TV,IN,1,,Velicham TV (576p),02,
国际新闻,no,Vergina TV,GR,1,,Vergina TV (1080p);Vergina,02;11,Vergina
国际新闻,no,Vesti FM,RU,1,,Vesti FM (720p),02,
国际新闻,no,Vinh Long TV 1,VN,1,,Vinh Long TV 1 (720p),02,
国际新闻,no,Vistaar News,IN,1,,Vistaar News (1080p),02,
国际新闻,no,Voice of Lebanon,LB,1,,Voice of Lebanon (1080p);Voice of Lebanon,02;11,
国际新闻,no,Vísir,IS,1,,Vísir (1080p),02,
国际新闻,no,W14DK-D 14.2 NEWSNET,US,1,,W14DK-D 14.2 NEWSNET,02,
国际新闻,no,WBTV News,US,1,,WBTV News (720p),02,
国际新闻,no,WDEF-TV News Chattanooga TN,US,1,,WDEF-TV News Chattanooga TN (720p),02,
国际新闻,no,WELT,DE,1,,WELT,02,
国际新闻,no,WFTX News Fort Myers FL,US,1,,WFTX News Fort Myers FL (720p),02,
国际新闻,no,WION,IN,1,,WION (1080p),02,
国际新闻,no,WJXT News4JAX (Jacksonville FL),US,1,,WJXT News4JAX (Jacksonville FL) (720p),02,
国际新闻,no,WMGT-TV News (Macon GA),US,1,,WMGT-TV News (Macon GA) (720p),02,
国际新闻,no,WPTV News West Palm Beach FL,US,1,,WPTV News West Palm Beach FL (720p),02,
国际新闻,no,WSOC Now,US,1,,WSOC Now (1080p) [Geo-blocked],02,
国际新闻,no,WTVQ ABC 36 News (Lexington KY),US,1,,WTVQ ABC 36 News (Lexington KY) (720p),02,
国际新闻,no,WXXV-TV News (Biloxi MS),US,1,,WXXV-TV News (Biloxi MS) (720p),02,
国际新闻,no,Welat TV,SY,1,,Welat TV (1080i),02,
国际新闻,no,WionNews,,1,,WionNews,21;22,
国际新闻,no,World Punjabi TV,IN,1,,World Punjabi TV (1080p),02,
国际新闻,no,Zee 24 Kalak,IN,1,,Zee 24 Kalak (720p),02,
国际新闻,no,Zee 24 Taas,IN,1,,Zee 24 Taas (720p),02,
国际新闻,no,Zee Bharat,IN,1,,Zee Bharat (720p),02,
国际新闻,no,Zee Delhi NCR Haryana,IN,1,,Zee Delhi NCR Haryana (720p),02,
国际新闻,no,Zee Kannada News,IN,1,,Zee Kannada News (720p),02,
国际新闻,no,Zee Madhya Pradesh Chhattisgarh,IN,1,,Zee Madhya Pradesh Chhattisgarh (720p),02,
国际新闻,no,Zee News,IN,1,,Zee News (1080p),02,
国际新闻,no,Zee Punjab Haryana Himachal,IN,1,,Zee Punjab Haryana Himachal (720p),02,
国际新闻,no,Zee Rajasthan,IN,1,,Zee Rajasthan (720p),02,
国际新闻,no,Zee Telugu News,IN,1,,Zee Telugu News (720p),02,
国际新闻,no,Zee Uttar Pradesh/Uttarakhand,IN,1,,Zee Uttar Pradesh/Uttarakhand (720p),02,
国际新闻,no,Zerouno Tv News,IT,1,,Zerouno Tv News,11,
国际新闻,no,ZillarBarta News,IN,1,,ZillarBarta News,02,
国际新闻,no,i24NEWS Arabic,IL,1,,i24NEWS Arabic (1080p),02,
国际新闻,no,i24NEWS English World,IL,1,,i24NEWS English World (1080p),02,
国际新闻,no,i24NEWS French,IL,1,,i24NEWS French (1080p),02,
国际新闻,no,iNEWS TV,IQ,1,,iNEWS TV (1080p);iNEWS,02;11,iNEWS
国际新闻,no,ntv (AL),AL,1,,ntv (720p),02,
国际新闻,no,tv9 Telemaremma,IT,1,,tv9 Telemaremma (576p),02,
国际新闻,no,èTv Marche,IT,1,,èTv Marche (720p);è Tv Marche,02;11,
国际新闻,no,èTv Rete 7,IT,1,,èTv Rete 7 (720p);è Tv Rete7,02;11,
国际新闻,no,ČT24,CZ,1,,ČT24 (1080p);ČT24,02;11,
国际新闻,no,Астрахань 24,RU,1,,Астрахань 24 (720p);Астрахан 24,02;11,Астрахан 24
国际新闻,no,КРИК-ТВ (Екатеринбург),RU,1,,КРИК-ТВ (Екатеринбург) (1080p),02,
国际新闻,no,Крым 24,RU,1,,Крым 24,02;11,
国际新闻,no,Легендарный 24,RU,1,,Легендарный 24,02,
国际新闻,no,Миллет,RU,1,,Миллет (720p),02,
国际新闻,no,Мир 24,RU,1,,Мир 24 (1080p),02,
国际新闻,no,Настоящее Время,CZ,1,,Настоящее Время (1080p),02,
国际新闻,no,Общественное Независимое Телевидение,UA,1,,Общественное Независимое Телевидение (576p),02,
国际新闻,no,Первый Республиканский,RU,1,,Первый Республиканский,02,
国际新闻,no,Радио Говорит Москва (Веб-камера),RU,1,,Радио Говорит Москва (Веб-камера) (720p),02,
国际新闻,no,Сочи 24,RU,1,,Сочи 24 HD (720p),02,
国际新闻,no,Телеканал Репортер Одесса,UA,1,,Телеканал Репортер Одесса (720p),02,
国际新闻,no,Толк,RU,1,,Толк HD (720p),02,
体育,no,广东体育,,6,广东体育,广东体育,01;18;19;20;21,
体育,no,Pluto TV Snooker 900 (DE),DE,5,,Pluto TV Snooker 900 (720p),02,
体育,no,World Poker Tour,US,4,,World Poker Tour (1080p);World Poker Tour,02,
体育,no,Pluto TV Snooker 900 (SE),SE,3,,Pluto TV Snooker 900 (720p),02,
体育,no,Bahrain Sports 2,BH,2,,Bahrain Sports 2;Bahrain Sports 2 (720p) [Not 24/7],02;14,
体育,no,Belarus-5,BY,2,,Belarus-5 (1080p) [Not 24/7];Belarus-5 HD (1080p),02,
体育,no,Fuel TV,PT,2,,Fuel TV (1080p);FUEL TV (1080p),02,
体育,no,Midpen Media Center Youth Education and Sports Channel 28,US,2,,Midpen Media Center Youth Education and Sports Channel 28 (720p);Midpen Media Center Youth Education and Sports Channel 28,02;14,
体育,no,Red Bull TV,AT,2,,Red Bull TV (1080p),02,
体育,no,Suspilne. Sport,UA,2,,Suspilne Sport;Suspilne. Sport (1080p),02;11,
体育,no,Trace Sport Stars,FR,2,,Trace Sport Stars SD;TRACE Sport Stars,01;02,
体育,no,World of Freesports,DE,2,,World of Freesports (1080p),02,
体育,no,五星体育,,2,,五星体育,01;13;21,
体育,no,天津体育,,2,天津体育,天津体育,18;19,
体育,no,30A Golf Kingdom,US,1,,30A Golf Kingdom (720p),02,
体育,no,:Šport (SK),SK,1,,:Šport (1080p),02,
体育,no,A Spor,TR,1,,A Spor (1080p),02,
体育,no,ACC Network,US,1,,ACC Network (720p),02,
体育,no,ACCDN,US,1,,ACCDN (1080p),02,
体育,no,ACI Sport TV,IT,1,,ACI Sport TV (1080p),02,
体育,no,ADO TV,BJ,1,,ADO TV (720p),02,
体育,no,AS3 Sport TV,VE,1,,AS3 Sport TV (1080p);AS3 Sport TV,02;11,
体育,no,ATG Live,SE,1,,ATG Live (720p);ATG Live Ⓢ,02;11,
体育,no,Africa 24 Sport,FR,1,,Africa 24 Sport (1080p),02,
体育,no,Arena Sport 1,SK,1,,Arena Sport 1,02,
体育,no,Arena Sport 2,SK,1,,Arena Sport 2,02,
体育,no,Arryadia,MA,1,,Arryadia,02,
体育,no,Azteca Deportes Network,MX,1,,Azteca Deportes Network (1080p),02,
体育,no,BEK TV Sports West,US,1,,BEK TV Sports West (720p),02,
体育,no,Bahrain Sports 1,BH,1,,Bahrain Sports 1 (720p) [Not 24/7],02,
体育,no,Bellator MMA,US,1,,Bellator MMA,02,
体育,no,Brøndby TV,SE,1,,Brøndby TV,02,
体育,no,CBS Sports HQ,US,1,,CBS Sports HQ (720p),02,
体育,no,CDN Deportes,DO,1,,CDN Deportes (720p) [Not 24/7],02,
体育,no,CRTV,CL,1,,CRTV (720p),02,
体育,no,Canal Showsport,AR,1,,Canal Showsport (720p),02,
体育,no,ColimdoT TV,DO,1,,ColimdoT TV (720p),02,
体育,no,Cricket Gold,AU,1,,Cricket Gold (1080p),02,
体育,no,DAZN Combat,UK,1,,DAZN Combat (684p),02,
体育,no,DD Sports,IN,1,DD Sports,DD Sports SD (1080p),02,
体育,no,DiviSport,UA,1,,DiviSport (1080p),02,
体育,no,Dong Nai TV 2,VN,1,,Dong Nai TV 2 (720p),02,
体育,no,DraftKings Network,US,1,,DraftKings Network (1080p),02,
体育,no,Dynamo Kyiv TV,UA,1,,Dynamo Kyiv TV (1080p),02,
体育,no,ESPN,BR,1,ESPN,ESPN (1080p),02,
体育,no,ESPN 4,BR,1,ESPN 4,ESPN 4 (1080p),02,
体育,no,ESPN Deportes,US,1,,ESPN Deportes HD (720p),02,
体育,no,ESPN8 The Ocho,US,1,ESPN8 The Ocho,ESPN8 The Ocho (1080p),02,
体育,no,ESPNU,US,1,,ESPNU HD (720p),02,
体育,no,ESPNews,US,1,,ESPNews (720p),02,
体育,no,Equalympic,UA,1,,Equalympic (1080p),02,
体育,no,Eurosport 4K Czechia,CZ,1,,Eurosport 4K Czechia,02,
体育,no,Extreme Sports Channel,RU,1,,Extreme Sports Channel (576p),02,
体育,no,F1 Channel,IE,1,,F1 Channel (1080p) [Geo-blocked],02,
体育,no,FB TV,TR,1,,FB TV,02,
体育,no,FCK Løvinderne,SE,1,,FCK Løvinderne,02,
体育,no,FIFA+,UK,1,,FIFA+ (720p),02,
体育,no,FIFA+ French,UK,1,,FIFA+ French (720p),02,
体育,no,FIFA+ German,UK,1,,FIFA+ German (720p),02,
体育,no,FIFA+ Hispanic America,UK,1,,FIFA+ Hispanic America (720p),02,
体育,no,FIFA+ Italy,UK,1,,FIFA+ Italy (720p),02,
体育,no,FIFA+ Portuguese,UK,1,,FIFA+ Portuguese (720p),02,
体育,no,FIFA+ Spain,UK,1,,FIFA+ Spain (720p),02,
体育,no,FIFA+ United States,UK,1,FIFA+ United States,FIFA+ United States (720p),02,
体育,no,FIFA+ Women,UK,1,FIFA+ Women,FIFA+ Women (720p),02,
体育,no,FITE 24/7,US,1,FITE 24/7,FITE 24/7 (1080p),02,
体育,no,FTF Sports,US,1,,FTF Sports (720p),02,
体育,no,FTV (BO),BO,1,,FTV (720p),02,
体育,no,FUTV,CR,1,,FUTV,02,
体育,no,Fast&FunBox,NL,1,,Fast&FunBox,02,
体育,no,FightBox,NL,1,,FightBox,02,
体育,no,FloHockey 24/7,US,1,,FloHockey 24/7 (1080p),02,
体育,no,FloRacing 24/7,US,1,,FloRacing 24/7 (1080p),02,
体育,no,Fox Deportes,US,1,,Fox Deportes (720p),02,
体育,no,Fox Sports 1,US,1,Fox Sports 1,Fox Sports 1 (720p),02,
体育,no,Futbol TV,UZ,1,,Futbol TV (1080p),02,
体育,no,GLORY Kickboxing,US,1,,GLORY Kickboxing (720p),02,
体育,no,Game+,CA,1,,Game+ (720p),02,
体育,no,Go3 Sport 1,EE,1,,Go3 Sport 1 (1080p),02,
体育,no,Golazo Network,US,1,,Golazo Network (720p),02,
体育,no,Golf Channel,CZ,1,Golf Channel,Golf Channel,02,
体育,no,Golf Channel Latin America,US,1,,Golf Channel Latin America (1080p),02,
体育,no,HTSpor TV,TR,1,,HTSpor TV (1080p),02,
体育,no,Horse TV,IT,1,,Horse TV (720p),02,
体育,no,INTROUBLE,NL,1,,INTROUBLE (1080p),02,
体育,no,IRIB3,IR,1,,IRIB3;IRIB TV3,02;11,IRIB TV3
体育,no,ITV Deportes,MX,1,,ITV Deportes (720p),02,
体育,no,Inazuma Eleven,US,1,,Inazuma Eleven,02,
体育,no,Inter TV (IT),IT,1,,Inter TV (1080p),02,
体育,no,KHL Prime,RU,1,,KHL Prime (1080p),02,
体育,no,KTV Sport,KW,1,,KTV Sport (1080p),02,
体育,no,KTV Sport Plus,KW,1,,KTV Sport Plus (1080p),02,
体育,no,Kozoom TV,FR,1,,Kozoom TV (1080p),02,
体育,no,L1 Max,PE,1,,L1 Max (1080p),02,
体育,no,LRT Plius,LT,1,,LRT Plius (1080p);LRT Plius,02;11,
体育,no,Lacrosse TV,US,1,,Lacrosse TV (720p),02,
体育,no,M Sports,PK,1,,M Sports (1080p),02,
体育,no,M4 Sport,HU,1,,M4 Sport (1080p),02,
体育,no,MLB,US,1,,MLB (720p),02,
体育,no,MLB Strike Zone,US,1,MLB Strike Zone,MLB Strike Zone (720p),02,
体育,no,MMA TV.com,RU,1,,MMA TV.com (1080p),02,
体育,no,MNB Sport,MN,1,,MNB Sport (1080p);MNB Sport,02;11,
体育,no,MRTV Sports,MM,1,,MRTV Sports [Not 24/7],02,
体育,no,MSG,US,1,MSG,MSG (720p),02,
体育,no,MadeinBO TV,IT,1,,MadeinBO TV (1080p);Made in BO,02;11,Made in BO
体育,no,Maincast Cybersport,UA,1,,Maincast Cybersport (1080p),02,
体育,no,Maincast Sport,UA,1,,Maincast Sport (1080p),02,
体育,no,Match! Boets,RU,1,,Match! Boets (576p),02,
体育,no,Match! Planeta,RU,1,,Match! Planeta (576p),02,
体育,no,Match! Ultra,RU,1,,Match! Ultra (720p),02,
体育,no,Meridiano TV,VE,1,,Meridiano TV (576p),02,
体育,no,Monster Jam,US,1,,Monster Jam (720p),02,
体育,no,Monterrico TV,PE,1,,Monterrico TV,02,
体育,no,More Than Sports TV,DE,1,,More Than Sports TV (1080p),02,
体育,no,N Sports (BR),BR,1,,N Sports (1080p),02,
体育,no,NBA TV,US,1,NBA TV,NBA TV (1080p),02,
体育,no,NBC Sports NOW,US,1,NBC Sports NOW,NBC Sports NOW (1080p),02,
体育,no,NFL Channel,US,1,,NFL Channel (720p),02,
体育,no,NHL Network,US,1,NHL Network,NHL Network (1080p),02,
体育,no,Nautical Channel,IT,1,,Nautical Channel (720p),02,
体育,no,Okko Futbol,RU,1,,Okko Futbol (1080p),02,
体育,no,Okko Prajm Sport,RU,1,,Okko Prajm Sport (1080p),02,
体育,no,Okko Sport,RU,1,,Okko Sport (1080p),02,
体育,no,Oman Sports TV,OM,1,,Oman Sports TV (1080p) [Not 24/7],02,
体育,no,Ovacion TV,PE,1,,Ovacion TV (720p) [Not 24/7],02,
体育,no,PBR RidePass,US,1,,PBR RidePass (720p),02,
体育,no,PFL MMA,US,1,,PFL MMA (720p),02,
体育,no,PGA Tour,US,1,PGA Tour,PGA Tour (1080p),02,
体育,no,PK Sports,PK,1,,PK Sports (720p),02,
体育,no,Pac 12 Insider,US,1,,Pac 12 Insider (1080p),02,
体育,no,Persiana Fight,FR,1,,Persiana Fight,02,
体育,no,Pluto TV Competition,US,1,,Pluto TV Competition,02,
体育,no,Pluto TV Deportes,US,1,,Pluto TV Deportes,02,
体育,no,Pluto TV E-Sports,US,1,,Pluto TV E-Sports,02,
体育,no,Pluto TV Esportes,US,1,,Pluto TV Esportes,02,
体育,no,Pluto TV Fishing,SE,1,,Pluto TV Fishing,02,
体育,no,Pluto TV Handboll Highlights,SE,1,,Pluto TV Handboll Highlights,02,
体育,no,Pluto TV Handboll Live,SE,1,,Pluto TV Handboll Live,02,
体育,no,Pluto TV Håndbold Highlights,SE,1,,Pluto TV Håndbold Highlights,02,
体育,no,Pluto TV Håndbold Live,SE,1,,Pluto TV Håndbold Live,02,
体育,no,Pluto TV Snooker 900 (US),US,1,,Pluto TV Snooker 900,02,
体育,no,Pluto TV Sport (DE),DE,1,,Pluto TV Sport,02,
体育,no,Pluto TV Sport (SE),SE,1,,Pluto TV Sport,02,
体育,no,PokerGO,US,1,,PokerGO,02,
体育,no,Prime (SY),SY,1,,Prime (1080p),02,
体育,no,QazSport,KZ,1,,QazSport (1080p);QazSport,02;11,
体育,no,RACER International,PL,1,,RACER International (1080p),02,
体育,no,Racer Network,US,1,,Racer Network (1080p),02,
体育,no,Racer Select,US,1,,Racer Select (1080p),02,
体育,no,Rally TV,US,1,,Rally TV (1080p),02,
体育,no,Real Madrid TV,ES,1,,Real Madrid TV (726p),02,
体育,no,Real Madrid TV English,ES,1,,Real Madrid TV English,02,
体育,no,Realitatea Sportiva,RO,1,,Realitatea Sportiva (720p),02,
体育,no,Red Bull TV AU,AT,1,,Red Bull TV AU (1080p),02,
体育,no,Red Bull TV BR,AT,1,,Red Bull TV BR (1080p),02,
体育,no,Red Bull TV DE,AT,1,,Red Bull TV DE (1080p),02,
体育,no,Red Bull TV ES,AT,1,,Red Bull TV ES (1080p),02,
体育,no,Red Bull TV UK,AT,1,,Red Bull TV UK (1080p),02,
体育,no,Red Bull TV US,AT,1,,Red Bull TV US (1080p),02,
体育,no,Red Bull TV「体育」,,1,,Red Bull TV「体育」,14,
体育,no,RightNow TV,US,1,,RightNow TV (720p),02,
体育,no,Rugby Pass TV,UK,1,,Rugby Pass TV (720p),02,
体育,no,SOS Kanal Plus,RS,1,,SOS Kanal Plus (720p),02,
体育,no,Setanta Sports 1 Eurasia,IE,1,,Setanta Sports 1 Eurasia (1080p),02,
体育,no,Setanta Sports 2 Eurasia,IE,1,,Setanta Sports 2 Eurasia (1080p),02,
体育,no,Sky Racing 1,AU,1,Sky Racing 1,Sky Racing 1 (720p),02,
体育,no,Sky Racing 2,AU,1,,Sky Racing 2 (720p),02,
体育,no,Spiler 1,HU,1,,Spiler 1,02,
体育,no,Spiler 2,HU,1,,Spiler 2,02,
体育,no,SporTV 3,BR,1,,SporTV 3 (720p),02,
体育,no,Sport (UZ),UZ,1,,Sport,02,
体育,no,Sport 1 (HU),HU,1,,Sport 1,02,
体育,no,Sport 1 (UA),UA,1,,Sport 1 (576p),02,
体育,no,Sport 1 Baltic,UA,1,,Sport 1 Baltic (1080p),02,
体育,no,Sport 2 (HU),HU,1,,Sport 2,02,
体育,no,Sport 2 (UA),UA,1,,Sport 2 (1080p),02,
体育,no,Sport 3,UA,1,,Sport 3 (1080p),02,
体育,no,Sport 4,UA,1,,Sport 4 (576p),02,
体育,no,Sport 5,UA,1,,Sport 5 (1080p),02,
体育,no,Sport TV,BY,1,,Sport TV (1080p),02,
体育,no,Sport1 (CZ),CZ,1,,Sport1,02,
体育,no,Sport2 (CZ),CZ,1,,Sport2,02,
体育,no,Sportitalia,IT,1,,Sportitalia (1080p),02,
体育,no,Sportivnyy,RU,1,,Sportivnyy (1080p),02,
体育,no,Sports Television,KP,1,,Sports Television [Not 24/7],02,
体育,no,SportsGrid,US,1,,SportsGrid (1080p),02,
体育,no,Sporty TV,CZ,1,,Sporty TV,02,
体育,no,Sqala TV,PE,1,,Sqala TV (720p),02,
体育,no,Star Sports 2 Hindi,IN,1,,Star Sports 2 Hindi (720p),02,
体育,no,Star Sports Select 2,IN,1,Star Sports Select 2,Star Sports Select 2 HD (720p),02,
体育,no,Strongman,US,1,,Strongman (720p),02,
体育,no,Strongman Champions League (UK),UK,1,,Strongman Champions League (720p),02,
体育,no,Strongman Champions League (US),US,1,,Strongman Champions League (720p),02,
体育,no,Swerve Combat,US,1,,Swerve Combat (1080p),02,
体育,no,Swerve Sports,US,1,,Swerve Sports (720p),02,
体育,no,T Sports,BD,1,,T Sports (1080p),02,
体育,no,T Sports 7,TH,1,,T Sports 7,02,
体育,no,TJK TV,TR,1,,TJK TV (1080p),02,
体育,no,TR Sport,IT,1,,TR Sport (480p);Teleromagna 24,02;11,Teleromagna 24
体育,no,TSN The Ocho,CA,1,TSN The Ocho,TSN The Ocho (1080p),02,
体育,no,TV Cuatro 4.3,MX,1,,TV Cuatro 4.3 (1080p),02,
体育,no,TVS Bowling Network,US,1,,TVS Bowling Network (720p),02,
体育,no,TVS Boxing,US,1,,TVS Boxing (360p),02,
体育,no,TVS Classic Sports,US,1,,TVS Classic Sports (360p),02,
体育,no,TVS Pinball Network,US,1,,TVS Pinball Network (480p),02,
体育,no,TVS Sports,US,1,,TVS Sports (720p) [Not 24/7],02,
体育,no,TVS Sports Bureau,US,1,,TVS Sports Bureau (720p),02,
体育,no,TVS Turbo,US,1,,TVS Turbo (360p),02,
体育,no,TVS Women Sports,US,1,,TVS Women Sports (720p),02,
体育,no,Teledeporte,ES,1,,Teledeporte,02,
体育,no,Tennis Channel,US,1,Tennis Channel,Tennis Channel (1080p),02,
体育,no,TennisChannel 2,US,1,,TennisChannel 2 (720p),02,
体育,no,Tour Spot TV,DO,1,,Tour Spot TV (1280p) [Not 24/7],02,
体育,no,Trace Sport Stars (Australia),FR,1,,Trace Sport Stars (Australia) (1080p),02,
体育,no,Trace Sport Stars Russia,FR,1,,Trace Sport Stars Russia (720p),02,
体育,no,Turf Movil,CL,1,,Turf Movil (720p),02,
体育,no,TyC Sports USA,AR,1,,TyC Sports USA,02,
体育,no,Türkmenistan Sport,TM,1,,Türkmenistan Sport (406p) [Not 24/7];Türkmen Sporty,02;11,Türkmen Sporty
体育,no,UDAR,RU,1,,UDAR (1080p),02,
体育,no,USA Network,US,1,,USA Network (1080p),02,
体育,no,Unite8 Sports 2,IN,1,,Unite8 Sports 2,02,
体育,no,V Sport Golf,SE,1,,V Sport Golf [Not 24/7],02,
体育,no,VITAL Drive,RU,1,,VITAL Drive,02,
体育,no,Vinh Long TV 4,VN,1,,Vinh Long TV 4 (720p),02,
体育,no,Win Sports,CO,1,,Win Sports (1080p),02,
体育,no,Women's Sports Network,US,1,Women's Sports Network,Women's Sports Network (1080p),02,
体育,no,beIN SPORTS XTRA,US,1,beIN SPORTS XTRA,beIN SPORTS XTRA (1080p),02,
体育,no,ge Fast,BR,1,,ge Fast (1080p),02,
体育,no,talkSPORT,UK,1,,talkSPORT (1080p),02,
体育,no,viju+ Sport,RU,1,,viju+ Sport (576p),02,
体育,no,ČT Sport,CZ,1,,ČT Sport (720p);ČT sport,02;11,
体育,no,Астрахань.Ru Sport,RU,1,,Астрахань.Ru Sport (720p),02,
体育,no,山东体育休闲广播,,1,,山东体育休闲广播,14,
体育,no,江苏体育,,1,江苏体育,江苏体育,18;20,
体育,no,辽宁体育,,1,,辽宁体育,21,
体育,no,风云足球,,1,风云足球,风云足球,18;19,
卫视,no,湖南卫视,CN,9,湖南卫视,湖南卫视;Hunan TV (2160p),02;13;18;19;21;23;24,Hunan TV
卫视,no,浙江卫视,,12,浙江卫视,浙江卫视,13;18;19;20;21;22;23;24,
卫视,no,江苏卫视,,5,江苏卫视,江苏卫视,13;18;19;21,
卫视,no,东方卫视,,9,东方卫视,东方卫视;新纪实,13;18;19;21;23;24,新纪实
卫视,no,北京卫视,,3,北京卫视,北京卫视,18;19,
卫视,no,安徽卫视,,6,安徽卫视,安徽卫视,13;18;19;21;23,
卫视,no,山东卫视,,5,山东卫视,山东卫视,18;19;23;24,
卫视,no,天津卫视,,4,天津卫视,天津卫视,13;18;19,
卫视,no,深圳卫视,,5,深圳卫视,深圳卫视,13;18;19;21;23;24,
卫视,no,广东卫视,,6,广东卫视,广东卫视,13;18;19;21;23;24,
卫视,no,湖北卫视,,4,湖北卫视,湖北卫视,13;18;19;21;23;24,
卫视,no,四川卫视,,6,四川卫视,四川卫视,18;19;23;24,
卫视,no,重庆卫视,,5,重庆卫视,重庆卫视,13;18;19;23;24,
卫视,no,江西卫视,,7,江西卫视,江西卫视,13;18;19;21;23;24,
卫视,no,河南卫视,,6,河南卫视,河南卫视,18;19;23;24,
卫视,no,河北卫视,CN,6,河北卫视,Hebei TV (2160p);河北卫视,02;18;19;20;21;23;24,Hebei TV
卫视,no,辽宁卫视,,6,辽宁卫视,辽宁卫视,18;19;23,
卫视,no,黑龙江卫视,,8,黑龙江卫视,黑龙江卫视,18;19;20;21;23;24,
卫视,no,吉林卫视,,4,吉林卫视,吉林卫视,18;19;23;24,
卫视,no,东南卫视,,4,东南卫视,东南卫视,18;19;23,
卫视,no,贵州卫视,,7,贵州卫视,贵州卫视,13;18;19;23;24,
卫视,no,云南卫视,,4,云南卫视,云南卫视,18;19;23;24,
卫视,no,广西卫视,,7,广西卫视,广西卫视,18;19;20;23;24,
卫视,no,海南卫视,,1,,海南卫视,21,
卫视,no,陕西卫视,,5,陕西卫视,陕西卫视,13;18;19;21;23;24,
卫视,no,山西卫视,,6,山西卫视,山西卫视,18;19;23;24,
卫视,no,甘肃卫视,,3,甘肃卫视,甘肃卫视,18;19;23;24,
卫视,no,宁夏卫视,,5,宁夏卫视,宁夏卫视,18;19;23;24,
卫视,no,青海卫视,,3,青海卫视,青海卫视,18;19;20;23;24,
卫视,no,新疆卫视,,6,新疆卫视,新疆卫视,18;19;23;24,
卫视,no,西藏卫视,CN,6,西藏卫视,西藏卫视;Xizang TV Tibetan (720p) [Not 24/7],02;13;18;19;20;21;23;24,Xizang TV Tibetan
卫视,no,内蒙古卫视,,5,,内蒙古卫视,18;19;23;24,
卫视,no,三沙卫视,,4,,三沙卫视,18;19;21,
卫视,no,大湾区卫视,,5,,大湾区卫视;广东大湾区,18;19;21;23;24,
卫视,no,厦门卫视,,4,,厦门卫视,18;19,
卫视,no,延边卫视,,3,,延边卫视,18;19;23;24,
卫视,no,福建海峡卫视,,6,,福建海峡卫视;海峡卫视,18;19;20;21;23;24,海峡卫视
卫视,no,东方卫视 4K,,2,,东方卫视4K,21;23;24,
卫视,no,江苏卫视 4K,,2,,江苏卫视4K,13;21,
卫视,no,海峡卫视,,2,,海峡卫视,01,
卫视,no,安多卫视,,1,,安多卫视;西宁新闻综合,18;20;23;24,西宁新闻综合
卫视,no,浙江卫视 4K,,1,,浙江卫视4K,13;21,
卫视,no,深圳卫视 4K,,1,,深圳卫视4K,13,
卫视,no,湖南卫视 4K,,1,,湖南卫视4K,13,
卫视,no,陕西农林卫视,,1,,陕西农林卫视;陕西农林,18;20,陕西农林
纪录片,no,Bloomberg Originals,US,3,,Bloomberg Originals (1080p);Bloomberg Originals,02,
纪录片,no,Pluto TV True Crime (DE),DE,3,,Pluto TV True Crime,02,
纪录片,no,Pluto TV True Crime (SE),SE,3,,Pluto TV True Crime,02,
纪录片,no,之江纪录,,3,之江纪录,之江纪录,18;19;21;22;23;24,
纪录片,no,Court TV,US,2,,Court TV (1080p);Court TV,02;11;26,
纪录片,no,Dvojka,SK,2,,Dvojka,02;11,
纪录片,no,Ink Master,US,2,,Ink Master,02,
纪录片,no,Nano,RU,2,,Nano (576p);Nano HD (1080p),02,
纪录片,no,NatureTime,CA,2,,NatureTime (1080p);NatureTime (684p),02,
纪录片,no,Pluto TV Animals,DE,2,,Pluto TV Animals,02,
纪录片,no,Pluto TV Dokumentär,SE,2,,Pluto TV Dokumentär;Pluto TV Dokumentar,02,
纪录片,no,Pluto TV Food,DE,2,,Pluto TV Food,02,
纪录片,no,Pluto TV History (DE),DE,2,,Pluto TV History,02,
纪录片,no,Pluto TV Paranormal (US),US,2,,Pluto TV Paranormal,02,
纪录片,no,Pluto TV Science (DE),DE,2,,Pluto TV Science,02,
纪录片,no,Pluto TV Space (DE),DE,2,,Pluto TV Space,02,
纪录片,no,Pluto TV True Crime (US),US,2,,Pluto TV True Crime,02,
纪录片,no,Pluto TV Verdenskrigene,SE,2,,Pluto TV Verdenskrigene,02,
纪录片,no,Smithsonian Channel Pluto TV,US,2,Smithsonian Channel Pluto TV,Smithsonian Channel Pluto TV,02,
纪录片,no,Smithsonian Channel Selects (SE),SE,2,,Smithsonian Channel Selects,02,
纪录片,no,WildEarth,ZA,2,,WildEarth (1080p);Wild Earth,02;21;22,
纪录片,no,365 days TV,RU,1,,365 days TV (576p),02,
纪录片,no,Adventure Earth,DE,1,,Adventure Earth (1080p),02,
纪录片,no,Al Arabiya Programs,AE,1,,Al Arabiya Programs (1280p),02,
纪录片,no,Archivos Forenses,US,1,,Archivos Forenses,02,
纪录片,no,Arsenal,RU,1,,Arsenal (576p),02,
纪录片,no,Asharq Discovery,SA,1,,Asharq Discovery (1080p),02,
纪录片,no,Asharq Documentary,SA,1,,Asharq Documentary (1080p),02,
纪录片,no,Atlas,US,1,,Atlas (480p),02,
纪录片,no,Autentic History,DE,1,,Autentic History (1080p),02,
纪录片,no,BBC Earth,UK,1,BBC Earth,BBC Earth (1080p),02,
纪录片,no,BBC Earth Hungary,UK,1,,BBC Earth Hungary,02,
纪录片,no,BTB Info,PL,1,,BTB Info (1080p),02,
纪录片,no,Bondi Rescue (DE),DE,1,,Bondi Rescue,02,
纪录片,no,BritBox Mysteries,US,1,,BritBox Mysteries (1080p),02,
纪录片,no,Chemodan TV,UA,1,,Chemodan TV (1080p),02,
纪录片,no,China Travel,CN,1,,China Travel (1080p),02,
纪录片,no,Click TV (Coronel),CL,1,,Click TV (Coronel) (720p),02,
纪录片,no,Crime 360,US,1,,Crime 360 (720p),02,
纪录片,no,Crimen & Historia,ES,1,,Crimen & Historia (720p),02,
纪录片,no,Dateline 24/7,US,1,,Dateline 24/7 (1080p),02,
纪录片,no,Deadly Women,US,1,,Deadly Women (1080p),02,
纪录片,no,Detetives Médicos,US,1,,Detetives Médicos,02,
纪录片,no,Discovering China,CN,1,,Discovering China (1080p),02,
纪录片,no,DocuBay TV,IN,1,DocuBay TV,DocuBay TV (1080p),02,
纪录片,no,DocuBox,NL,1,,DocuBox,02,
纪录片,no,Documentary+,US,1,Documentary+,Documentary+ (1080p),02,
纪录片,no,Documentary+ International,US,1,Documentary+ International,Documentary+ International (1080p),02,
纪录片,no,Dokusat,DE,1,,Dokusat (1080p),02,
纪录片,no,Dossiers FBI,US,1,,Dossiers FBI,02,
纪录片,no,EPlanet TV,IR,1,,EPlanet TV,02,
纪录片,no,Ecovisión,DO,1,,Ecovisión (720p),02,
纪录片,no,Epic Crimes,IN,1,,Epic Crimes (1080p),02,
纪录片,no,FBI Files,US,1,,FBI Files,02,
纪录片,no,Forensic Files,US,1,,Forensic Files,02,
纪录片,no,Francophonie24,FR,1,,Francophonie24 (1080p),02,
纪录片,no,GZT,TR,1,,GZT (1080p),02,
纪录片,no,Get.Factual,US,1,,Get.Factual (720p),02,
纪录片,no,Historia y Vida,ES,1,,Historia y Vida (720p),02,
纪录片,no,History (BR),BR,1,,History (720p),02,
纪录片,no,History (CZ),CZ,1,,History,02,
纪录片,no,History (HU),HU,1,,History,02,
纪录片,no,History 2 Latin America,US,1,,History 2 Latin America (1080p),02,
纪录片,no,History 2 Latin America Brazil,US,1,,History 2 Latin America Brazil (720p),02,
纪录片,no,History Asia,US,1,History Asia,History Asia (720p),02,
纪录片,no,History Hit,UK,1,History Hit,History Hit (1080p),02,
纪录片,no,History Latin America,US,1,,History Latin America (1080p),02,
纪录片,no,INWILD,NL,1,,INWILD (1080p),02,
纪录片,no,Istoriya,RU,1,,Istoriya (576p),02,
纪录片,no,Jail,UK,1,,Jail,02,
纪录片,no,Karbala Documentary,IQ,1,,Karbala Documentary,02,
纪录片,no,Law & Crime,US,1,,Law & Crime (720p),02,
纪录片,no,Love Nature,CA,1,,Love Nature (1080p),02,
纪录片,no,Love Nature 4K,CA,1,,Love Nature 4K (2160p) [Geo-blocked],02,
纪录片,no,Love Pets,CA,1,,Love Pets (1080p),02,
纪录片,no,Love the Planet,ES,1,,Love the Planet (1080p),02,
纪录片,no,MRTV Farmer,MM,1,,MRTV Farmer,02,
纪录片,no,MWD Documentary,MM,1,,MWD Documentary [Geo-blocked],02,
纪录片,no,MagellanTV Now,US,1,,MagellanTV Now (1080p),02,
纪录片,no,N24 Doku,DE,1,,N24 Doku,02,
纪录片,no,National Geographic (CZ),CZ,1,,National Geographic,02,
纪录片,no,National Geographic (HU),HU,1,,National Geographic,02,
纪录片,no,National Geographic (MX),MX,1,,National Geographic (1080p),02,
纪录片,no,National Geographic (NL),NL,1,,National Geographic HD (1080p),02,
纪录片,no,National Geographic (RO),RO,1,,National Geographic,02,
纪录片,no,National Geographic HD East,US,1,National Geographic HD East,National Geographic HD East (720p),02,
纪录片,no,National Geographic Latin America,US,1,,National Geographic Latin America (1080p),02,
纪录片,no,National Geographic Wild (CZ),CZ,1,,National Geographic Wild,02,
纪录片,no,National Geographic Wild (HU),HU,1,,National Geographic Wild,02,
纪录片,no,National Geographic Wild (RO),RO,1,,National Geographic Wild,02,
纪录片,no,National Geographic Wild (RU),RU,1,,National Geographic Wild (1080p),02,
纪录片,no,National Geographic Wild HD East,US,1,National Geographic Wild HD East,National Geographic Wild HD East (720p),02,
纪录片,no,Nature Time France,CA,1,,Nature Time France (1080p),02,
纪录片,no,NatureTime Finland,CA,1,,NatureTime Finland (1080p),02,
纪录片,no,O'zbekiston Tarixi,UZ,1,,O'zbekiston Tarixi (1080p),02,
纪录片,no,On the Case,US,1,,On the Case,02,
纪录片,no,Peer TV South Tyrol,IT,1,,Peer TV South Tyrol (1280p);Peer TV South Tyrol,02;11,
纪录片,no,Persiana Docs,FR,1,,Persiana Docs,02,
纪录片,no,Persiana Travel,FR,1,,Persiana Travel,02,
纪录片,no,Pluto TV Alien Invasion (DE),DE,1,,Pluto TV Alien Invasion,02,
纪录片,no,Pluto TV Alien Invasion (SE),SE,1,,Pluto TV Alien Invasion,02,
纪录片,no,Pluto TV Aliens,US,1,,Pluto TV Aliens,02,
纪录片,no,Pluto TV American True Crime,DE,1,,Pluto TV American True Crime,02,
纪录片,no,Pluto TV Animais,US,1,,Pluto TV Animais,02,
纪录片,no,Pluto TV Animales,DE,1,,Pluto TV Animales,02,
纪录片,no,Pluto TV Animaux,DE,1,,Pluto TV Animaux,02,
纪录片,no,Pluto TV Aventure,DE,1,,Pluto TV Aventure,02,
纪录片,no,Pluto TV Britain at War,DE,1,,Pluto TV Britain at War,02,
纪录片,no,Pluto TV Conspiracy,DE,1,,Pluto TV Conspiracy,02,
纪录片,no,Pluto TV Documentales,US,1,,Pluto TV Documentales,02,
纪录片,no,Pluto TV Documentari,DE,1,,Pluto TV Documentari,02,
纪录片,no,Pluto TV Explore,DE,1,,Pluto TV Explore,02,
纪录片,no,Pluto TV Histoire,DE,1,,Pluto TV Histoire (720p),02,
纪录片,no,Pluto TV Historia (DE),DE,1,,Pluto TV Historia (720p),02,
纪录片,no,Pluto TV History,US,1,Pluto TV History,Pluto TV History,02,
纪录片,no,Pluto TV Investigação,US,1,,Pluto TV Investigação,02,
纪录片,no,Pluto TV Mystery,DE,1,,Pluto TV Mystery,02,
纪录片,no,Pluto TV Natura,DE,1,,Pluto TV Natura,02,
纪录片,no,Pluto TV Naturaleza,US,1,,Pluto TV Naturaleza,02,
纪录片,no,Pluto TV Nature,DE,1,,Pluto TV Nature,02,
纪录片,no,Pluto TV Negócio Fechado,US,1,,Pluto TV Negócio Fechado,02,
纪录片,no,Pluto TV PetrolHeads,DE,1,,Pluto TV PetrolHeads,02,
纪录片,no,Pluto TV Policial,US,1,,Pluto TV Policial,02,
纪录片,no,Pluto TV Reportagen,DE,1,,Pluto TV Reportagen,02,
纪录片,no,Pluto TV Science (US),US,1,,Pluto TV Science,02,
纪录片,no,Pluto TV Space (SE),SE,1,,Pluto TV Space,02,
纪录片,no,Pluto TV Storia,DE,1,,Pluto TV Storia,02,
纪录片,no,Pluto TV Tough Jobs,DE,1,,Pluto TV Tough Jobs,02,
纪录片,no,Pluto TV Turbo,US,1,,Pluto TV Turbo,02,
纪录片,no,Pluto TV Världskrigen,SE,1,,Pluto TV Världskrigen,02,
纪录片,no,Polsat Viasat History,PL,1,,Polsat Viasat History (1080p),02,
纪录片,no,RL PRO TV,CD,1,,RL PRO TV,02,
纪录片,no,RT Documentary English,RU,1,,RT Documentary English (1080p) [Geo-blocked];RT Documentary English Ⓖ,02;11,
纪录片,no,RT Documentary Russian,RU,1,,RT Documentary Russian (1080p),02,
纪录片,no,Reelz,US,1,,Reelz (720p),02,
纪录片,no,Safari TV,IN,1,,Safari TV (576p),02,
纪录片,no,Sensing Murder,US,1,,Sensing Murder,02,
纪录片,no,Smithsonian Channel Selects,US,1,Smithsonian Channel Selects,Smithsonian Channel Selects,02,
纪录片,no,Spektrum (CZ),CZ,1,,Spektrum,02,
纪录片,no,Spektrum (HU),HU,1,,Spektrum,02,
纪录片,no,Spike Pluto TV,US,1,,Spike Pluto TV,02,
纪录片,no,Storie Criminali,ES,1,,Storie Criminali,02,
纪录片,no,TV8 (MD),MD,1,,TV8 [Not 24/7],02,
纪录片,no,TVS Hollywood History,US,1,TVS Hollywood History,TVS Hollywood History (582p),02,
纪录片,no,Teen Mom (US),US,1,,Teen Mom,02,
纪录片,no,Terra Mater WILD,DE,1,,Terra Mater WILD (1080p),02,
纪录片,no,Terra Mater WILD English,DE,1,,Terra Mater WILD English (1080p),02,
纪录片,no,The Nest,US,1,,The Nest (1080p),02,
纪录片,no,Top Secret,RU,1,,Top Secret (576p),02,
纪录片,no,Total Crime,CA,1,,Total Crime (1080p),02,
纪录片,no,True History,US,1,True History,True History (720p),02,
纪录片,no,UMSA TVU Internacional,BO,1,,UMSA TVU Internacional (720p),02,
纪录片,no,Unidentified,US,1,,Unidentified (1080p),02,
纪录片,no,Viasat Explore (CZ),CZ,1,,Viasat Explore,02,
纪录片,no,Viasat Explore (SE),SE,1,,Viasat Explore [Not 24/7],02,
纪录片,no,Viasat History (CZ),CZ,1,,Viasat History,02,
纪录片,no,Viasat History (SE),SE,1,,Viasat History [Not 24/7],02,
纪录片,no,Viasat History (UA),UA,1,,Viasat History,02,
纪录片,no,Viasat Nature (CZ),CZ,1,,Viasat Nature,02,
纪录片,no,Viasat Nature (SE),SE,1,,Viasat Nature [Not 24/7],02,
纪录片,no,WaterBear,CH,1,,WaterBear (1080p),02,
纪录片,no,Zylo Into Crime,FR,1,,Zylo Into Crime (1080p),02,
纪录片,no,viju Explore,RU,1,,viju Explore (576p),02,
纪录片,no,viju History,RU,1,,viju History (576p),02,
纪录片,no,viju Nature,RU,1,,viju Nature (576p),02,
纪录片,no,viju+ Planet,RU,1,,viju+ Planet HD (1080p),02,
纪录片,no,ČT 2,CZ,1,,ČT 2;ČT2,02;11,
纪录片,no,Сити Эдем КиноДок,RU,1,,Сити Эдем КиноДок [Not 24/7],02,
港台综艺,no,明珠台,,6,,明珠台「字幕」;明珠台;TVB明珠台;明珠台「WebVTT字幕」,01;21;22,
港台综艺,no,星河頻道,,6,星河頻道,无线星河;TVB星河;TVB 星河台,01;18;20;21,
港台综艺,no,澳視澳門,,4,,澳视澳门;澳視澳門;澳門蓮花,01;21,
港台综艺,no,J2,,2,,「HK」J2;TVB Plus,14;21,TVB Plus
港台综艺,no,TVB Plus,,2,,TVB Plus「字幕」;TVB Plus「WebVTT字幕」,01,
港台综艺,no,三立戲劇台,,1,,三立戏剧,21,
港台综艺,no,千禧經典台,,1,,千禧經典台,01,
港台综艺,no,東森洋片台,,1,東森洋片台,东森洋片,18;19;23;24,
港台综艺,no,永夜星河,,1,,永夜星河,21,
港台综艺,no,龍華偶像台,,1,,龍華偶像台,01,
港台综艺,no,龍華卡通台,,1,,龍華卡通台,01,
港台综艺,no,龍華戲劇台,,1,,龍華戲劇台,01,
港台综艺,no,龍華日韓台,,1,,龍華日韓台,01,
港台综艺,no,龍華洋片台,,1,,龍華洋片台,01,
港台综艺,no,龍華經典台,,1,,龍華經典台,01,
港台综艺,no,龍華電影台,,1,,龍華電影台,01,
港澳台,yes,TVBS亚洲,,3,,TVBS亚洲,14;18;19,
港澳台,yes,人间卫视,,3,,人间卫视,14;21;22;23;24,
港澳台,yes,Pet Club TV,HK,2,,Pet Club TV (1080p);Pet Club TV,01;02,
港澳台,yes,AXN Asia Taiwan,SG,1,,AXN Asia Taiwan (1080p),02;08,
港澳台,yes,Asian Drama,HK,1,,Asian Drama (1080p),02,
港澳台,yes,Beautiful Life TV,TW,1,,Beautiful Life TV,02;08,
港澳台,yes,CGNTV Chinese,TW,1,,CGNTV Chinese (1080p),02;08,
港澳台,yes,Golden Jade,HK,1,,Golden Jade (1080p),02,
港澳台,yes,HOY 國際財經台,,1,,HOY 國際財經台,01,
港澳台,yes,Mei Ah Movie Channel,HK,1,,Mei Ah Movie Channel (1080p),02,
港澳台,yes,RTHK33,,1,,RTHK33,01,
港澳台,yes,Supreme Master TV,TW,1,,Supreme Master TV (720p),02;08,
港澳台,yes,TVB Drama,,1,,TVB Drama,01,
港澳台,yes,TVB Vietnam,VN,1,,TVB Vietnam (1080p),02,
港澳台,yes,TVB 功夫台,,1,,TVB 功夫台,01,
港澳台,yes,TVB1,,1,,TVB1,01,
港澳台,yes,TVBJ1,,1,,TVBJ1,01,
港澳台,yes,Taiwan Indigenous TV,TW,1,,Taiwan Indigenous TV (720p),02;08,
港澳台,yes,ViuTVsix,,1,,ViuTVsix,01,
港澳台,yes,东森美洲,,1,,东森美洲,14,
港澳台,yes,东森超视,,1,,东森超视,18;19,
港澳台,yes,唯心電視,TW,1,,唯心電視 (480p),02;08,
港澳台,yes,广西玉林大容山莲花山顶,,1,,广西玉林大容山莲花山顶,23;24,
港澳台,yes,澳视卫星,,1,,澳视卫星,21,
港澳台,yes,澳門綜藝,,1,,澳門綜藝,01,
港澳台,yes,澳門衛星,,1,,澳門衛星,01,
港澳台,yes,澳門體育,,1,,澳門體育,01,
港澳台,yes,澳门卫视,,1,,澳门卫视;澳视卫星,21,澳视卫星
港澳台,yes,纬来精采,,1,,纬来精采,21;22,
港澳台,yes,美亚C+,,1,,美亚C+,21;22,
港澳台,yes,香港卫视,,1,,香港卫视,21,
新马,yes,Aniplus Asia,SG,1,,Aniplus Asia (720p),02,
新马,yes,CNA International,SG,1,,CNA International (576p),02,
新马,yes,CNA Originals,SG,1,,CNA Originals (1080p),02,
新马,yes,Channel 8 (SG),SG,1,,Channel 8;Channel 8 (720p),01;02,
新马,yes,Channel U,SG,1,,Channel U;Channel U (720p),01;02,
新马,yes,KCM,SG,1,,KCM (1080p) [Geo-blocked],02,
新马,yes,Maah TV,MY,1,,Maah TV (720p),02,
新马,yes,Zoo Moo (Australia),SG,1,,Zoo Moo (Australia) (1080p),02,
日本,yes,Shop Channel,JP,2,,Shop Channel;Shop Channel (1080p) [Not 24/7];ショップチャンネル,02;11;14,ショップチャンネル
日本,yes,CGNTV Japan,JP,1,,CGNTV Japan (1080p),02,
日本,yes,GSTV,JP,1,,GSTV (720p),02,
日本,yes,JOAX-DTV,JP,1,,JOAX-DTV,02,
日本,yes,JOCX-DTV,JP,1,,JOCX-DTV;フジテレビ,02;11,フジテレビ
日本,yes,JOEX-DTV,JP,1,,JOEX-DTV (540p);テレビ朝日,02;11,テレビ朝日
日本,yes,JOJG-DTV,JP,1,,JOJG-DTV (1080p),02,
日本,yes,JORX-DTV,JP,1,,JORX-DTV;TBSテレビ,02;11,TBSテレビ
日本,yes,JOTX-DTV,JP,1,,JOTX-DTV;テレビ東京,02;11,テレビ東京
日本,yes,MBSニュース,JP,1,,MBSニュース,11,
日本,yes,NHK General TV,JP,1,,NHK General TV (720p);NHK総合 (東京),02;11,NHK総合 (東京)
日本,yes,NHK World Premium,JP,1,,NHK World Premium (720p),02,
日本,yes,QVC (JP),JP,1,,QVC (1080p),02,
日本,yes,Weathernews,JP,1,,Weathernews (720p);ウェザーニュースLiVE,02;11,ウェザーニュースLiVE
数字频道,yes,CHC家庭影院,,5,,CHC家庭影院,18;19,
数字频道,yes,重温经典,,4,,重温经典,01;13;21,
数字频道,yes,CHC动作电影,,3,,CHC动作电影,18;19,
数字频道,yes,南国都市,,3,,南国都市;南国都市4K,21;22;23;24,南国都市4K
数字频道,yes,CHC影迷电影,,1,,CHC影迷电影,13,
数字频道,yes,CHC电影,,1,,CHC电影,23;24,
数字频道,yes,IasiTV Life,RO,1,,IasiTV Life (1080p) [Not 24/7],02,
数字频道,yes,NewTV,PL,1,,NewTV (1080p),02,
数字频道,yes,NewTV动作电影,,1,,NewTV动作电影,18;20,
数字频道,yes,SiTV,DO,1,,SiTV (1080p) [Not 24/7],02,
数字频道,yes,四川科教,,1,,四川科教,21;23;24,
地方,yes,广州综合,CN,7,,广州综合;Guangzhou TV,01;02;18;19;20;21;22;23;24,Guangzhou TV
地方,yes,广西国际,,6,,广西国际,18;19;20;23;24,
地方,yes,广西新闻,,5,,广西新闻,18;19,
地方,yes,浙江国际,,5,,浙江国际,18;19;21;22;23;24,
地方,yes,浙江新闻,,5,,浙江新闻,18;19;21;22;23;24,
地方,yes,浙江民生,,5,,浙江民生;浙江民生休闲,18;19;21;22;23;24,浙江民生休闲
地方,yes,云霄综合,,4,,云霄综合,18;20;23;24,
地方,yes,广东珠江,,4,,广东珠江,01;18;19;20;21,
地方,yes,开化国家公园,,4,,开化国家公园,18;20;23;24;26,
地方,yes,浙江少儿,,4,,浙江少儿,18;19;21;22;23;24,
地方,yes,福建旅游,,4,,福建旅游,18;19;23;24,
地方,yes,萧山生活,,4,,萧山生活;萧山生活频道,18;20;23;24;26,萧山生活频道
地方,yes,余姚姚江文化,,3,,余姚姚江文化,18;20;23;24;26,
地方,yes,余姚综合,,3,,余姚综合,18;20;23;24,
地方,yes,兵器科技,,3,,兵器科技,18;19;23;24,
地方,yes,天龙八部,,3,,天龙八部,18;20;21,
地方,yes,广东民生,,3,,广东民生,18;19;23;24,
地方,yes,广安公共,,3,,广安公共,18;20;21;23;24,
地方,yes,新野综合,,3,,新野综合,18;20;23;24,
地方,yes,水浒传,,3,,水浒传,18;19;20,
地方,yes,汶川新闻综合,,3,,汶川新闻综合,18;20;23;24,
地方,yes,河北农民,,3,,河北农民,18;20;23;24,
地方,yes,浙江经济,,3,,浙江经济;浙江经济生活,18;19;23;24,浙江经济生活
地方,yes,浙江经济生活,,3,,浙江经济生活;浙江经济,18;19;21;22;23;24,浙江经济
地方,yes,浙江钱江,,3,,浙江钱江;钱江都市,18;19;21;22;23;24,钱江都市
地方,yes,笑傲江湖,,3,,笑傲江湖,18;20;21;23;24,
地方,yes,苏州4K,,3,,苏州4k;苏州新闻综合;苏州4K,13;18;19;21;22;23;24,苏州新闻综合
地方,yes,荥阳综合,,3,,荥阳综合,18;20;23;24,
地方,yes,西游记,,3,,西游记,18;19;20;21,
地方,yes,诸暨新闻综合,,3,,诸暨新闻综合,18;20;23;24;26,
地方,yes,风云剧场,,3,,风云剧场,18;19;23;24,
地方,yes,风云音乐,,3,,风云音乐,18;19;23;24,
地方,yes,龙游新闻综合,,3,,龙游新闻综合,18;20;23;24;26,
地方,yes,龙游生活娱乐,,3,,龙游生活娱乐,18;20;23;24;26,
地方,yes,七龙珠,,2,,七龙珠,18;20;21;23;24,
地方,yes,三国演义,,2,,三国演义,18;20;21,
地方,yes,三明新闻综合,,2,,三明新闻综合,18;20;23;24,
地方,yes,上虞新闻综合,,2,,上虞新闻综合,18;20;23;24;26,
地方,yes,中华小当家,,2,,中华小当家,18;20;21;23;24,
地方,yes,云和新闻综合,,2,,云和新闻综合,18;20;21;23;24;26,
地方,yes,亚洲新闻,,2,,「SG」亚洲新闻,14,
地方,yes,亳州农村,,2,,亳州农村,18;20;23;24,
地方,yes,伊犁哈萨克,CN,2,,Xinjiang TV 2;伊犁哈萨克,02;18;19;23;24,Xinjiang TV 2
地方,yes,伊犁经济法制,,2,,伊犁经济法制,18;19;23;24,
地方,yes,伊犁维吾尔,CN,2,,Xinjiang TV 3;伊犁维吾尔,02;18;19;23;24,Xinjiang TV 3
地方,yes,余姚新闻综合,,2,,余姚新闻综合,18;20;23;24;26,
地方,yes,余杭未来E,,2,,余杭未来E;余杭未来E频道,18;20;23;24;26,余杭未来E频道
地方,yes,余杭综合,,2,,余杭综合;余杭综合频道,18;20;23;24;26,余杭综合频道
地方,yes,倚天屠龙记,,2,,倚天屠龙记,21;23;24,
地方,yes,半岛新闻「阿拉伯」,,2,,半岛新闻「阿拉伯」;「QA」半岛新闻「阿拉伯」,14,
地方,yes,哈尔滨娱乐,,2,,哈尔滨娱乐,21;23;24,
地方,yes,太谷新闻综合,,2,,太谷新闻综合,18;19;23;24,
地方,yes,央视台球,,2,,央视台球,18;19,
地方,yes,射雕英雄传,,2,,射雕英雄传,18;20;21;23;24,
地方,yes,少年包青天第一部,,2,,少年包青天第一部,21,
地方,yes,嵊州新闻综合,,2,,嵊州新闻综合,18;20;23;24;26,
地方,yes,嵊泗综合,,2,,嵊泗综合;嵊泗新闻综合;嵊州新闻综合,18;20;23;24;26,嵊泗新闻综合;嵊州新闻综合
地方,yes,平湖新闻综合,,2,,平湖新闻综合,23;24;26,
地方,yes,平湖民生休闲,,2,,平湖民生休闲,18;20;23;24;26,
地方,yes,广州新闻,,2,,广州新闻,01;21;22;23;24,
地方,yes,广西广播,,2,,广西广播,14,
地方,yes,庆元综合,,2,,庆元综合;庆元综合频道,18;20;23;24;26,庆元综合频道
地方,yes,开化新闻综合,,2,,开化新闻综合,18;20;23;24;26,
地方,yes,敦化一套,,2,,敦化一套,23;24,
地方,yes,文成综合,,2,,文成综合,18;20;23;24,
地方,yes,普陀电视台,,2,,普陀电视台;普陀新闻综合,18;19;23;24;26,普陀新闻综合
地方,yes,松潘新闻综合,,2,,松潘新闻综合,18;20;23;24,
地方,yes,松阳综合,,2,,松阳综合;松阳综合频道,18;20;23;24;26,松阳综合频道
地方,yes,武义新闻综合,,2,,武义新闻综合,18;20;23;24;26,
地方,yes,河北广播,,2,,河北广播,14,
地方,yes,洞头综合,,2,,洞头综合;洞头综合频道,18;20;23;24;26,洞头综合频道
地方,yes,浙江公共新闻,,2,,浙江公共新闻,18;19;23;24,
地方,yes,浙江教科,,2,,浙江教科;浙江教科影视,18;19;21;22;23;24,浙江教科影视
地方,yes,浙江教科影视,,2,,浙江教科影视,18;19;23;24,
地方,yes,浙江数码时代,,2,,浙江数码时代;数码时代,18;19;23;24,数码时代
地方,yes,浙江钱江都市,,2,,浙江钱江都市,18;20;23;24,
地方,yes,海南新闻,,2,,海南新闻,18;20;21;23;24,
地方,yes,涟水电视台综合,,2,,涟水电视台综合;泗洪新闻综合,18;20;23;24,泗洪新闻综合
地方,yes,淮安影院娱乐,,2,,淮安影院娱乐,18;20;23;24,
地方,yes,猫和老鼠,,2,,猫和老鼠,18;20;21;23;24,
地方,yes,神雕侠侣,,2,,神雕侠侣,21,
地方,yes,第一剧场,,2,,第一剧场,18;19,
地方,yes,经典电影,,2,,经典电影,18;19;20;23;24,
地方,yes,缙云综合,,2,,缙云综合,18;20;23;24,
地方,yes,苍南新闻综合,,2,,苍南新闻综合,23;24;26,
地方,yes,荆门新闻综合,,2,,荆门新闻综合,18;20;23;24,
地方,yes,营山电视台,,2,,营山电视台,18;20;23;24,
地方,yes,衢江新闻综合,,2,,衢江新闻综合,23;24;26,
地方,yes,象山综合,,2,,象山综合;象山新闻综合,18;19;21;23;24;26,象山新闻综合
地方,yes,贵州广播,,2,,贵州广播,14,
地方,yes,辽宁都市,,2,,辽宁都市,18;20;21;23;24,
地方,yes,邢台综合,,2,,邢台综合,18;20;21;23;24,
地方,yes,都市剧场,,2,,都市剧场,18;19;23;24,
地方,yes,镇江新闻综合,,2,,镇江新闻综合,18;20;23;24,
地方,yes,靖江新闻综合,,2,,靖江新闻综合,18;20;23;24;26,
地方,yes,黄山新闻综合,,2,,黄山新闻综合,18;20;23;24,
地方,yes,1987年春晚,,1,,1987年春晚,21;22;23;24,
地方,yes,1988年春晚,,1,,1988年春晚,21;22;23;24,
地方,yes,1989年春晚,,1,,1989年春晚,21;22;23;24,
地方,yes,2025年春晚,,1,,2025年春晚,21,
地方,yes,2025年春晚 4K,,1,,2025年春晚 4K;2025年春晚,21;22;23;24,2025年春晚
地方,yes,AMC音乐,,1,,AMC音乐,23;24,
地方,yes,Astro 歡喜台,,1,,Astro 歡喜台,01,
地方,yes,CNR 中国之声,,1,,CNR 中国之声,14,
地方,yes,CNR 文艺之声,,1,,CNR 文艺之声,14,
地方,yes,CNR 经济之声,,1,,CNR 经济之声,14,
地方,yes,CRI HIT FM (广州),,1,,CRI HIT FM (广州),14,
地方,yes,CRI 华语环球广播,,1,,CRI 华语环球广播,14,
地方,yes,CRI 南海之声,,1,,CRI 南海之声,14,
地方,yes,CRI 环球信息广播 FM90.5,,1,,CRI 环球信息广播 FM90.5,14,
地方,yes,CRI 环球资讯广播,,1,,CRI 环球资讯广播,14,
地方,yes,CRI 粤语国际,,1,,CRI 粤语国际,14,
地方,yes,CRI 英语环球广播 China Plus Radio,,1,,CRI 英语环球广播 China Plus Radio,14,
地方,yes,Deluxe Lounge 「自然」,,1,,Deluxe Lounge HD「自然」,14,
地方,yes,M-Radio全国广播,,1,,M-Radio全国广播,14,
地方,yes,RT Arabic（阿语）,,1,,RT Arabic（阿语）,21;22,
地方,yes,RT Balkan （塞尔维亚语）,,1,,RT Balkan （塞尔维亚语）,21;22,
地方,yes,RT DE（德语）,,1,,RT DE（德语）,21;22,
地方,yes,RT Doc-Русский（俄语纪录）,,1,,RT Doc-Русский（俄语纪录）,21;22,
地方,yes,RT Español（西语）,,1,,RT Español（西语）,21;22,
地方,yes,RT Français（法语）,,1,,RT Français（法语）,21;22,
地方,yes,RT News（英语国际）,,1,,RT News（英语国际）,21;22,
地方,yes,VOA美国之音,CN,1,,VOA美国之音 (1080p),02,
地方,yes,「中」于文文-体面,,1,,「中」于文文-体面,14,
地方,yes,「中」任齐贤-心太软,,1,,「中」任齐贤-心太软,14,
地方,yes,「中」光良-童话,,1,,「中」光良-童话,14,
地方,yes,「中」光良-第一次,,1,,「中」光良-第一次,14,
地方,yes,「中」冷漠-不要再说你还爱我,,1,,「中」冷漠-不要再说你还爱我,14,
地方,yes,「中」冷漠-再爱也没有用,,1,,「中」冷漠-再爱也没有用,14,
地方,yes,「中」凤凰传奇-今生的缘,,1,,「中」凤凰传奇-今生的缘,14,
地方,yes,「中」凤凰传奇-华夏传说,,1,,「中」凤凰传奇-华夏传说,14,
地方,yes,「中」凤凰传奇-御龙归字谣,,1,,「中」凤凰传奇-御龙归字谣,14,
地方,yes,「中」凤凰传奇-温柔姑娘,,1,,「中」凤凰传奇-温柔姑娘,14,
地方,yes,「中」卓依婷-东南西北风,,1,,「中」卓依婷-东南西北风,14,
地方,yes,「中」卓依婷-免失志,,1,,「中」卓依婷-免失志,14,
地方,yes,「中」卓依婷-同一首歌,,1,,「中」卓依婷-同一首歌,14,
地方,yes,「中」卓依婷-夜来香,,1,,「中」卓依婷-夜来香,14,
地方,yes,「中」卓依婷-大家一起来DJ,,1,,「中」卓依婷-大家一起来DJ,14,
地方,yes,「中」卓依婷-山不转水转,,1,,「中」卓依婷-山不转水转,14,
地方,yes,「中」卓依婷-心挂意无处用,,1,,「中」卓依婷-心挂意无处用,14,
地方,yes,「中」卓依婷-捉泥鳅,,1,,「中」卓依婷-捉泥鳅,14,
地方,yes,「中」卓依婷-无情的班机,,1,,「中」卓依婷-无情的班机,14,
地方,yes,「中」卓依婷-无聊的爱情,,1,,「中」卓依婷-无聊的爱情,14,
地方,yes,「中」卓依婷-无言的结局,,1,,「中」卓依婷-无言的结局,14,
地方,yes,「中」卓依婷-旧情也绵绵,,1,,「中」卓依婷-旧情也绵绵,14,
地方,yes,「中」卓依婷-杜十娘,,1,,「中」卓依婷-杜十娘,14,
地方,yes,「中」卓依婷-梦醒十分,,1,,「中」卓依婷-梦醒十分,14,
地方,yes,「中」卓依婷-橄榄树,,1,,「中」卓依婷-橄榄树,14,
地方,yes,「中」卓依婷-歹路不通行,,1,,「中」卓依婷-歹路不通行,14,
地方,yes,「中」卓依婷-流星雨,,1,,「中」卓依婷-流星雨,14,
地方,yes,「中」卓依婷-爱情一阵风,,1,,「中」卓依婷-爱情一阵风,14,
地方,yes,「中」卓依婷-爱拼才会赢,,1,,「中」卓依婷-爱拼才会赢,14,
地方,yes,「中」卓依婷-电话情思,,1,,「中」卓依婷-电话情思,14,
地方,yes,「中」卓依婷-看不见温柔,,1,,「中」卓依婷-看不见温柔,14,
地方,yes,「中」卓依婷-美酒加咖啡,,1,,「中」卓依婷-美酒加咖啡,14,
地方,yes,「中」卓依婷-莫辜负好时光,,1,,「中」卓依婷-莫辜负好时光,14,
地方,yes,「中」卓依婷-萍聚,,1,,「中」卓依婷-萍聚,14,
地方,yes,「中」卓依婷-蜗牛与黄鹂鸟,,1,,「中」卓依婷-蜗牛与黄鹂鸟,14,
地方,yes,「中」卓依婷-谢谢你的爱,,1,,「中」卓依婷-谢谢你的爱,14,
地方,yes,「中」卓依婷-采红菱,,1,,「中」卓依婷-采红菱,14,
地方,yes,「中」卓依婷-雨过天晴,,1,,「中」卓依婷-雨过天晴,14,
地方,yes,「中」卓依婷-鲁冰花,,1,,「中」卓依婷-鲁冰花,14,
地方,yes,「中」原版大鱼海棠,,1,,「中」原版大鱼海棠,14,
地方,yes,「中」只问你肯不肯,,1,,「中」只问你肯不肯,14,
地方,yes,「中」叶倩文-伤逝,,1,,「中」叶倩文-伤逝,14,
地方,yes,「中」叶倩文-我的爱对你说,,1,,「中」叶倩文-我的爱对你说,14,
地方,yes,「中」叶倩文-曾经心痛,,1,,「中」叶倩文-曾经心痛,14,
地方,yes,「中」叶倩文-潇洒走一回,,1,,「中」叶倩文-潇洒走一回,14,
地方,yes,「中」吕方-多爱你一天,,1,,「中」吕方-多爱你一天,14,
地方,yes,「中」吕方-朋友别哭,,1,,「中」吕方-朋友别哭,14,
地方,yes,「中」周华健-朋友,,1,,「中」周华健-朋友,14,
地方,yes,「中」周华健-风雨无阻,,1,,「中」周华健-风雨无阻,14,
地方,yes,「中」周慧敏-痴心换情深,,1,,「中」周慧敏-痴心换情深,14,
地方,yes,「中」如梦令,,1,,「中」如梦令,14,
地方,yes,「中」孟庭苇-不下雨就出太阳吧,,1,,「中」孟庭苇-不下雨就出太阳吧,14,
地方,yes,「中」孟庭苇-你看你看月亮的脸,,1,,「中」孟庭苇-你看你看月亮的脸,14,
地方,yes,「中」孟庭苇-你究竟有多少个好妹妹,,1,,「中」孟庭苇-你究竟有多少个好妹妹,14,
地方,yes,「中」孟庭苇-冬季到台北来看雨,,1,,「中」孟庭苇-冬季到台北来看雨,14,
地方,yes,「中」孟庭苇-我说的谎都是真的,,1,,「中」孟庭苇-我说的谎都是真的,14,
地方,yes,「中」孟庭苇-把思念寄托远方,,1,,「中」孟庭苇-把思念寄托远方,14,
地方,yes,「中」孟庭苇-无声的雨,,1,,「中」孟庭苇-无声的雨,14,
地方,yes,「中」孟庭苇-春雪,,1,,「中」孟庭苇-春雪,14,
地方,yes,「中」孟庭苇-爱你太深,,1,,「中」孟庭苇-爱你太深,14,
地方,yes,「中」孟庭苇-真的还是假的,,1,,「中」孟庭苇-真的还是假的,14,
地方,yes,「中」孟庭苇-红雨,,1,,「中」孟庭苇-红雨,14,
地方,yes,「中」孟庭苇-谁的眼泪在飞,,1,,「中」孟庭苇-谁的眼泪在飞,14,
地方,yes,「中」孟庭苇-过冬,,1,,「中」孟庭苇-过冬,14,
地方,yes,「中」孟庭苇-雾里看花,,1,,「中」孟庭苇-雾里看花,14,
地方,yes,「中」孟庭苇-风中有朵雨做的云,,1,,「中」孟庭苇-风中有朵雨做的云,14,
地方,yes,「中」孟庭苇-风里的梦,,1,,「中」孟庭苇-风里的梦,14,
地方,yes,「中」小凤凤爱情一阵风,,1,,「中」小凤凤爱情一阵风,14,
地方,yes,「中」屋顶着火宋茜,,1,,「中」屋顶着火宋茜,14,
地方,yes,「中」巫启贤-只因你伤心,,1,,「中」巫启贤-只因你伤心,14,
地方,yes,「中」巫启贤-太傻,,1,,「中」巫启贤-太傻,14,
地方,yes,「中」张学友-一颗不变心,,1,,「中」张学友-一颗不变心,14,
地方,yes,「中」张学友-只想一生跟你走,,1,,「中」张学友-只想一生跟你走,14,
地方,yes,「中」张惠妹-别在伤口撒盐,,1,,「中」张惠妹-别在伤口撒盐,14,
地方,yes,「中」张智霖-片片枫叶情,,1,,「中」张智霖-片片枫叶情,14,
地方,yes,「中」张智霖-现代爱情故事,,1,,「中」张智霖-现代爱情故事,14,
地方,yes,「中」张杰-就算没有如果,,1,,「中」张杰-就算没有如果,14,
地方,yes,「中」张杰-浮诛,,1,,「中」张杰-浮诛,14,
地方,yes,「中」张秀卿车站,,1,,「中」张秀卿车站,14,
地方,yes,「中」彭佳慧-回味,,1,,「中」彭佳慧-回味,14,
地方,yes,「中」我愿意平凡的陪在你身旁,,1,,「中」我愿意平凡的陪在你身旁,14,
地方,yes,「中」我曾,,1,,「中」我曾,14,
地方,yes,「中」损茜茹/马良-往后余生,,1,,「中」损茜茹/马良-往后余生,14,
地方,yes,「中」摩登兄弟-探清水河,,1,,「中」摩登兄弟-探清水河,14,
地方,yes,「中」李圣杰-痴心绝对,,1,,「中」李圣杰-痴心绝对,14,
地方,yes,「中」李翊君-诺言,,1,,「中」李翊君-诺言,14,
地方,yes,「中」杨小壮-孤芳自赏,,1,,「中」杨小壮-孤芳自赏,14,
地方,yes,「中」杨曼-9999滴眼泪,,1,,「中」杨曼-9999滴眼泪,14,
地方,yes,「中」杨钰莹-我不想说,,1,,「中」杨钰莹-我不想说,14,
地方,yes,「中」杨钰莹-等你一万年,,1,,「中」杨钰莹-等你一万年,14,
地方,yes,「中」杨钰莹-红彤彤的春天,,1,,「中」杨钰莹-红彤彤的春天,14,
地方,yes,「中」杨钰莹-轻轻告诉你,,1,,「中」杨钰莹-轻轻告诉你,14,
地方,yes,「中」梁朝伟-一天一天爱恋,,1,,「中」梁朝伟-一天一天爱恋,14,
地方,yes,「中」梁静茹-勇气,,1,,「中」梁静茹-勇气,14,
地方,yes,「中」梁静茹-问,,1,,「中」梁静茹-问,14,
地方,yes,「中」毛不易-不染,,1,,「中」毛不易-不染,14,
地方,yes,「中」毛宁-晚秋,,1,,「中」毛宁-晚秋,14,
地方,yes,「中」毛宁-蓝蓝的夜蓝蓝的梦,,1,,「中」毛宁-蓝蓝的夜蓝蓝的梦,14,
地方,yes,「中」毛宁/杨钰莹-心雨,,1,,「中」毛宁/杨钰莹-心雨,14,
地方,yes,「中」江蕙-梦中的情话,,1,,「中」江蕙-梦中的情话,14,
地方,yes,「中」消愁,,1,,「中」消愁,14,
地方,yes,「中」王彩华-爱情的骗子我问你,,1,,「中」王彩华-爱情的骗子我问你,14,
地方,yes,「中」王菲-如风,,1,,「中」王菲-如风,14,
地方,yes,「中」王菲-执迷不悔,,1,,「中」王菲-执迷不悔,14,
地方,yes,「中」王菲-爱与痛的边缘,,1,,「中」王菲-爱与痛的边缘,14,
地方,yes,「中」王麟-伤不起,,1,,「中」王麟-伤不起,14,
地方,yes,「中」筷子兄弟-小苹果,,1,,「中」筷子兄弟-小苹果,14,
地方,yes,「中」纸短情长,,1,,「中」纸短情长,14,
地方,yes,「中」罗时丰-心事,,1,,「中」罗时丰-心事,14,
地方,yes,「中」罗时丰-擦掉彼句我爱你,,1,,「中」罗时丰-擦掉彼句我爱你,14,
地方,yes,「中」罗时丰-无情之梦,,1,,「中」罗时丰-无情之梦,14,
地方,yes,「中」罗时丰-爱情的路,,1,,「中」罗时丰-爱情的路,14,
地方,yes,「中」罗时丰-爱那么痛,,1,,「中」罗时丰-爱那么痛,14,
地方,yes,「中」罗时丰一定要成功,,1,,「中」罗时丰一定要成功,14,
地方,yes,「中」翁立友-为爱相逢,,1,,「中」翁立友-为爱相逢,14,
地方,yes,「中」翁立友-乎我理由,,1,,「中」翁立友-乎我理由,14,
地方,yes,「中」翁立友-今生今世,,1,,「中」翁立友-今生今世,14,
地方,yes,「中」翁立友-前途,,1,,「中」翁立友-前途,14,
地方,yes,「中」翁立友-因为你的爱,,1,,「中」翁立友-因为你的爱,14,
地方,yes,「中」翁立友-坚持,,1,,「中」翁立友-坚持,14,
地方,yes,「中」翁立友-妈妈请你不通痛,,1,,「中」翁立友-妈妈请你不通痛,14,
地方,yes,「中」翁立友-思念的情泪,,1,,「中」翁立友-思念的情泪,14,
地方,yes,「中」翁立友-恁姊仔住市内,,1,,「中」翁立友-恁姊仔住市内,14,
地方,yes,「中」翁立友-情缘路,,1,,「中」翁立友-情缘路,14,
地方,yes,「中」翁立友-感恩,,1,,「中」翁立友-感恩,14,
地方,yes,「中」翁立友-我问天,,1,,「中」翁立友-我问天,14,
地方,yes,「中」翁立友-找巢,,1,,「中」翁立友-找巢,14,
地方,yes,「中」翁立友-拼命的坚持,,1,,「中」翁立友-拼命的坚持,14,
地方,yes,「中」翁立友-探听,,1,,「中」翁立友-探听,14,
地方,yes,「中」翁立友-沃澹的相片,,1,,「中」翁立友-沃澹的相片,14,
地方,yes,「中」翁立友-温暖家园,,1,,「中」翁立友-温暖家园,14,
地方,yes,「中」翁立友-爱情的陷阱,,1,,「中」翁立友-爱情的陷阱,14,
地方,yes,「中」翁立友-爱过无心,,1,,「中」翁立友-爱过无心,14,
地方,yes,「中」翁立友-独身仔的生活,,1,,「中」翁立友-独身仔的生活,14,
地方,yes,「中」翁立友-用泪写缘份,,1,,「中」翁立友-用泪写缘份,14,
地方,yes,「中」翁立友-甲妳惜命命,,1,,「中」翁立友-甲妳惜命命,14,
地方,yes,「中」翁立友-痴情雨,,1,,「中」翁立友-痴情雨,14,
地方,yes,「中」翁立友-行棋,,1,,「中」翁立友-行棋,14,
地方,yes,「中」翁立友-表示,,1,,「中」翁立友-表示,14,
地方,yes,「中」翁立友-迷魂香,,1,,「中」翁立友-迷魂香,14,
地方,yes,「中」翁立友-送你送到这,,1,,「中」翁立友-送你送到这,14,
地方,yes,「中」翁立友-阿公的茶,,1,,「中」翁立友-阿公的茶,14,
地方,yes,「中」翁立友-限时批,,1,,「中」翁立友-限时批,14,
地方,yes,「中」胡杨林-香水有毒,,1,,「中」胡杨林-香水有毒,14,
地方,yes,「中」草蜢-半点心,,1,,「中」草蜢-半点心,14,
地方,yes,「中」草蜢-失恋阵线联盟,,1,,「中」草蜢-失恋阵线联盟,14,
地方,yes,「中」草蜢-宝贝对不起,,1,,「中」草蜢-宝贝对不起,14,
地方,yes,「中」草蜢-忘情森巴舞,,1,,「中」草蜢-忘情森巴舞,14,
地方,yes,「中」蔡丽津月圆情,,1,,「中」蔡丽津月圆情,14,
地方,yes,「中」裘正海-爱你十分泪七分,,1,,「中」裘正海-爱你十分泪七分,14,
地方,yes,「中」誓言-求佛,,1,,「中」誓言-求佛,14,
地方,yes,「中」许茹芸-不爱我放了我,,1,,「中」许茹芸-不爱我放了我,14,
地方,yes,「中」许茹芸-如果云知道,,1,,「中」许茹芸-如果云知道,14,
地方,yes,「中」许茹芸-我依然爱你,,1,,「中」许茹芸-我依然爱你,14,
地方,yes,「中」许茹芸-泪海,,1,,「中」许茹芸-泪海,14,
地方,yes,「中」许茹芸-独角戏,,1,,「中」许茹芸-独角戏,14,
地方,yes,「中」谭咏麟/关淑怡-明天你是否依然爱我,,1,,「中」谭咏麟/关淑怡-明天你是否依然爱我,14,
地方,yes,「中」赵丽颖/张碧晨-望,,1,,「中」赵丽颖/张碧晨-望,14,
地方,yes,「中」赵方婧-芒种,,1,,「中」赵方婧-芒种,14,
地方,yes,「中」辛晓琪-仿佛是昨天,,1,,「中」辛晓琪-仿佛是昨天,14,
地方,yes,「中」辛晓琪-俩俩相忘,,1,,「中」辛晓琪-俩俩相忘,14,
地方,yes,「中」辛晓琪-味道,,1,,「中」辛晓琪-味道,14,
地方,yes,「中」辛晓琪-领悟,,1,,「中」辛晓琪-领悟,14,
地方,yes,「中」醉千年李袁杰,,1,,「中」醉千年李袁杰,14,
地方,yes,「中」阿冗-你的答案,,1,,「中」阿冗-你的答案,14,
地方,yes,「中」阿悠悠-你若三冬,,1,,「中」阿悠悠-你若三冬,14,
地方,yes,「中」陈倩倩-婴儿,,1,,「中」陈倩倩-婴儿,14,
地方,yes,「中」陈慧娴-千千阙歌,,1,,「中」陈慧娴-千千阙歌,14,
地方,yes,「中」陈慧娴-归来吧,,1,,「中」陈慧娴-归来吧,14,
地方,yes,「中」陈慧娴-红茶馆,,1,,「中」陈慧娴-红茶馆,14,
地方,yes,「中」陈慧娴-跳舞街,,1,,「中」陈慧娴-跳舞街,14,
地方,yes,「中」陈明真-为爱笑着流泪,,1,,「中」陈明真-为爱笑着流泪,14,
地方,yes,「中」陈明真-变心的翅膀,,1,,「中」陈明真-变心的翅膀,14,
地方,yes,「中」陈明真-情债,,1,,「中」陈明真-情债,14,
地方,yes,「中」陈明真-百万个吻,,1,,「中」陈明真-百万个吻,14,
地方,yes,「中」陈柯宇-生僻字,,1,,「中」陈柯宇-生僻字,14,
地方,yes,「中」陈淑苹-离家,,1,,「中」陈淑苹-离家,14,
地方,yes,「中」陈淑苹-黄昏之恋,,1,,「中」陈淑苹-黄昏之恋,14,
地方,yes,「中」陈瑞-一生的等待,,1,,「中」陈瑞-一生的等待,14,
地方,yes,「中」陈瑞-一辈子的真爱,,1,,「中」陈瑞-一辈子的真爱,14,
地方,yes,「中」陈瑞-分手了别来打扰我,,1,,「中」陈瑞-分手了别来打扰我,14,
地方,yes,「中」陈瑞-别思,,1,,「中」陈瑞-别思,14,
地方,yes,「中」陈瑞-天长地久,,1,,「中」陈瑞-天长地久,14,
地方,yes,「中」陈瑞-心中的牵挂,,1,,「中」陈瑞-心中的牵挂,14,
地方,yes,「中」陈瑞-有谁知道我在等你,,1,,「中」陈瑞-有谁知道我在等你,14,
地方,yes,「中」陈瑞-烛光里的妈妈,,1,,「中」陈瑞-烛光里的妈妈,14,
地方,yes,「中」陈瑞-红尘永相伴,,1,,「中」陈瑞-红尘永相伴,14,
地方,yes,「中」陈瑞-鱼和水的故事,,1,,「中」陈瑞-鱼和水的故事,14,
地方,yes,「中」陈百潭-初恋,,1,,「中」陈百潭-初恋,14,
地方,yes,「中」陈雪凝-你的酒馆对我打了烊,,1,,「中」陈雪凝-你的酒馆对我打了烊,14,
地方,yes,「中」马健淘-杀阡陌,,1,,「中」马健淘-杀阡陌,14,
地方,yes,「中」黄凯芹-相爱很难,,1,,「中」黄凯芹-相爱很难,14,
地方,yes,「中」龙梅子-泪满天,,1,,「中」龙梅子-泪满天,14,
地方,yes,「电影」大卫贝肯•倒霉特工熊,,1,,「电影」大卫贝肯•倒霉特工熊,14,
地方,yes,「电影」昆塔•反转星球,,1,,「电影」昆塔•反转星球,14,
地方,yes,「电影」棉花糖和云朵妈妈,,1,,「电影」棉花糖和云朵妈妈,14,
地方,yes,「电影」熊出没•变形记,,1,,「电影」熊出没•变形记,14,
地方,yes,「电影」猪猪侠•英雄猪少年,,1,,「电影」猪猪侠•英雄猪少年,14,
地方,yes,「韩」DJ Soda Remix 2021,,1,,「韩」DJ Soda Remix 2021,14,
地方,yes,七台河新闻综合,,1,,七台河新闻综合,18;19;21;23;24,
地方,yes,万州三峡移民,,1,,万州三峡移民,18;19;23;24,
地方,yes,万荣综合,,1,,万荣综合,23;24,
地方,yes,上海动感101,,1,,上海动感101,14,
地方,yes,上海第一财经广播,,1,,上海第一财经广播;上海第一财经,14;18;19;23;24,上海第一财经
地方,yes,上海长三角之声,,1,,上海长三角之声,14,
地方,yes,上虞文化影院,,1,,上虞文化影院;上虞文化影视,23;24;26,上虞文化影视
地方,yes,上虞新商都,,1,,上虞新商都,23;24;26,
地方,yes,与凤行,,1,,与凤行,21,
地方,yes,世界地理,,1,,世界地理,18;19,
地方,yes,东丰,,1,,东丰,23;24,
地方,yes,东丰综合,,1,,东丰综合,23;24,
地方,yes,东方影视,,1,,东方影视,18;20,
地方,yes,东莞新闻综合,,1,,东莞新闻综合,21;23;24,
地方,yes,东莞生活资讯,,1,,东莞生活资讯,21;23;24,
地方,yes,东阳影视生活,,1,,东阳影视生活,18;19;23;24,
地方,yes,中国交通,,1,,中国交通,21;23;24,
地方,yes,中国村庄,,1,,中国村庄,23;24,
地方,yes,中国蓝新闻,,1,,中国蓝新闻,18;19;23;24,
地方,yes,中央电视塔东,,1,,中央电视塔东,23;24,
地方,yes,中央电视塔南,,1,,中央电视塔南,23;24,
地方,yes,临平新闻频道,,1,,临平新闻频道,26,
地方,yes,丽江古城万古楼遥望玉龙雪山,,1,,丽江古城万古楼遥望玉龙雪山,23;24,
地方,yes,丽江古城大水车,,1,,丽江古城大水车,23;24,
地方,yes,丽江古城大研花巷观景,,1,,丽江古城大研花巷观景,23;24,
地方,yes,乌镇全景,,1,,乌镇全景,23;24,
地方,yes,乌镇蓝印花布,,1,,乌镇蓝印花布,23;24,
地方,yes,乌镇西市河,,1,,乌镇西市河,23;24,
地方,yes,乌镇龙形田,,1,,乌镇龙形田,23;24,
地方,yes,乌龙闯情关,,1,,乌龙闯情关,21,
地方,yes,乐山大佛全景,,1,,乐山大佛全景,23;24,
地方,yes,乐至综合,,1,,乐至综合,18;19;21;22;23;24,
地方,yes,九台,,1,,九台,23;24,
地方,yes,九台综合,,1,,九台综合,23;24,
地方,yes,云南丽江冰川,,1,,云南丽江冰川,23;24,
地方,yes,云南丽江印象实景,,1,,云南丽江印象实景,23;24,
地方,yes,云南丽江玉龙雪山,,1,,云南丽江玉龙雪山,23;24,
地方,yes,云南丽江玉龙雪山草甸,,1,,云南丽江玉龙雪山草甸,23;24,
地方,yes,云南丽江蓝月谷,,1,,云南丽江蓝月谷,23;24,
地方,yes,云南交通之声,,1,,云南交通之声,14,
地方,yes,云南国际广播,,1,,云南国际广播,14,
地方,yes,云南大理崇圣寺三塔中景,,1,,云南大理崇圣寺三塔中景,23;24,
地方,yes,云南大理崇圣寺三塔远景,,1,,云南大理崇圣寺三塔远景,23;24,
地方,yes,云南娱乐,,1,,云南娱乐,18;19;23;24,
地方,yes,云南广播,,1,,云南广播,14,
地方,yes,云南新闻广播,,1,,云南新闻广播,14,
地方,yes,云南民族广播,,1,,云南民族广播,14,
地方,yes,云南白沙远眺玉龙雪山,,1,,云南白沙远眺玉龙雪山,23;24,
地方,yes,云南经济广播•私家车电台,,1,,云南经济广播•私家车电台,14,
地方,yes,云南都市,,1,,云南都市,18;19;23;24,
地方,yes,五彩池,,1,,五彩池,23;24,
地方,yes,井研综合,,1,,井研综合,18;19;23;24,
地方,yes,亚洲武侠,,1,,亚洲武侠,21,
地方,yes,亚洲经典音乐台,,1,,亚洲经典音乐台,14,
地方,yes,亮剑,,1,,亮剑,21,
地方,yes,人与自然,,1,,人与自然,23;24,
地方,yes,人在囧途,,1,,人在囧途,21;22;23;24,
地方,yes,人在囧途之泰囧,,1,,人在囧途之泰囧,21;22;23;24,
地方,yes,人在囧途之港囧,,1,,人在囧途之港囧,21;22;23;24,
地方,yes,仁寿综合,,1,,仁寿综合,23;24,
地方,yes,仙剑奇侠传,,1,,仙剑奇侠传,18;20;21,
地方,yes,任丘综合,,1,,任丘综合,18;20;23;24,
地方,yes,伪装者,,1,,伪装者,21,
地方,yes,使徒行者,,1,,使徒行者,21,
地方,yes,倩女幽魂人间道,,1,,倩女幽魂人间道,21;22;23;24,
地方,yes,倩女幽魂妖魔道,,1,,倩女幽魂妖魔道,21;22;23;24,
地方,yes,倩女幽魂道道道,,1,,倩女幽魂道道道,21;22;23;24,
地方,yes,全国治安交通网,,1,,全国治安交通网,14,
地方,yes,八度空間,,1,,八度空間,01,
地方,yes,八里沟风景区天界山玻璃栈道,,1,,八里沟风景区天界山玻璃栈道,23;24,
地方,yes,八里沟风景区桃花湾瀑布,,1,,八里沟风景区桃花湾瀑布,23;24,
地方,yes,六安公共,,1,,六安公共,18;20;23;24,
地方,yes,六安新闻综合,,1,,六安新闻综合,18;20;23;24,
地方,yes,六盘山红军长征景区,,1,,六盘山红军长征景区,23;24,
地方,yes,兰溪新闻综合,,1,,兰溪新闻综合,18;20;23;24;26,
地方,yes,兴隆综合,,1,,兴隆综合,18;20;23;24,
地方,yes,兵团五师双河影,,1,,兵团五师双河影,23;24,
地方,yes,兵团五师双河新闻综合,,1,,兵团五师双河新闻综合,23;24,
地方,yes,兵团八师石河子新闻综合,,1,,兵团八师石河子新闻综合,23;24,
地方,yes,内蒙古新闻广播,,1,,内蒙古新闻广播,14,
地方,yes,内蒙古蒙语对外广播草原之声,,1,,内蒙古蒙语对外广播草原之声,14,
地方,yes,内蒙古蒙语新闻广播,,1,,内蒙古蒙语新闻广播,14,
地方,yes,冰冰影剧,,1,,冰冰影剧,21,
地方,yes,刀刀影院,,1,,刀刀影院,21,
地方,yes,刑事侦缉档案,,1,,刑事侦缉档案,21;23;24,
地方,yes,刘德华电影,,1,,刘德华电影,21;23;24,
地方,yes,创世纪,,1,,创世纪,21;23;24,
地方,yes,剑阁综合,,1,,剑阁综合,18;19;21;22;23;24,
地方,yes,功夫电影,,1,,功夫电影,21;23;24,
地方,yes,动感音乐台,,1,,动感音乐台,14,
地方,yes,北京广播,,1,,北京广播,14,
地方,yes,北京新闻,,1,,北京新闻,18;19;23;24,
地方,yes,华语金曲500首,,1,,华语金曲500首,14,
地方,yes,南京教科,,1,,南京教科,18;20;23;24,
地方,yes,南京新闻综合,,1,,南京新闻综合,18;20;23;24,
地方,yes,南京玄武湖公园,,1,,南京玄武湖公园,23;24,
地方,yes,南宁影视娱乐,,1,,南宁影视娱乐,18;19;23;24,
地方,yes,南宁都市生活,,1,,南宁都市生活,18;20;23;24,
地方,yes,厦门鼓浪屿,,1,,厦门鼓浪屿,23;24,
地方,yes,双辽,,1,,双辽,23;24,
地方,yes,双辽综合,,1,,双辽综合,23;24,
地方,yes,古县综合,,1,,古县综合,23;24,
地方,yes,古天乐电影,,1,,古天乐电影,21;23;24,
地方,yes,古装武侠,,1,,古装武侠,21,
地方,yes,句容党建频道,,1,,句容党建频道,26,
地方,yes,句容影视频道,,1,,句容影视频道,26,
地方,yes,句容影院,,1,,句容影院,23;24,
地方,yes,句容新闻综合,,1,,句容新闻综合,26,
地方,yes,句容生活频道,,1,,句容生活频道,26,
地方,yes,可克达拉综合,,1,,可克达拉综合,23;24,
地方,yes,台北广播电台AM1134,,1,,台北广播电台AM1134,14,
地方,yes,台北广播电台FM93.1,,1,,台北广播电台FM93.1,14,
地方,yes,吉林乡村,,1,,吉林乡村,18;19;23;24,
地方,yes,名侦探柯南,,1,,名侦探柯南,21,
地方,yes,名山综合,,1,,名山综合,18;19;23;24,
地方,yes,周星驰电影,,1,,周星驰电影,21;23;24,
地方,yes,呼伦贝尔汉语广播,,1,,呼伦贝尔汉语广播,14,
地方,yes,呼伦贝尔蒙语广播,,1,,呼伦贝尔蒙语广播,14,
地方,yes,哆啦A梦,,1,,哆啦A梦,21,
地方,yes,哈尔滨影视,,1,,哈尔滨影视,21;23;24,
地方,yes,哈尔滨新闻综合,,1,,哈尔滨新闻综合,21;23;24,
地方,yes,哈尔滨生活,,1,,哈尔滨生活,21;23;24,
地方,yes,哈尔滨资讯,,1,,哈尔滨资讯,23;24,
地方,yes,哈尔滨都市咨询,,1,,哈尔滨都市咨询,21;23;24,
地方,yes,唐诡之西行,,1,,唐诡之西行,21,
地方,yes,喜羊羊与灰太狼,,1,,喜羊羊与灰太狼,21,
地方,yes,嘉兴新闻综合,,1,,嘉兴新闻综合,23;24,
地方,yes,嘉峪关综合,,1,,嘉峪关综合,18;19;23;24,
地方,yes,四川交通广播,,1,,四川交通广播,14,
地方,yes,四川四姑娘山隆珠措,,1,,四川四姑娘山隆珠措,23;24,
地方,yes,四川岷江广播,,1,,四川岷江广播,14,
地方,yes,四川峨眉山云海日出,,1,,四川峨眉山云海日出,23;24,
地方,yes,四川峨眉山普贤菩萨铜像,,1,,四川峨眉山普贤菩萨铜像,23;24,
地方,yes,四川峨眉山远眺万佛顶,,1,,四川峨眉山远眺万佛顶,23;24,
地方,yes,四川峨眉山远眺贡嘎雪山,,1,,四川峨眉山远眺贡嘎雪山,23;24,
地方,yes,四川广播四川之声,,1,,四川广播四川之声,14,
地方,yes,四川私家车广播,,1,,四川私家车广播,14,
地方,yes,固镇新闻,,1,,固镇新闻,18;19;23;24,
地方,yes,地理中国,,1,,地理中国,23;24,
地方,yes,士兵突击,,1,,士兵突击,21,
地方,yes,大唐双龙传,,1,,大唐双龙传,21;23;24,
地方,yes,大时代,,1,,大时代,21;23;24,
地方,yes,大秦赋,,1,,大秦赋,21,
地方,yes,大象资讯台,,1,,大象资讯台,14,
地方,yes,天元围棋,,1,,天元围棋,18;19,
地方,yes,天映經典「新加坡」,,1,,天映經典「新加坡」,01,
地方,yes,天映經典「馬來西亞」,,1,,天映經典「馬來西亞」,01,
地方,yes,天映頻道「马来西亚」,,1,,天映頻道「马来西亚」,01,
地方,yes,天涯石,,1,,天涯石,23;24,
地方,yes,天祝综合,,1,,天祝综合,18;19;23;24,
地方,yes,天籁之音-国风,,1,,天籁之音-国风,14,
地方,yes,天籁古典,,1,,天籁古典,14,
地方,yes,夹江新闻综合,,1,,夹江新闻综合,23;24,
地方,yes,奎屯哈萨克语,,1,,奎屯哈萨克语,23;24,
地方,yes,奎屯汉语,,1,,奎屯汉语,23;24,
地方,yes,女性时尚,,1,,女性时尚,18;19,
地方,yes,如懿传,,1,,如懿传,21,
地方,yes,妙手仁心,,1,,妙手仁心,21;23;24,
地方,yes,娛樂新聞台,,1,,娛樂新聞台,01,
地方,yes,宁夏广播,,1,,宁夏广播,14,
地方,yes,宁夏新闻广播,,1,,宁夏新闻广播,14,
地方,yes,宇宙科幻合集,,1,,宇宙科幻合集,21;23;24,
地方,yes,安徽之声,,1,,安徽之声,14,
地方,yes,安徽交通广播,,1,,安徽交通广播,14,
地方,yes,安徽导视,,1,,安徽导视,23;24,
地方,yes,安徽广播,,1,,安徽广播,14,
地方,yes,安徽戏曲广播•动听995,,1,,安徽戏曲广播•动听995,14,
地方,yes,安徽故事广播,,1,,安徽故事广播,14,
地方,yes,安徽旅游广播•高速之声,,1,,安徽旅游广播•高速之声,14,
地方,yes,安徽池州九华山风景区九华山,,1,,安徽池州九华山风景区九华山,23;24,
地方,yes,安徽生活广播•城市之声,,1,,安徽生活广播•城市之声,14,
地方,yes,安徽经济广播,,1,,安徽经济广播,14,
地方,yes,安徽黟县芦村远眺,,1,,安徽黟县芦村远眺,23;24,
地方,yes,安徽黟县西递牌坊,,1,,安徽黟县西递牌坊,23;24,
地方,yes,定襄综合,,1,,定襄综合,18;19;23;24,
地方,yes,宜兴新闻,,1,,宜兴新闻,18;20,
地方,yes,宿州公共,,1,,宿州公共,18;20,
地方,yes,宿州新闻综合,,1,,宿州新闻综合,18;20,
地方,yes,宿州科教,,1,,宿州科教,18;20,
地方,yes,寒战,,1,,寒战,21;22;23;24,
地方,yes,寻秦记,,1,,寻秦记,21;23;24,
地方,yes,封神榜,,1,,封神榜,18;20;21;23;24,
地方,yes,少年包青天第三部,,1,,少年包青天第三部,21,
地方,yes,少年包青天第二部,,1,,少年包青天第二部,21,
地方,yes,山东交通广播,,1,,山东交通广播,14,
地方,yes,山东教育,,1,,山东教育,18;19;21;23;24,
地方,yes,山东生活,,1,,山东生活,23;24,
地方,yes,山东经典广播,,1,,山东经典广播,14,
地方,yes,山东经济广播,,1,,山东经济广播,14,
地方,yes,常熟民生,,1,,常熟民生,23;24,
地方,yes,平泉综合,,1,,平泉综合,18;20;23;24,
地方,yes,平遥新闻综合,,1,,平遥新闻综合,23;24,
地方,yes,广东广播,,1,,广东广播,14,
地方,yes,广东新闻,,1,,广东新闻,18;19,
地方,yes,广元公共,,1,,广元公共,18;19;21;23;24,
地方,yes,广元综合,,1,,广元综合,21;23;24,
地方,yes,广州南国都市,,1,,广州南国都市,01,
地方,yes,广州竞赛,,1,,广州竞赛,21,
地方,yes,广德生活,,1,,广德生活,18;19;23;24,
地方,yes,广西交通广播,,1,,广西交通广播,14,
地方,yes,广西北部湾之声,,1,,广西北部湾之声,14,
地方,yes,广西教育广播,,1,,广西教育广播,14,
地方,yes,广西桂林漓江景区,,1,,广西桂林漓江景区,23;24,
地方,yes,广西经济广播•女主播电台,,1,,广西经济广播•女主播电台,14,
地方,yes,庆余年,,1,,庆余年,21,
地方,yes,庆元新闻综合,,1,,庆元新闻综合,18;20;23;24,
地方,yes,康熙微服私访记,,1,,康熙微服私访记,21,
地方,yes,康熙王朝,,1,,康熙王朝,21,
地方,yes,延禧攻略,,1,,延禧攻略,21,
地方,yes,延边2,,1,,延边2,23;24,
地方,yes,延边文艺生活广播,,1,,延边文艺生活广播,14,
地方,yes,开州之声,,1,,开州之声,14,
地方,yes,张掖七彩丹霞,,1,,张掖七彩丹霞,23;24,
地方,yes,张掖新闻综合,,1,,张掖新闻综合,18;19;23;24,
地方,yes,强森电影,,1,,强森电影,21;23;24,
地方,yes,徐州新聞綜合,,1,,徐州新聞綜合,18;20,
地方,yes,德惠综合,,1,,德惠综合,23;24,
地方,yes,快乐垂钓,,1,,快乐垂钓,21;23;24,
地方,yes,怀仁综合,,1,,怀仁综合,23;24,
地方,yes,怀旧剧场,,1,,怀旧剧场,18;19,
地方,yes,怀集音乐台,,1,,怀集音乐台,14,
地方,yes,怪兽电影,,1,,怪兽电影,21;23;24,
地方,yes,恒山悬空寺全景,,1,,恒山悬空寺全景,23;24,
地方,yes,成龙电影,,1,,成龙电影,21;23;24,
地方,yes,我不是药神,,1,,我不是药神,21;22;23;24,
地方,yes,我是特种兵之利刃出鞘,,1,,我是特种兵之利刃出鞘,21,
地方,yes,战争电影,,1,,战争电影,21;23;24,
地方,yes,扫黄先锋,,1,,扫黄先锋,21;23;24,
地方,yes,拆弹专家1,,1,,拆弹专家1,21;22;23;24,
地方,yes,拆弹专家2,,1,,拆弹专家2,21;22;23;24,
地方,yes,支持作者,,1,,支持作者,23;24,
地方,yes,文化精品,,1,,文化精品,18;19,
地方,yes,文成二套,,1,,文成二套,26,
地方,yes,文成新闻综合,,1,,文成新闻综合;文成综合频道,18;19;21;23;24;26,文成综合频道
地方,yes,斗鱼港剧,,1,,斗鱼港剧,21,
地方,yes,新三国,,1,,新三国,21,
地方,yes,新三国（斗鱼）,,1,,新三国（斗鱼）,21,
地方,yes,新昌新闻综合,,1,,新昌新闻综合,18;20;23;24,
地方,yes,新昌生活,,1,,新昌生活,18;20;23;24,
地方,yes,新水浒传,,1,,新水浒传,21,
地方,yes,新沂新闻,,1,,新沂新闻,18;20;23;24,
地方,yes,新沂新闻频道,,1,,新沂新闻频道,26,
地方,yes,新沂生活,,1,,新沂生活,18;20;23;24,
地方,yes,新沂生活频道,,1,,新沂生活频道,26,
地方,yes,新疆私家车广播,,1,,新疆私家车广播,14,
地方,yes,新白娘子传奇,,1,,新白娘子传奇,18;20;21,
地方,yes,新闻咨询,,1,,新闻咨询;陕西新闻咨询,21;23;24,陕西新闻咨询
地方,yes,新闻综合,,1,,新闻综合,18;19;23;24,
地方,yes,无心法师,,1,,无心法师,21;23;24,
地方,yes,旺苍新闻综合,,1,,旺苍新闻综合,18;20;21;23;24,
地方,yes,昌黎综合,,1,,昌黎综合,18;20;21;23;24,
地方,yes,易门综合,,1,,易门综合,18;19;23;24,
地方,yes,春晚1983,,1,,春晚1983,13,
地方,yes,春晚1984,,1,,春晚1984,13,
地方,yes,春晚1985,,1,,春晚1985,13,
地方,yes,春晚1986,,1,,春晚1986,13,
地方,yes,春晚1987,,1,,春晚1987,13,
地方,yes,春晚1988,,1,,春晚1988,13,
地方,yes,春晚1989,,1,,春晚1989,13,
地方,yes,春晚1991,,1,,春晚1991,13,
地方,yes,春晚1993,,1,,春晚1993;1993年春晚,13;21;23;24,1993年春晚
地方,yes,春晚1994,,1,,春晚1994;1994年春晚,13;21;23;24,1994年春晚
地方,yes,春晚1995,,1,,春晚1995;1995年春晚,13;21;23;24,1995年春晚
地方,yes,春晚1996,,1,,春晚1996;1996年春晚,13;21;23;24,1996年春晚
地方,yes,春晚1999,,1,,春晚1999,13,
地方,yes,春晚2000,,1,,春晚2000;2000年春晚,13;21;23;24,2000年春晚
地方,yes,春晚2001,,1,,春晚2001;2001年春晚,13;21;23;24,2001年春晚
地方,yes,春晚2002,,1,,春晚2002;2002年春晚,13;21;23;24,2002年春晚
地方,yes,春晚2003,,1,,春晚2003;2003年春晚,13;21;23;24,2003年春晚
地方,yes,春晚2004,,1,,春晚2004;2004年春晚,13;21;23;24,2004年春晚
地方,yes,春晚2005,,1,,春晚2005;2005年春晚,13;21;23;24,2005年春晚
地方,yes,春晚2006,,1,,春晚2006;2006年春晚,13;21;23;24,2006年春晚
地方,yes,春晚2007,,1,,春晚2007;2007年春晚,13;21;23;24,2007年春晚
地方,yes,春晚2008,,1,,春晚2008,13,
地方,yes,春晚2009,,1,,春晚2009;2009年春晚,13;21;23;24,2009年春晚
地方,yes,春晚2010,,1,,春晚2010;2010年春晚,13;21;23;24,2010年春晚
地方,yes,春晚2011,,1,,春晚2011,13,
地方,yes,春晚2013,,1,,春晚2013;2013年春晚,13;21;23;24,2013年春晚
地方,yes,春晚2014,,1,,春晚2014;2014年春晚,13;21;23;24,2014年春晚
地方,yes,春晚2015,,1,,春晚2015,13,
地方,yes,春晚2017,,1,,春晚2017,13,
地方,yes,春晚2018,,1,,春晚2018;春晚2019;2018年春晚;2019年春晚,13;21;23;24,春晚2019;2018年春晚;2019年春晚
地方,yes,春晚2020,,1,,春晚2020,13,
地方,yes,春晚2021,,1,,春晚2021,13,
地方,yes,春晚2022,,1,,春晚2022,13,
地方,yes,春晚2024,,1,,春晚2024;2024年春晚,13;21;22;23;24,2024年春晚
地方,yes,春晚2025,,1,,春晚2025,13,
地方,yes,普陀山,,1,,普陀山,23;24,
地方,yes,月牙泉,,1,,月牙泉,23;24,
地方,yes,望乡台,,1,,望乡台,23;24,
地方,yes,朝天综合,,1,,朝天综合,21;23;24,
地方,yes,朝鲜中央台,,1,,朝鲜中央台,14,
地方,yes,末日电影合集,,1,,末日电影合集,21,
地方,yes,李连杰电影,,1,,李连杰电影,21;23;24,
地方,yes,来宾综合,,1,,来宾综合,23;24,
地方,yes,林正英电影,,1,,林正英电影,21;23;24,
地方,yes,枪战电影,,1,,枪战电影,21;23;24,
地方,yes,柳河,,1,,柳河,23;24,
地方,yes,柳河综合,,1,,柳河综合,23;24,
地方,yes,柳舟计,,1,,柳舟计,21,
地方,yes,格莱美音乐台,,1,,格莱美音乐台,14,
地方,yes,桦甸,,1,,桦甸,23;24,
地方,yes,桦甸综合,,1,,桦甸综合,23;24,
地方,yes,梅河口综合,,1,,梅河口综合,23;24,
地方,yes,梦中的那片海,,1,,梦中的那片海,21,
地方,yes,梨园,,1,,梨园,18;19;23;24,
地方,yes,楚天交通广播,,1,,楚天交通广播,14,
地方,yes,楚汉骄雄,,1,,楚汉骄雄,21;23;24,
地方,yes,橙记港剧,,1,,橙记港剧,21,
地方,yes,欢乐颂,,1,,欢乐颂,21,
地方,yes,欢笑剧场,,1,,欢笑剧场,18;19,
地方,yes,武侠电影,,1,,武侠电影,21;23;24,
地方,yes,武汉一台新闻综合,,1,,武汉一台新闻综合,18;20;23;24,
地方,yes,武进新闻,,1,,武进新闻;武进新闻频道,23;24;26,武进新闻频道
地方,yes,武进生活,,1,,武进生活,23;24,
地方,yes,武进生活频道,,1,,武进生活频道,26,
地方,yes,民谣音乐台,,1,,民谣音乐台,14,
地方,yes,永嘉新闻综合,,1,,永嘉新闻综合,23;24;26,
地方,yes,永城综合,,1,,永城综合,18;20;23;24,
地方,yes,永昌综合,,1,,永昌综合,18;19;23;24,
地方,yes,江夏新闻综合,,1,,江夏新闻综合,21;23;24,
地方,yes,江津新闻,,1,,江津新闻,23;24,
地方,yes,江苏公共,,1,,江苏公共,18;20,
地方,yes,江苏南京牛首山,,1,,江苏南京牛首山,23;24,
地方,yes,江苏广播,,1,,江苏广播,14,
地方,yes,江苏徐州云龙湖风景区云龙山观景台西,,1,,江苏徐州云龙湖风景区云龙山观景台西,23;24,
地方,yes,江苏文艺广播,,1,,江苏文艺广播,14,
地方,yes,汪清,,1,,汪清,23;24,
地方,yes,汪清综合,,1,,汪清综合,23;24,
地方,yes,汾西综合,,1,,汾西综合,18;19;23;24,
地方,yes,沈腾电影,,1,,沈腾电影,21;23;24,
地方,yes,沐川综合,,1,,沐川综合;汶川新闻综合;营山电视台,18;20;23;24,汶川新闻综合;营山电视台
地方,yes,河北4K,,1,,河北4K,13;21,
地方,yes,河北交通广播,,1,,河北交通广播,14,
地方,yes,河北文艺广播,,1,,河北文艺广播,14,
地方,yes,河北生活广播,,1,,河北生活广播,14,
地方,yes,河北经济广播,,1,,河北经济广播,14,
地方,yes,河北都市,,1,,河北都市,23;24,
地方,yes,河南交通广播,,1,,河南交通广播,14,
地方,yes,河南信息广播,,1,,河南信息广播,14,
地方,yes,河南广播,,1,,河南广播,14,
地方,yes,河南戏曲广播,,1,,河南戏曲广播,14,
地方,yes,河南教育广播,,1,,河南教育广播,14,
地方,yes,河南新闻广播,,1,,河南新闻广播,14,
地方,yes,河南经济广播,,1,,河南经济广播,14,
地方,yes,河源公共,,1,,河源公共,21;23;24,
地方,yes,河源综合,,1,,河源综合,21;23;24,
地方,yes,法政先锋,,1,,法政先锋,21;23;24,
地方,yes,泗洪新闻综合,,1,,泗洪新闻综合,18;20;24,
地方,yes,泰山主峰,,1,,泰山主峰,23;24,
地方,yes,泰山十八盘,,1,,泰山十八盘,23;24,
地方,yes,泰山南天门,,1,,泰山南天门,23;24,
地方,yes,泰山大观峰,,1,,泰山大观峰,23;24,
地方,yes,泰山太平岭,,1,,泰山太平岭,23;24,
地方,yes,泰山望人松,,1,,泰山望人松,23;24,
地方,yes,泰山玉皇顶,,1,,泰山玉皇顶,23;24,
地方,yes,泰山白云亭悬崖,,1,,泰山白云亭悬崖,23;24,
地方,yes,泰山碧霞祠,,1,,泰山碧霞祠,23;24,
地方,yes,泸县新闻综合,,1,,泸县新闻综合;甘孜综合,18;20;23,甘孜综合
地方,yes,洗冤录,,1,,洗冤录,21;23;24,
地方,yes,津南一套,,1,,津南一套,23;24,
地方,yes,活佛济公3,,1,,活佛济公3,21;23;24,
地方,yes,流水迢迢,,1,,流水迢迢,21,
地方,yes,浙江之声,,1,,浙江之声,14,
地方,yes,浙江交通之声,,1,,浙江交通之声,14,
地方,yes,浙江休闲台,,1,,浙江休闲台,18;19;23;24,
地方,yes,浙江动听,,1,,浙江动听,14,
地方,yes,浙江城市之声,,1,,浙江城市之声,14,
地方,yes,浙江教育,,1,,浙江教育,18;19;23;24,
地方,yes,浙江旅游之声,,1,,浙江旅游之声,14,
地方,yes,浙江民生休闲,,1,,浙江民生休闲,23;24,
地方,yes,浙江民生资讯广播,,1,,浙江民生资讯广播,14,
地方,yes,浙江生活,,1,,浙江生活,18;20;23;24,
地方,yes,浙江留学,,1,,浙江留学,23;24,
地方,yes,浙江经济广播,,1,,浙江经济广播,14,
地方,yes,浙江经视,,1,,浙江经视,18;19;23;24,
地方,yes,浙江舟山东极岛,,1,,浙江舟山东极岛,23;24,
地方,yes,浙江遂昌,,1,,浙江遂昌;遂昌综合频道,18;20;23;24;26,遂昌综合频道
地方,yes,浙江钱江频道,,1,,浙江钱江频道,23;24,
地方,yes,浙江音乐调频•动听968,,1,,浙江音乐调频•动听968,14,
地方,yes,海南公共,,1,,海南公共,21,
地方,yes,海南少儿,,1,,海南少儿,21,
地方,yes,海南广播,,1,,海南广播,14,
地方,yes,海南文旅,,1,,海南文旅,21,
地方,yes,海南自贸,,1,,海南自贸,21,
地方,yes,海宁新闻综合,,1,,海宁新闻综合,18;19;23;24,
地方,yes,海绵宝宝,,1,,海绵宝宝,18;20;23;24,
地方,yes,深圳飞扬971,,1,,深圳飞扬971,14,
地方,yes,深圳飞扬音乐台,,1,,深圳飞扬音乐台,14,
地方,yes,清晨音乐台,,1,,清晨音乐台,14,
地方,yes,清河经济综艺,,1,,清河经济综艺,18;20;23;24,
地方,yes,渭源新闻,,1,,渭源新闻,18;19;23;24,
地方,yes,湖北之声,,1,,湖北之声,14,
地方,yes,湖北经典广播,,1,,湖北经典广播,14,
地方,yes,湖南张家界天门山西线玻璃栈道,,1,,湖南张家界天门山西线玻璃栈道,23;24,
地方,yes,湖南张家界宝峰湖,,1,,湖南张家界宝峰湖,23;24,
地方,yes,湖南张家界御笔峰,,1,,湖南张家界御笔峰,23;24,
地方,yes,湖南张家界水绕四门,,1,,湖南张家界水绕四门,23;24,
地方,yes,湖南电影,,1,,湖南电影,18;20,
地方,yes,湖南音乐之声•芒果音乐台,,1,,湖南音乐之声•芒果音乐台,14,
地方,yes,湖州公共民生,,1,,湖州公共民生,18;19;23;24,
地方,yes,湖州文化娱乐,,1,,湖州文化娱乐,18;19;23;24,
地方,yes,湖州新闻综合,,1,,湖州新闻综合,18;19;23;24,
地方,yes,滦平新闻,,1,,滦平新闻,18;20;23;24,
地方,yes,滨海新闻综合,,1,,滨海新闻综合,18;19;23;24,
地方,yes,漫画解说,,1,,漫画解说,18;20,
地方,yes,潮流音乐台,,1,,潮流音乐台,14,
地方,yes,灌篮高手,,1,,灌篮高手,21,
地方,yes,灌阳新闻综合,,1,,灌阳新闻综合,18;20;23;24,
地方,yes,烟台公共,,1,,烟台公共,23;24,
地方,yes,烟台新闻综合,,1,,烟台新闻综合,23;24,
地方,yes,烟台经济科技,,1,,烟台经济科技,23;24,
地方,yes,热门港剧,,1,,热门港剧,21,
地方,yes,熊猫直播,,1,,熊猫直播,21;23;24,
地方,yes,爱情公寓,,1,,爱情公寓,21,
地方,yes,爱情公寓（斗鱼）,,1,,爱情公寓（斗鱼）,21,
地方,yes,父母爱情,,1,,父母爱情,21,
地方,yes,特种兵之火凤凰,,1,,特种兵之火凤凰,21,
地方,yes,狂飙,,1,,狂飙,21,
地方,yes,狄仁杰电影,,1,,狄仁杰电影,21;23;24,
地方,yes,狮子山鸟瞰丽江古城,,1,,狮子山鸟瞰丽江古城,23;24,
地方,yes,玄幻电影,,1,,玄幻电影,21;23;24,
地方,yes,王晶电影,,1,,王晶电影,21;23;24,
地方,yes,玛纳斯,,1,,玛纳斯,23;24,
地方,yes,玛纳斯综合,,1,,玛纳斯综合,23;24,
地方,yes,玫瑰的故事,,1,,玫瑰的故事,21,
地方,yes,环球电视,,1,,环球电视,21,
地方,yes,珲春新闻,,1,,珲春新闻,23;24,
地方,yes,璧山综合,,1,,璧山综合,23;24,
地方,yes,甄子丹电影,,1,,甄子丹电影,21;23;24,
地方,yes,甘南县综合,,1,,甘南县综合,23;24,
地方,yes,甘孜综合,,1,,甘孜综合,21;23;24,
地方,yes,甘肃经济广播,,1,,甘肃经济广播;甘肃经济,14;18;19;23;24,甘肃经济
地方,yes,甘肃都市调频,,1,,甘肃都市调频;甘肃都市,14;18;19;23;24,甘肃都市
地方,yes,电影丧尸片,,1,,电影丧尸片,23;24,
地方,yes,电影八点档,,1,,电影八点档,23;24,
地方,yes,电影刘德华,,1,,电影刘德华,23;24,
地方,yes,电影功夫片,,1,,电影功夫片,23;24,
地方,yes,电影动作电影,,1,,电影动作电影,23;24,
地方,yes,电影周星星,,1,,电影周星星,23;24,
地方,yes,电影喜剧专场,,1,,电影喜剧专场,23;24,
地方,yes,电影嫣然影厅,,1,,电影嫣然影厅,23;24,
地方,yes,电影战争片,,1,,电影战争片,23;24,
地方,yes,电影搞笑喜剧,,1,,电影搞笑喜剧,23;24,
地方,yes,电影梁家辉,,1,,电影梁家辉,23;24,
地方,yes,电影犯罪片,,1,,电影犯罪片,23;24,
地方,yes,电影蜘蛛侠,,1,,电影蜘蛛侠,23;24,
地方,yes,电影谍战,,1,,电影谍战,23;24,
地方,yes,电影谍战片,,1,,电影谍战片,23;24,
地方,yes,电影贺岁,,1,,电影贺岁,23;24,
地方,yes,电影高分动作,,1,,电影高分动作,23;24,
地方,yes,电视指南,,1,,电视指南,18;19,
地方,yes,番禺综合,,1,,番禺综合,21;23;24,
地方,yes,白城新闻综合,CN,1,,白城新闻综合 [Geo-blocked],02,
地方,yes,白山公共,,1,,白山公共,23;24,
地方,yes,白银综合,,1,,白银综合,18;19;23;24,
地方,yes,直播中国,,1,,直播中国,21;22;23;24,
地方,yes,直播中国精编直播,,1,,直播中国精编直播,23;24,
地方,yes,知否知否,,1,,知否知否,21,
地方,yes,磐石,,1,,磐石,23;24,
地方,yes,磐石综合,,1,,磐石综合,23;24,
地方,yes,祁门综合,,1,,祁门综合;亳州新闻,18;20;23;24,亳州新闻
地方,yes,神探狄仁杰第一部,,1,,神探狄仁杰第一部,21,
地方,yes,神探狄仁杰第三部,,1,,神探狄仁杰第三部,21,
地方,yes,神探狄仁杰第二部,,1,,神探狄仁杰第二部,21,
地方,yes,福建东南广播,,1,,福建东南广播,14,
地方,yes,福建公共,,1,,福建公共,18;19;23;24,
地方,yes,福建新闻,,1,,福建新闻,18;19;23;24,
地方,yes,福建武夷山玉女峰,,1,,福建武夷山玉女峰,23;24,
地方,yes,福建漳州醉美沙滩翡翠湾,,1,,福建漳州醉美沙滩翡翠湾,23;24,
地方,yes,福建经济,,1,,福建经济,18;19;23;24,
地方,yes,福建都市广播•私家车987,,1,,福建都市广播•私家车987,14,
地方,yes,私家车999,,1,,私家车999,14,
地方,yes,笑看风云,,1,,笑看风云,21;23;24,
地方,yes,第一财经,,1,,第一财经,18;19;23;24,
地方,yes,精灵宝可梦,,1,,精灵宝可梦,21,
地方,yes,绍兴之声,,1,,绍兴之声,14,
地方,yes,绍兴交通广播,,1,,绍兴交通广播,14,
地方,yes,绍兴公共,,1,,绍兴公共;绍兴公共频道,23;24;26,绍兴公共频道
地方,yes,绍兴文化影视,,1,,绍兴文化影视,26,
地方,yes,绍兴新闻综合,,1,,绍兴新闻综合,26,
地方,yes,经典剧集,,1,,经典剧集,21,
地方,yes,缙云新闻综合,,1,,缙云新闻综合;缙云综合频道,18;19;23;24;26,缙云综合频道
地方,yes,罪犯电影,,1,,罪犯电影,21;23;24,
地方,yes,耀才财经,,1,,耀才财经,21,
地方,yes,老歌音乐台,,1,,老歌音乐台,14,
地方,yes,舒兰新闻,,1,,舒兰新闻,23;24,
地方,yes,舒兰新闻综合,,1,,舒兰新闻综合,23;24,
地方,yes,航拍中国第二季,,1,,航拍中国第二季,23;24,
地方,yes,芈月传,,1,,芈月传,21,
地方,yes,苏州文化生活,,1,,苏州文化生活,18;19;21;22;23;24,
地方,yes,苏州生活资讯,,1,,苏州生活资讯,18;19;21;22;23;24,
地方,yes,苏州社会经济,,1,,苏州社会经济,18;19;21;22;23;24,
地方,yes,荥经综合,,1,,荥经综合,18;19;21;23;24,
地方,yes,萧山新闻综合,,1,,萧山新闻综合,23;24,
地方,yes,萧山综合,,1,,萧山综合;萧山新闻综合,21;23;24;26,萧山新闻综合
地方,yes,衡水公共,,1,,衡水公共,18;20;23;24,
地方,yes,衡阳新闻综合,,1,,衡阳新闻综合,23;24,
地方,yes,西宁新闻综合,,1,,西宁新闻综合,18;20;23;24,
地方,yes,西安新闻,,1,,西安新闻,21;23;24,
地方,yes,西安都市,,1,,西安都市,21;23;24,
地方,yes,西峰综合,,1,,西峰综合,18;19;23;24,
地方,yes,西游记2,,1,,西游记2,21;23;24,
地方,yes,西游记后传,,1,,西游记后传,21,
地方,yes,西游记续集,,1,,西游记续集,21,
地方,yes,让子弹飞,,1,,让子弹飞,21;22;23;24,
地方,yes,谈判专家,,1,,谈判专家,21,
地方,yes,谍战电影,,1,,谍战电影,21;23;24,
地方,yes,贵州故事广播,,1,,贵州故事广播,14,
地方,yes,贵州旅游广播,,1,,贵州旅游广播,14,
地方,yes,贵州省兴义市万峰林,,1,,贵州省兴义市万峰林,23;24,
地方,yes,贵州经济广播,,1,,贵州经济广播,14,
地方,yes,贵州都市广播,,1,,贵州都市广播,14,
地方,yes,贺岁电影,,1,,贺岁电影,21;23;24,
地方,yes,辉南新闻,,1,,辉南新闻,23;24,
地方,yes,辉南新闻综合,,1,,辉南新闻综合,23;24,
地方,yes,辽宁之声,,1,,辽宁之声,14,
地方,yes,辽宁乡村广播,,1,,辽宁乡村广播,14,
地方,yes,辽宁交通广播,,1,,辽宁交通广播,14,
地方,yes,辽宁公共,,1,,辽宁公共,21,
地方,yes,辽宁北方,,1,,辽宁北方,21,
地方,yes,辽宁影视,,1,,辽宁影视,21,
地方,yes,辽宁生活,,1,,辽宁生活,21,
地方,yes,辽宁经典广播,,1,,辽宁经典广播,14,
地方,yes,辽宁经济,,1,,辽宁经济,21,
地方,yes,辽宁经济广播,,1,,辽宁经济广播,14,
地方,yes,辽宁青少,,1,,辽宁青少,21,
地方,yes,连云港新闻综合,,1,,连云港新闻综合,18;20,
地方,yes,通化县,,1,,通化县,23;24,
地方,yes,通化县综合,,1,,通化县综合,23;24,
地方,yes,通海电视台,,1,,通海电视台,18;19;23;24,
地方,yes,遂昌综合,,1,,遂昌综合,18;20;23;24,
地方,yes,邢台生活,,1,,邢台生活,21;23;24,
地方,yes,邯郸公共,,1,,邯郸公共;邯郸公共频道,18;20;21;23;24,邯郸公共频道
地方,yes,邯郸新闻,,1,,邯郸新闻,18;20;23;24,
地方,yes,邯郸科技教育,,1,,邯郸科技教育;邯郸科教,18;20;21;23;24,邯郸科教
地方,yes,邵氏影院,,1,,邵氏影院,21,
地方,yes,都市青春,,1,,都市青春;陕西都市青春,21;23;24,陕西都市青春
地方,yes,都江堰鱼嘴,,1,,都江堰鱼嘴,23;24,
地方,yes,重庆广播,,1,,重庆广播,14,
地方,yes,重庆新闻,,1,,重庆新闻,18;19,
地方,yes,野蛮亲家,,1,,野蛮亲家,21;23;24,
地方,yes,金庸武侠,,1,,金庸武侠,21;23;24,
地方,yes,金枝欲孽,,1,,金枝欲孽,21;23;24,
地方,yes,金鹰卡通,,1,,金鹰卡通,23;24,
地方,yes,鉴证实录,,1,,鉴证实录,21;23;24,
地方,yes,铁齿铜牙纪晓岚,,1,,铁齿铜牙纪晓岚,21,
地方,yes,铜梁综合,,1,,铜梁综合,23;24,
地方,yes,铜陵新闻综合,,1,,铜陵新闻综合,18;20;23;24,
地方,yes,锡林郭勒汉语广播,,1,,锡林郭勒汉语广播,14,
地方,yes,镇江二套社会民生,,1,,镇江二套社会民生,18;19;23;24,
地方,yes,长子综合,,1,,长子综合,23;24,
地方,yes,长影频道,,1,,长影频道,21;23;24,
地方,yes,长沙新闻综合,,1,,长沙新闻综合;长沙新闻,18;20;23;24,长沙新闻
地方,yes,长白山电视台,,1,,长白山电视台,23;24,
地方,yes,长白朝语,,1,,长白朝语,18;20;23;24,
地方,yes,闯关东,,1,,闯关东,18;19,
地方,yes,阿拉善汉语广播,,1,,阿拉善汉语广播,14,
地方,yes,阿里郎电台(视频),,1,,阿里郎电台(视频),14,
地方,yes,陀枪师姐,,1,,陀枪师姐,21;23;24,
地方,yes,陈情令,,1,,陈情令,21,
地方,yes,陕西交通广播,,1,,陕西交通广播,14,
地方,yes,陕西公共,,1,,陕西公共,18;20;23;24,
地方,yes,陕西农村广播,,1,,陕西农村广播,14,
地方,yes,陕西广播,,1,,陕西广播,14,
地方,yes,陕西新闻广播,,1,,陕西新闻广播,14,
地方,yes,陕西洋县国宝朱鹮02,,1,,陕西洋县国宝朱鹮02,23;24,
地方,yes,陕西秦腔,,1,,陕西秦腔,21;23;24,
地方,yes,陕西经济广播•896汽车调频,,1,,陕西经济广播•896汽车调频,14,
地方,yes,陕西银龄,,1,,陕西银龄,21;23;24,
地方,yes,陕西青少广播•好听1055,,1,,陕西青少广播•好听1055,14,
地方,yes,隋唐英雄传,,1,,隋唐英雄传,21,
地方,yes,雅安新闻综合,,1,,雅安新闻综合,18;19;21;23;24,
地方,yes,雪乡大石碑,,1,,雪乡大石碑,23;24,
地方,yes,雪乡梦幻家园,,1,,雪乡梦幻家园,23;24,
地方,yes,雪豹,,1,,雪豹,21,
地方,yes,青岛崂山八水河,,1,,青岛崂山八水河,23;24,
地方,yes,青岛崂山双福,,1,,青岛崂山双福,23;24,
地方,yes,青岛音体广播,,1,,青岛音体广播,14,
地方,yes,青川综合,,1,,青川综合,18;19;21;23;24,
地方,yes,青海交通广播,,1,,青海交通广播,14,
地方,yes,青海新闻广播,,1,,青海新闻广播,14,
地方,yes,青海经济广播,,1,,青海经济广播,14,
地方,yes,青田电视台,,1,,青田电视台,18;19;21;23;24;26,
地方,yes,靖天映画,,1,,靖天映画,18;19;23;24,
地方,yes,靖宇,,1,,靖宇,23;24,
地方,yes,靖宇综合,,1,,靖宇综合,23;24,
地方,yes,韩国EBS少儿,,1,,韩国EBS少儿,21;23;24,
地方,yes,音乐欣赏,,1,,音乐欣赏,23;24,
地方,yes,音乐现场,,1,,音乐现场,18;19;23;24,
地方,yes,飞碟之谜01,,1,,飞碟之谜01,23;24,
地方,yes,飞碟之谜02,,1,,飞碟之谜02,23;24,
地方,yes,鬼吹灯之云南虫谷,,1,,鬼吹灯之云南虫谷,21,
地方,yes,鬼吹灯之怒晴湘西,,1,,鬼吹灯之怒晴湘西,21,
地方,yes,鬼吹灯之精绝古城,,1,,鬼吹灯之精绝古城,21,
地方,yes,鬼吹灯之龙岭迷窟,,1,,鬼吹灯之龙岭迷窟,21,
地方,yes,鸣沙山,,1,,鸣沙山,23;24,
地方,yes,黃金華劇台「WebVTT字幕」,,1,,黃金華劇台「WebVTT字幕」,01,
地方,yes,黄山,,1,,黄山,23;24,
地方,yes,黄山公共生活,,1,,黄山公共生活,18;20;23;24,
地方,yes,黄山始信新道,,1,,黄山始信新道,23;24,
地方,yes,黄山排云亭,,1,,黄山排云亭,23;24,
地方,yes,黄山飞来石,,1,,黄山飞来石,23;24,
地方,yes,黄果树六角亭瀑布,,1,,黄果树六角亭瀑布,23;24,
地方,yes,黄渤电影,,1,,黄渤电影,21;23;24,
地方,yes,黄花城水长城01,,1,,黄花城水长城01,23;24,
地方,yes,黄花城水长城03,,1,,黄花城水长城03,23;24,
地方,yes,黄龙,,1,,黄龙,23;24,
地方,yes,黑龙江少儿,,1,,黑龙江少儿,18;20;23;24,
地方,yes,黑龙江广播,,1,,黑龙江广播,14,
地方,yes,黑龙江文体,,1,,黑龙江文体,23;24,
地方,yes,黑龙江新闻,,1,,黑龙江新闻,18;20;23;24,
地方,yes,黑龙江朝鲜语广播,,1,,黑龙江朝鲜语广播,14,
地方,yes,黑龙江老年少儿广播•爱家调频,,1,,黑龙江老年少儿广播•爱家调频,14,
地方,yes,黑龙江都市,,1,,黑龙江都市,23;24,
地方,yes,黑龙江都市女性广播,,1,,黑龙江都市女性广播,14,
地方,yes,黑龙江高校广播,,1,,黑龙江高校广播,14,
地方,yes,龙井,,1,,龙井,23;24,
地方,yes,龙井综合,,1,,龙井综合,23;24,
地方,yes,龙泉新闻综合,,1,,龙泉新闻综合,18;20;21;23;24;26,
地方,yes,龙门飞甲,,1,,龙门飞甲,21;22;23;24,
海外·剧集,yes,7th Heaven,SE,3,,7th Heaven,02,
海外·剧集,yes,America's Next Top Model (SE),SE,3,,America's Next Top Model,02,
海外·剧集,yes,Auction Hunters (SE),SE,3,,Auction Hunters,02,
海外·剧集,yes,BET,SE,3,,BET,02,
海外·剧集,yes,Becker (SE),SE,3,,Becker,02,
海外·剧集,yes,Bondi Rescue (SE),SE,3,,Bondi Rescue (720p),02,
海外·剧集,yes,Britain's Next Top Model,SE,3,,Britain's Next Top Model,02,
海外·剧集,yes,Bull,SE,3,,Bull,02,
海外·剧集,yes,CSI: Miami,US,3,,CSI: Miami,02,
海外·剧集,yes,Car Chase (SE),SE,3,,Car Chase (720p),02,
海外·剧集,yes,Dallas Cowboys Cheerleaders,SE,3,,Dallas Cowboys Cheerleaders,02,
海外·剧集,yes,Dating Naked UK,SE,3,,Dating Naked UK,02,
海外·剧集,yes,Diagnosis Murder,SE,3,,Diagnosis Murder,02,
海外·剧集,yes,Happy Days (SE),SE,3,,Happy Days,02,
海外·剧集,yes,House of Lies,SE,3,,House of Lies,02,
海外·剧集,yes,JAG (SE),SE,3,,JAG,02,
海外·剧集,yes,Judge Judy (SE),SE,3,,Judge Judy,02,
海外·剧集,yes,MTV Dating (US),US,3,,MTV Dating;MTV Dating (720p),02,
海外·剧集,yes,MacGyver (SE),SE,3,,MacGyver,02,
海外·剧集,yes,Matlock (SE),SE,3,,Matlock,02,
海外·剧集,yes,Medium (SE),SE,3,,Medium,02,
海外·剧集,yes,Mission Impossible (SE),SE,3,,Mission Impossible,02,
海外·剧集,yes,NCIS (US),US,3,,NCIS,02,
海外·剧集,yes,Pluto TV Novelas,US,3,,Pluto TV Novelas,02,
海外·剧集,yes,Rawhide (SE),SE,3,,Rawhide,02,
海外·剧集,yes,Scorpion,SE,3,,Scorpion,02,
海外·剧集,yes,The L Word,SE,3,,The L Word,02,
海外·剧集,yes,The New Detectives (SE),SE,3,,The New Detectives,02,
海外·剧集,yes,The New Detectives (US),US,3,,The New Detectives,02,
海外·剧集,yes,The Wild Wild West (SE),SE,3,,The Wild Wild West,02,
海外·剧集,yes,Wildfire,SE,3,,Wildfire,02,
海外·剧集,yes,48 Hours,US,2,,48 Hours (1080p);48 Hours,02,
海外·剧集,yes,Andromeda,US,2,,Andromeda,02,
海外·剧集,yes,BBC Drama,UK,2,,BBC Drama;BBC Drama (1080p),02;11,
海外·剧集,yes,Bar Rescue,US,2,,Bar Rescue,02,
海外·剧集,yes,Cops,US,2,,Cops (720p);COPS,02,
海外·剧集,yes,Dog the Bounty Hunter,US,2,,Dog the Bounty Hunter (1080p);Dog The Bounty Hunter [Geo-blocked] (1080p),02,
海外·剧集,yes,Duck Dynasty,US,2,,Duck Dynasty (1080p),02,
海外·剧集,yes,Happy Days (US),US,2,,Happy Days,02,
海外·剧集,yes,JAG (DE),DE,2,,JAG,02,
海外·剧集,yes,MacGyver (DE),DE,2,,MacGyver,02,
海外·剧集,yes,Matlock (US),US,2,,Matlock,02,
海外·剧集,yes,Mission Impossible (US),US,2,,Mission Impossible,02,
海外·剧集,yes,Nickelodeon iCarly,US,2,,Nickelodeon iCarly,02,
海外·剧集,yes,Numb3rs,SE,2,,Numb3rs,02,
海外·剧集,yes,Perry Mason (US),US,2,,Perry Mason,02,
海外·剧集,yes,Pluto TV Adventure,US,2,,Pluto TV Adventure,02,
海外·剧集,yes,Pluto TV Crime,DE,2,,Pluto TV Crime,02,
海外·剧集,yes,Pluto TV Fantastic,US,2,,Pluto TV Fantastic,02;11,
海外·剧集,yes,Pluto TV Serie,DE,2,,Pluto TV Serie,02,
海外·剧集,yes,Pluto TV Sitcoms,DE,2,,Pluto TV Sitcoms,02,
海外·剧集,yes,Pluto TV Star Trek (US),US,2,,Pluto TV Star Trek,02,
海外·剧集,yes,TVE Star,ES,2,,TVE Star (576p);TVE Star HD (1080p),02,
海外·剧集,yes,The Challenge,US,2,,The Challenge,02,
海外·剧集,yes,The Judge Judy Channel,US,2,,The Judge Judy Channel (720p);The Judge Judy Channel,02,
海外·剧集,yes,Three's Company,US,2,,Three's Company (720p);Three's Company,02,
海外·剧集,yes,Unga Mammor,SE,2,,Unga Mammor,02,
海外·剧集,yes,Unsolved Mysteries,US,2,,Unsolved Mysteries (720p);Unsolved Mysteries,02,
海外·剧集,yes,13 Teleseries,CL,1,,13 Teleseries (720p);13 Teleseries,02;11,
海外·剧集,yes,2900 Happiness,SE,1,,2900 Happiness,02,
海外·剧集,yes,3Cat Plats bruts,ES,1,,3Cat Plats bruts (1080p),02,
海外·剧集,yes,4ever Drama,UA,1,,4ever Drama (1080p),02,
海外·剧集,yes,5 Cops,US,1,,5 Cops,02,
海外·剧集,yes,5 minut tishiny,RU,1,,5 minut tishiny (1080p),02,
海外·剧集,yes,90210,DE,1,,90210,02,
海外·剧集,yes,ABC 5 Boston MA (WCVB),US,1,,ABC 5 Boston MA (WCVB) (720p),02,
海外·剧集,yes,AVA Series,IR,1,,AVA Series,02,
海外·剧集,yes,AWTV,BR,1,,AWTV (1080p) [Geo-blocked],02,
海外·剧集,yes,Acapulco Shore,US,1,,Acapulco Shore,02,
海外·剧集,yes,Acapulco Shore Pluto TV,US,1,,Acapulco Shore Pluto TV,02,
海外·剧集,yes,Alerte à Malibu,US,1,,Alerte à Malibu,02,
海外·剧集,yes,All Reality WE tv,US,1,,All Reality WE tv (720p),02,
海外·剧集,yes,All Weddings We TV,US,1,,All Weddings We TV,02,
海外·剧集,yes,Ana y los 7,US,1,,Ana y los 7,02,
海外·剧集,yes,Andromeda Italy,US,1,,Andromeda Italy (720p),02,
海外·剧集,yes,Anger Management Channel,US,1,,Anger Management Channel (1080p),02,
海外·剧集,yes,Anthony Bourdain: Parts Unknown,US,1,,Anthony Bourdain: Parts Unknown,02,
海外·剧集,yes,Antiques Roadshow PBS,US,1,,Antiques Roadshow PBS (1080p),02,
海外·剧集,yes,Antiques Roadshow UK,US,1,,Antiques Roadshow UK (1080p),02,
海外·剧集,yes,Are We There Yet?,US,1,,Are We There Yet? (1080p),02,
海外·剧集,yes,Avatar (DE),DE,1,,Avatar,02,
海外·剧集,yes,Avatar (SE),SE,1,,Avatar,02,
海外·剧集,yes,Awkward (DE),DE,1,,Awkward,02,
海外·剧集,yes,BBC Doctor Who Classic,US,1,,BBC Doctor Who Classic (1080p),02,
海外·剧集,yes,Bab Al Hara,SA,1,,Bab Al Hara (1080p),02,
海外·剧集,yes,Balabol,RU,1,,Balabol (1080p),02,
海外·剧集,yes,Beverly Hills 90210 (DE),DE,1,,Beverly Hills 90210,02,
海外·剧集,yes,Beverly Hills 90210 (US),US,1,,Beverly Hills 90210,02,
海外·剧集,yes,Black Ink Crew,US,1,,Black Ink Crew,02,
海外·剧集,yes,Blue Bloods (DE),DE,1,,Blue Bloods,02,
海外·剧集,yes,Blue Bloods (US),US,1,,Blue Bloods,02,
海外·剧集,yes,CNBC-e,TR,1,,CNBC-e,02,
海外·剧集,yes,CSI (SE),SE,1,,CSI,02,
海外·剧集,yes,CSI (US),US,1,,CSI,02,
海外·剧集,yes,CSI: Crime Scene Investigation,DE,1,,CSI: Crime Scene Investigation,02,
海外·剧集,yes,CSI: NY,US,1,,CSI: NY,02,
海外·剧集,yes,Cagney & Lacey,DE,1,,Cagney & Lacey,02,
海外·剧集,yes,Chaos City,US,1,,Chaos City,02,
海外·剧集,yes,Cheers (US),US,1,,Cheers,02,
海外·剧集,yes,Choppertown,US,1,,Choppertown (720p),02,
海外·剧集,yes,Cin Cin,DE,1,,Cin Cin,02,
海外·剧集,yes,Cold Case Files,US,1,,Cold Case Files (1080p),02,
海外·剧集,yes,Curro Jiménez,US,1,,Curro Jiménez,02,
海外·剧集,yes,Dark Matter TV,US,1,,Dark Matter TV (720p),02,
海外·剧集,yes,Deal or No Deal,US,1,,Deal or No Deal (1080p),02,
海外·剧集,yes,Diff’rent Strokes Arnold,US,1,,Diff’rent Strokes Arnold,02,
海外·剧集,yes,Doc Martin (SE),SE,1,,Doc Martin,02,
海外·剧集,yes,Doc Martin (US),US,1,,Doc Martin,02,
海外·剧集,yes,Dog el cazarrecompensas,US,1,,Dog el cazarrecompensas,02,
海外·剧集,yes,Don't Tell The Bride,UK,1,,Don't Tell The Bride (1080p),02,
海外·剧集,yes,Dynasty (DE),DE,1,,Dynasty,02,
海外·剧集,yes,Dynasty (US),US,1,,Dynasty,02,
海外·剧集,yes,El Comisario,US,1,,El Comisario,02,
海外·剧集,yes,El encantador de perros,US,1,,El encantador de perros,02,
海外·剧集,yes,Empeños a lo bestia,US,1,,Empeños a lo bestia,02,
海外·剧集,yes,Europa Europa,AR,1,,Europa Europa (1080p),02,
海外·剧集,yes,FBoy Island,SE,1,,FBoy Island,02,
海外·剧集,yes,Family Ties (US),US,1,,Family Ties,02,
海外·剧集,yes,Farscape,US,1,,Farscape,02,
海外·剧集,yes,Fear Factor,US,1,,Fear Factor (1080p),02,
海外·剧集,yes,Feel Good Drama,US,1,,Feel Good Drama,02,
海外·剧集,yes,Fox Life,RU,1,,Fox Life (576p),02,
海外·剧集,yes,Frasier (US),US,1,,Frasier,02,
海外·剧集,yes,Ghost Dimension,US,1,,Ghost Dimension,02,
海外·剧集,yes,Ghost Hunters,US,1,,Ghost Hunters (1080p),02,
海外·剧集,yes,Gunsmoke,US,1,,Gunsmoke,02,
海外·剧集,yes,HOT Drama,IL,1,,HOT Drama (1080p),02,
海外·剧集,yes,HTV3,VN,1,,HTV3 (720p),02,
海外·剧集,yes,Haunt TV,CA,1,,Haunt TV (1080p),02,
海外·剧集,yes,HauntTV CA,CA,1,,HauntTV CA (720p),02,
海外·剧集,yes,Hell's Kitchen,US,1,,Hell's Kitchen (1080p),02,
海外·剧集,yes,Highway to Heaven,US,1,,Highway to Heaven,02,
海外·剧集,yes,Home.Made.Nation,US,1,,Home.Made.Nation (720p),02,
海外·剧集,yes,Homes Under The Hammer,US,1,,Homes Under The Hammer (720p),02,
海外·剧集,yes,Hélène et les garçons,US,1,,Hélène et les garçons,02,
海外·剧集,yes,Ice Pilots,US,1,,Ice Pilots,02,
海外·剧集,yes,Impossible Quiz Show,US,1,,Impossible Quiz Show (1080p),02,
海外·剧集,yes,Inside Crime,US,1,,Inside Crime (1080p),02,
海外·剧集,yes,Instant Saga,US,1,,Instant Saga,02,
海外·剧集,yes,Investiga,US,1,,Investiga,02,
海外·剧集,yes,Investigation by Pluto TV,DE,1,,Investigation by Pluto TV,02,
海外·剧集,yes,Iron Chef,US,1,,Iron Chef,02,
海外·剧集,yes,JAG (US),US,1,,JAG,02,
海外·剧集,yes,Jersey Shore (US),US,1,,Jersey Shore,02,
海外·剧集,yes,Jornada nas Estrelas A Nova Geração,US,1,,Jornada nas Estrelas A Nova Geração,02,
海外·剧集,yes,Jornada nas Estrelas Deep Space Nine,US,1,,Jornada nas Estrelas Deep Space Nine,02,
海外·剧集,yes,Jornada nas Estrelas Voyager,US,1,,Jornada nas Estrelas Voyager,02,
海外·剧集,yes,Judge Nosey,US,1,,Judge Nosey (1080p),02,
海外·剧集,yes,Kenan & Kel,US,1,,Kenan & Kel,02,
海外·剧集,yes,Kenan y Kel,US,1,,Kenan y Kel,02,
海外·剧集,yes,Latina Clasicos,PE,1,,Latina Clasicos (1080p),02,
海外·剧集,yes,Le miracle de l'amour,US,1,,Le miracle de l'amour,02,
海外·剧集,yes,Le sorelle McLeod,US,1,,Le sorelle McLeod,02,
海外·剧集,yes,Les Années fac,US,1,,Les Années fac,02,
海外·剧集,yes,Les Nouveaux Detectives,US,1,,Les Nouveaux Detectives,02,
海外·剧集,yes,Les filles d'à côté,US,1,,Les filles d'à côté,02,
海外·剧集,yes,Los Asesinatos de Midsomer,US,1,,Los Asesinatos de Midsomer,02,
海外·剧集,yes,Los archivos del FBI,US,1,,Los archivos del FBI,02,
海外·剧集,yes,Louis La Brocante,US,1,,Louis La Brocante,02,
海外·剧集,yes,Love & Hip Hop,US,1,,Love & Hip Hop,02,
海外·剧集,yes,Luksusfellen Sverige,SE,1,,Luksusfellen Sverige,02,
海外·剧集,yes,MBC Drama USA,US,1,,MBC Drama USA (1080p),02,
海外·剧集,yes,MBC Masr Drama,SA,1,,MBC Masr Drama (1080p),02,
海外·剧集,yes,MST3K,US,1,,MST3K (1080p),02,
海外·剧集,yes,MTV Are you the One?,US,1,,MTV Are you the One?,02,
海外·剧集,yes,MTV Com o Ex,US,1,,MTV Com o Ex,02,
海外·剧集,yes,MTV Teen Mom (US),US,1,,MTV Teen Mom (720p),02,
海外·剧集,yes,Maraya,SA,1,,Maraya (1080p),02,
海外·剧集,yes,Married... with Children,US,1,,Married... with Children,02,
海外·剧集,yes,MasterChef,US,1,,MasterChef,02,
海外·剧集,yes,McLeods Töchter,DE,1,,McLeods Töchter,02,
海外·剧集,yes,Midsomer Murders,US,1,,Midsomer Murders (1080p),02,
海外·剧集,yes,Minuto Para Ganar,US,1,,Minuto Para Ganar,02,
海外·剧集,yes,Mireasa,RO,1,,Mireasa (720p),02,
海外·剧集,yes,Misterios Medicos,US,1,,Misterios Medicos,02,
海外·剧集,yes,Misterios sin Resolver,US,1,,Misterios sin Resolver,02,
海外·剧集,yes,More TV Crime,DE,1,,More TV Crime,02,
海外·剧集,yes,More True Crime,US,1,,More True Crime,02,
海外·剧集,yes,NCIS (SE),SE,1,,NCIS,02,
海外·剧集,yes,NCIS: Det bedste med Gibbs,SE,1,,NCIS: Det bedste med Gibbs,02,
海外·剧集,yes,NCIS: Det bedste med Tony & Ziva,SE,1,,NCIS: Det bedste med Tony & Ziva,02,
海外·剧集,yes,NCIS: Los Angeles (SE),SE,1,,NCIS: Los Angeles,02,
海外·剧集,yes,NCIS: Los Angeles (US),US,1,,NCIS: Los Angeles,02,
海外·剧集,yes,NTV Series,RU,1,,NTV Series (576p),02,
海外·剧集,yes,NTV-Hit,RU,1,,NTV-Hit (576p),02,
海外·剧集,yes,Nash Bridges,US,1,,Nash Bridges (720p),02,
海外·剧集,yes,Nashville,US,1,,Nashville,02,
海外·剧集,yes,Nevskiy,RU,1,,Nevskiy (1080p),02,
海外·剧集,yes,Nordisk krim fra Viaplay,SE,1,,Nordisk krim fra Viaplay,02,
海外·剧集,yes,Nosey,US,1,,Nosey,02,
海外·剧集,yes,Numbers (SE),SE,1,,Numbers,02,
海外·剧集,yes,Numbers (US),US,1,,Numbers,02,
海外·剧集,yes,Números,US,1,,Números,02,
海外·剧集,yes,Perry Mason (DE),DE,1,,Perry Mason,02,
海外·剧集,yes,Persiana Series,FR,1,,Persiana Series,02,
海外·剧集,yes,Perviy otdel,RU,1,,Perviy otdel (1080p),02,
海外·剧集,yes,Pes,RU,1,,Pes (1080p),02,
海外·剧集,yes,Pluto TV Aventura,US,1,,Pluto TV Aventura,02,
海外·剧集,yes,Pluto TV Brigade Criminelle,DE,1,,Pluto TV Brigade Criminelle,02,
海外·剧集,yes,Pluto TV Britische Serien,DE,1,,Pluto TV Britische Serien,02,
海外·剧集,yes,Pluto TV Crime Drama (DE),DE,1,,Pluto TV Crime Drama,02,
海外·剧集,yes,Pluto TV Dating,DE,1,,Pluto TV Dating (720p),02,
海外·剧集,yes,Pluto TV Drama (DE),DE,1,,Pluto TV Drama,02,
海外·剧集,yes,Pluto TV Dramas Coreanos,US,1,,Pluto TV Dramas Coreanos,02,
海外·剧集,yes,Pluto TV Dramas Coreanos Teen,US,1,,Pluto TV Dramas Coreanos Teen,02,
海外·剧集,yes,Pluto TV FBI,US,1,,Pluto TV FBI,02,
海外·剧集,yes,Pluto TV Historische Serien,DE,1,,Pluto TV Historische Serien,02,
海外·剧集,yes,Pluto TV Hometown Drama,US,1,,Pluto TV Hometown Drama,02,
海外·剧集,yes,Pluto TV Horror-Serien,DE,1,,Pluto TV Horror-Serien,02,
海外·剧集,yes,Pluto TV Investiga,US,1,,Pluto TV Investiga,02,
海外·剧集,yes,Pluto TV Investigation,DE,1,,Pluto TV Investigation,02,
海外·剧集,yes,Pluto TV K-Drama,DE,1,,Pluto TV K-Drama,02,
海外·剧集,yes,Pluto TV Lives,US,1,,Pluto TV Lives,02,
海外·剧集,yes,Pluto TV Military,US,1,,Pluto TV Military,02,
海外·剧集,yes,Pluto TV Nordic Crime,DE,1,,Pluto TV Nordic Crime,02,
海外·剧集,yes,Pluto TV Novelas de México,US,1,,Pluto TV Novelas de México,02,
海外·剧集,yes,Pluto TV Novelas de Otros Continentes,US,1,,Pluto TV Novelas de Otros Continentes,02,
海外·剧集,yes,Pluto TV Novelas de Venezuela,US,1,,Pluto TV Novelas de Venezuela,02,
海外·剧集,yes,Pluto TV Overnaturlig,SE,1,,Pluto TV Overnaturlig,02,
海外·剧集,yes,Pluto TV Polar,DE,1,,Pluto TV Polar,02,
海外·剧集,yes,Pluto TV Polizeiserien,DE,1,,Pluto TV Polizeiserien,02,
海外·剧集,yes,Pluto TV Sci-fi Series,DE,1,,Pluto TV Sci-fi Series,02,
海外·剧集,yes,Pluto TV Serie Crime,DE,1,,Pluto TV Serie Crime,02,
海外·剧集,yes,Pluto TV Series,US,1,,Pluto TV Series,02,
海外·剧集,yes,Pluto TV Series Latinas,US,1,,Pluto TV Series Latinas,02,
海外·剧集,yes,Pluto TV Series Sci-Fi (DE),DE,1,,Pluto TV Series Sci-Fi,02,
海外·剧集,yes,Pluto TV Series criminales,DE,1,,Pluto TV Series criminales,02,
海外·剧集,yes,Pluto TV Series de Acción,US,1,,Pluto TV Series de Acción,02,
海外·剧集,yes,Pluto TV Series de Comedia,US,1,,Pluto TV Series de Comedia,02,
海外·剧集,yes,Pluto TV Series de Crimen,US,1,,Pluto TV Series de Crimen,02,
海外·剧集,yes,Pluto TV Series de Drama,US,1,,Pluto TV Series de Drama,02,
海外·剧集,yes,Pluto TV Series de Otros Continentes,US,1,,Pluto TV Series de Otros Continentes,02,
海外·剧集,yes,Pluto TV Series de Sci-Fi,US,1,,Pluto TV Series de Sci-Fi,02,
海外·剧集,yes,Pluto TV Séries Ação,US,1,,Pluto TV Séries Ação,02,
海外·剧集,yes,Pluto TV Séries Comédia,US,1,,Pluto TV Séries Comédia,02,
海外·剧集,yes,Pluto TV Séries Criminais,US,1,,Pluto TV Séries Criminais,02,
海外·剧集,yes,Pluto TV Séries Drama,US,1,,Pluto TV Séries Drama,02,
海外·剧集,yes,Pluto TV Séries Fantastiques,DE,1,,Pluto TV Séries Fantastiques,02,
海外·剧集,yes,Pluto TV Séries Novelescas,US,1,,Pluto TV Séries Novelescas,02,
海外·剧集,yes,Pluto TV Séries Sci-Fi (US),US,1,,Pluto TV Séries Sci-Fi,02,
海外·剧集,yes,Pluto TV Telenovelas Clásicas,DE,1,,Pluto TV Telenovelas Clásicas,02,
海外·剧集,yes,Pluto TV Western Serien,DE,1,,Pluto TV Western Serien,02,
海外·剧集,yes,Rakuten VIKI,US,1,,Rakuten VIKI,02,
海外·剧集,yes,Rotana Drama,SA,1,,Rotana Drama (1080p) [Geo-blocked],02,
海外·剧集,yes,Sanctuary,US,1,,Sanctuary,02,
海外·剧集,yes,Saphire,RU,1,,Saphire (1080p),02,
海外·剧集,yes,Serie Max,CI,1,,Serie Max,02,
海外·剧集,yes,Series by Pluto TV,DE,1,,Series by Pluto TV,02,
海外·剧集,yes,Shef,RU,1,,Shef (1080p),02,
海外·剧集,yes,Sin Tetas No Hay Paraíso,US,1,,Sin Tetas No Hay Paraíso,02,
海外·剧集,yes,Skjønnhetsfellen Danmark,SE,1,,Skjønnhetsfellen Danmark,02,
海外·剧集,yes,Skoraya pomoshch,RU,1,,Skoraya pomoshch (1080p),02,
海外·剧集,yes,Sony One Blacklist,FR,1,,Sony One Blacklist (1080p),02,
海外·剧集,yes,Star Trek,US,1,,Star Trek,02,
海外·剧集,yes,Storage Wars by A&E,US,1,,Storage Wars by A&E (720p),02,
海外·剧集,yes,Supernatural Drama,US,1,,Supernatural Drama,02,
海外·剧集,yes,TNT Novelas,US,1,,TNT Novelas (1080p),02,
海外·剧集,yes,TNT Novelas Brazil,US,1,,TNT Novelas Brazil (720p),02,
海外·剧集,yes,TV Series 1 As Panteras,BR,1,,TV Series 1 As Panteras (480p),02,
海外·剧集,yes,TVRUS+,DE,1,,TVRUS+,02,
海外·剧集,yes,Telemundo telenovelas clásicas,US,1,,Telemundo telenovelas clásicas,02,
海外·剧集,yes,The Addams Family,US,1,,The Addams Family,02,
海外·剧集,yes,The Amazing Race,US,1,,The Amazing Race,02,
海外·剧集,yes,The Chat Show Channel,UK,1,,The Chat Show Channel (1080p),02,
海外·剧集,yes,The Conners,US,1,,The Conners,02,
海外·剧集,yes,The Johnny Carson Show,US,1,,The Johnny Carson Show (720p),02,
海外·剧集,yes,The L Word – Wenn Frauen lieben,DE,1,,The L Word – Wenn Frauen lieben,02,
海外·剧集,yes,The Loop,US,1,,The Loop (1080p),02,
海外·剧集,yes,The New Detectives (DE),DE,1,,The New Detectives,02,
海外·剧集,yes,The Rifleman,US,1,,The Rifleman,02,
海外·剧集,yes,The Twilight Zone (US),US,1,,The Twilight Zone,02,
海外·剧集,yes,The Walking Dead Universe,US,1,,The Walking Dead Universe (720p),02,
海外·剧集,yes,This Old House,US,1,,This Old House (1080p),02,
海外·剧集,yes,Tiny House Nation,US,1,,Tiny House Nation (720p),02,
海外·剧集,yes,Tosh.0 (US),US,1,,Tosh.0,02,
海外·剧集,yes,Tout le monde déteste Chris,DE,1,,Tout le monde déteste Chris,02,
海外·剧集,yes,True Crime UK,UK,1,,True Crime UK (1080p);True Crime Ⓢ,02;11,True Crime
海外·剧集,yes,True Crime by Pluto TV,DE,1,,True Crime by Pluto TV,02,
海外·剧集,yes,True crime från Viaplay,SE,1,,True crime från Viaplay,02,
海外·剧集,yes,Tviy serial,UA,1,,Tviy serial (1080p),02,
海外·剧集,yes,Universal Crime,US,1,,Universal Crime (1080p),02,
海外·剧集,yes,Viasat Epic Drama Czechia,UK,1,,Viasat Epic Drama Czechia,02,
海外·剧集,yes,Viasat Epic Drama Romania,UK,1,,Viasat Epic Drama Romania,02,
海外·剧集,yes,Walker Texas Ranger,US,1,,Walker Texas Ranger,02,
海外·剧集,yes,Weeds / Nurse Jackie,US,1,,Weeds / Nurse Jackie (720p),02,
海外·剧集,yes,Wild 'N Out,US,1,,Wild 'N Out,02,
海外·剧集,yes,Wild at Heart,US,1,,Wild at Heart,02,
海外·剧集,yes,Wipeout,US,1,,Wipeout,02,
海外·剧集,yes,XPTV US,ES,1,,XPTV US (720p),02,
海外·剧集,yes,Yam Tichoni,IL,1,,Yam Tichoni (1080p),02,
海外·剧集,yes,Z Nation,US,1,,Z Nation,02,
海外·剧集,yes,Zylo Fréquence Novelas,FR,1,,Zylo Fréquence Novelas (1080p),02,
海外·剧集,yes,Zylo Todo Novelas,ES,1,,Zylo Todo Novelas (1080p),02,
海外·剧集,yes,iCarly TV (US),US,1,,iCarly TV,02,
海外·剧集,yes,viju+ Serial,RU,1,,viju+ Serial HD (1080p),02,
海外·剧集,yes,Сити Эдем ТелеНовелла,RU,1,,Сити Эдем ТелеНовелла [Not 24/7],02,
海外·剧集,yes,Смотрим Честный Детектив,RU,1,,Смотрим Честный Детектив (1080p);Смотрим: Честный Детектив,02;11,
海外·宗教,yes,Al Horreya TV,US,3,,Alhorreya TV;Al Horreya TV (1080p);Al Horreya TV,02;14;26,
海外·宗教,yes,Charity TV,LB,2,,CharityTV;Charity TV,02;11,
海外·宗教,yes,Divya Darshan TV,NP,2,,Divya Darshan TV (720p);Divya Darshan TV HD (1080p),02,
海外·宗教,yes,Giovanni Paolo TV,IT,2,,Giovanni Paolo Tv;Giovanni Paolo TV (1080p),02;11,
海外·宗教,yes,Himlen TV7,FI,2,,Himlen TV7;Himlen TV7 (720p),02;11,
海外·宗教,yes,Maria Vision,IT,2,,Maria Vision (1080p);Maria Vision,02;11,
海外·宗教,yes,Taevas TV7,FI,2,,Taevas TV7;Taevas TV7 (720p),02;11,
海外·宗教,yes,Taivas TV7,FI,2,,Taivas TV7;Taivas TV7 (720p),02;11,
海外·宗教,yes,15.1 BPB,CL,1,,15.1 BPB (720p),02,
海外·宗教,yes,3ABN Canada,CA,1,,3ABN Canada (720p),02,
海外·宗教,yes,3ABN Dare To Dream Network,US,1,,3ABN Dare To Dream Network,02,
海外·宗教,yes,3ABN English,US,1,,3ABN English,02,
海外·宗教,yes,3ABN French,US,1,,3ABN French,02,
海外·宗教,yes,3ABN International Network,US,1,,3ABN International Network (720p),02,
海外·宗教,yes,3ABN Latino,US,1,,3ABN Latino,02,
海外·宗教,yes,3ABN Proclaim! Network,US,1,,3ABN Proclaim! Network,02,
海外·宗教,yes,A&R Canal Adventista,PA,1,,A&R Canal Adventista (720p),02,
海外·宗教,yes,A2i Religion,SN,1,,A2i Religion (720p) [Not 24/7],02,
海外·宗教,yes,ABHP TV,US,1,,ABHP TV (480p),02,
海外·宗教,yes,ABN Afghanistan,US,1,,ABN Afghanistan (540p),02,
海外·宗教,yes,ABN Africa,US,1,,ABN Africa (480p),02,
海外·宗教,yes,ABN China,US,1,,ABN China (720p),02,
海外·宗教,yes,ABN TV India,US,1,,ABN TV India (540p),02,
海外·宗教,yes,ABN Urdu,US,1,,ABN Urdu (540p),02,
海外·宗教,yes,ABNsat,IQ,1,,ABNsat (720p),02,
海外·宗教,yes,ACNN,NG,1,,ACNN (480p),02,
海外·宗教,yes,ADA TV (CL),CL,1,,ADA TV (720p),02,
海外·宗教,yes,ADB TV,PT,1,,ADB TV (1080p),02,
海外·宗教,yes,ATVSat,US,1,,ATVSat (1080p) [Not 24/7],02,
海外·宗教,yes,Aadinath TV,IN,1,,Aadinath TV (576p),02,
海外·宗教,yes,Aaseervatham TV,IN,1,,Aaseervatham TV (576p),02,
海外·宗教,yes,Aastha,IN,1,,Aastha (720p),02,
海外·宗教,yes,Aastha Gujarati,IN,1,,Aastha Gujarati (576p),02,
海外·宗教,yes,Aastha Kannada,IN,1,,Aastha Kannada (480p),02,
海外·宗教,yes,Aastha Prime 1,IN,1,,Aastha Prime 1 (720p),02,
海外·宗教,yes,Aastha Tamil,IN,1,,Aastha Tamil (480p),02,
海外·宗教,yes,Aastha Telugu,IN,1,,Aastha Telugu (480p),02,
海外·宗教,yes,Adhyatm TV,IN,1,,Adhyatm TV (720p),02,
海外·宗教,yes,Adoram TV,DO,1,,Adoram TV (720p),02,
海外·宗教,yes,Agape TV,SV,1,,Agape TV (720p),02,
海外·宗教,yes,Aghapy TV,EG,1,,Aghapy TV (1080p) [Not 24/7];Aghapy TV,02;11,
海外·宗教,yes,Ahlulbayt TV,UK,1,,Ahlulbayt TV (1080p),02,
海外·宗教,yes,Ahsan TV,ID,1,,Ahsan TV,02,
海外·宗教,yes,Akaal Channel,UK,1,,Akaal Channel (396p) [Geo-blocked],02,
海外·宗教,yes,Al Hayat TV,US,1,,Al Hayat TV (720p);Alhayat TV,02;11,
海外·宗教,yes,Al Maaref TV,QA,1,,Al Maaref TV (1080p),02,
海外·宗教,yes,Al Quran Al Kareem TV,SA,1,,Al Quran Al Kareem TV (720p),02,
海外·宗教,yes,Al Resalah,SA,1,,Al Resalah (1080p) [Geo-blocked],02,
海外·宗教,yes,Al Sunnah Al Nabawiyah TV,SA,1,,Al Sunnah Al Nabawiyah TV (720p);Al Sunnah Al Nabawiyah TV,02;11,
海外·宗教,yes,Al Wilayah,IR,1,,Al Wilayah (720p),02,
海外·宗教,yes,Al-Bahjah TV,ID,1,,Al-Bahjah TV (1080p),02,
海外·宗教,yes,Al-Jawadain TV,IQ,1,,Al-Jawadain TV (1080p) [Not 24/7],02,
海外·宗教,yes,Al-MahdiTV,US,1,,Al-MahdiTV (1080p),02,
海外·宗教,yes,Al-Sahat TV,YE,1,,Al-Sahat TV (720p),02,
海外·宗教,yes,Al-Zahra TV Turkic,TR,1,,Al-Zahra TV Turkic (720p) [Not 24/7],02,
海外·宗教,yes,Alabbassia TV,IQ,1,,Alabbassia TV (1080p);Alabbassia TV,02;11,
海外·宗教,yes,Alcance TV,MX,1,,Alcance TV (720p),02,
海外·宗教,yes,Alfa Omega TV,RO,1,,Alfa Omega TV (1080p) [Not 24/7],02,
海外·宗教,yes,Aliento Vision,US,1,,Aliento Vision (720p) [Not 24/7],02,
海外·宗教,yes,Aliman TV,LB,1,,Aliman TV (240p) [Not 24/7];Aliman TV,02;11,
海外·宗教,yes,Alistiqama TV,OM,1,,Alistiqama TV (576p),02,
海外·宗教,yes,Alkarma TV Australia,US,1,,Alkarma TV Australia (1080p),02,
海外·宗教,yes,Alkarma TV Family,US,1,,Alkarma TV Family (1080p) [Not 24/7],02,
海外·宗教,yes,Alkarma TV Middle East,US,1,,Alkarma TV Middle East (1080p) [Not 24/7],02,
海外·宗教,yes,Alkarma TV North America & Canada,US,1,,Alkarma TV North America & Canada (1080p) [Not 24/7],02,
海外·宗教,yes,Alkarma TV Praise,US,1,,Alkarma TV Praise (720p) [Not 24/7],02,
海外·宗教,yes,Alkarma TV Talmaza (Discipleship),US,1,,Alkarma TV Talmaza (Discipleship) (1080p) [Not 24/7],02,
海外·宗教,yes,Alkarma TV Youth & English,US,1,,Alkarma TV Youth & English (1080p) [Not 24/7],02,
海外·宗教,yes,Almagd TV Middle East,US,1,,Almagd TV Middle East (1080p) [Not 24/7],02,
海外·宗教,yes,Almagd TV North America,US,1,,Almagd TV North America (1080p),02,
海外·宗教,yes,Alquran,IQ,1,,Alquran (1080p),02,
海外·宗教,yes,Alwafa Tarim TV (Am Media),ID,1,,Alwafa Tarim TV (Am Media) (720p),02,
海外·宗教,yes,Amazing Discoveries TV,CA,1,,Amazing Discoveries TV (720p),02,
海外·宗教,yes,Amazing Facts TV,US,1,,Amazing Facts TV (1080p),02,
海外·宗教,yes,Amigos TV Chiquimula,GT,1,,Amigos TV Chiquimula (480p),02,
海外·宗教,yes,Amozhgary TV,IQ,1,,Amozhgary TV,02,
海外·宗教,yes,Anand TV (IN),IN,1,,Anand TV (1080p),02,
海外·宗教,yes,Andes Television,PE,1,,Andes Television (720p),02,
海外·宗教,yes,Ando TV,CN,1,,Ando TV (1080p),02,
海外·宗教,yes,Angel TV,IN,1,,Angel TV (720p),02,
海外·宗教,yes,Angel TV Africa,IN,1,,Angel TV Africa (720p),02,
海外·宗教,yes,Angel TV America,IN,1,,Angel TV America (720p),02,
海外·宗教,yes,Angel TV Arabia,IN,1,,Angel TV Arabia (720p),02,
海外·宗教,yes,Angel TV Australia,IN,1,,Angel TV Australia (720p),02,
海外·宗教,yes,Angel TV Chinese,IN,1,,Angel TV Chinese (720p),02,
海外·宗教,yes,Angel TV Europe,IN,1,,Angel TV Europe (720p),02,
海外·宗教,yes,Angel TV FarEast,IN,1,,Angel TV FarEast (720p),02,
海外·宗教,yes,Angel TV Hebrew,IN,1,,Angel TV Hebrew (720p),02,
海外·宗教,yes,Angel TV Indo-China,IN,1,,Angel TV Indo-China (720p),02,
海外·宗教,yes,Angel TV Indonesia,IN,1,,Angel TV Indonesia (720p),02,
海外·宗教,yes,Angel TV Nepal,IN,1,,Angel TV Nepal (720p),02,
海外·宗教,yes,Angel TV Portuguese,IN,1,,Angel TV Portuguese (720p),02,
海外·宗教,yes,Angel TV Russian,IN,1,,Angel TV Russian (720p),02,
海外·宗教,yes,Angel TV Spanish,IN,1,,Angel TV Spanish (720p),02,
海外·宗教,yes,Angelus TV,RO,1,,Angelus TV (1080p),02,
海外·宗教,yes,Apostol TV,HU,1,,Apostol TV (576p);Apostol TV,02;11,
海外·宗教,yes,Approval TV,NG,1,,Approval TV (720p),02,
海外·宗教,yes,Aradana TV,IN,1,,Aradana TV (576p),02,
海外·宗教,yes,Ark TV,UG,1,,Ark TV (1080p) [Not 24/7],02,
海外·宗教,yes,Arputhar Yesu TV,IN,1,,Arputhar Yesu TV (576p),02,
海外·宗教,yes,Asomavisión,EC,1,,Asomavisión (614p),02,
海外·宗教,yes,Assirat TV,IR,1,,Assirat TV (576p),02,
海外·宗教,yes,AssyriaSat,US,1,,AssyriaSat (720p) [Not 24/7],02,
海外·宗教,yes,Avivamiento TV,CO,1,,Avivamiento TV (1080p) [Not 24/7],02,
海外·宗教,yes,Awakening TV,IN,1,,Awakening TV (576p),02,
海外·宗教,yes,Azan TV,CA,1,,Azan TV,02,
海外·宗教,yes,BBS Buddhist Broadcasting,KR,1,,BBS Buddhist Broadcasting (1080p),02,
海外·宗教,yes,BTN TV (KR),KR,1,,BTN TV (1080p),02,
海外·宗教,yes,Bahrain Quran,BH,1,,Bahrain Quran (720p) [Not 24/7],02,
海外·宗教,yes,BeitolAbbas TV Channel,IQ,1,,BeitolAbbas TV Channel (720p),02,
海外·宗教,yes,Bendicion Channel,CO,1,,Bendicion Channel (720p),02,
海外·宗教,yes,Bethel Colombia,CO,1,,Bethel Colombia (720p),02,
海外·宗教,yes,Bethel TV,PE,1,,Bethel TV (720p),02,
海外·宗教,yes,Better Life TV,US,1,,Better Life TV (720p),02,
海外·宗教,yes,Bhakthi TV,IN,1,,Bhakthi TV (720p),02,
海外·宗教,yes,Bhakti Sagar,IN,1,,Bhakti Sagar (576p),02,
海外·宗教,yes,Boonniyom TV,TH,1,,Boonniyom TV,02,
海外·宗教,yes,CBN Espanol,US,1,,CBN Espanol (1080p),02,
海外·宗教,yes,CBN Family,US,1,,CBN Family (1080p),02,
海外·宗教,yes,CBN Gospel,VG,1,,CBN Gospel (720p),02,
海外·宗教,yes,CCI Channel,HN,1,,CCI Channel (1080p),02,
海外·宗教,yes,CCTN 47,PH,1,,CCTN 47 (1080p) [Not 24/7],02,
海外·宗教,yes,CDM Internacional,PR,1,,CDM Internacional (480p) [Not 24/7],02,
海外·宗教,yes,CFN Catholic Faith Network,US,1,,CFN Catholic Faith Network (720p);BBC America,02;14,BBC America
海外·宗教,yes,CMB Television,CO,1,,CMB Television (1080p),02,
海外·宗教,yes,CSat TV,US,1,,CSat TV (1080p) [Not 24/7],02,
海外·宗教,yes,CTN,US,1,,CTN (720p),02,
海外·宗教,yes,CTNi (Christian Television Network International),PR,1,,CTNi (Christian Television Network International) (480p) [Not 24/7],02,
海外·宗教,yes,CVC,BO,1,,CVC (1080p),02,
海外·宗教,yes,CVR OM Spiritual,IN,1,,CVR OM Spiritual (576p),02,
海外·宗教,yes,Canal 13 Jujuy TV,AR,1,,Canal 13 Jujuy TV (720p),02,
海外·宗教,yes,Canal ISB (Iglesia San Bernardo),CL,1,,Canal ISB (Iglesia San Bernardo) (720p),02,
海外·宗教,yes,Canal Oración Con Son,CO,1,,Canal Oración Con Son (1080p),02,
海外·宗教,yes,Canal Orbe 21,AR,1,,Canal Orbe 21,02,
海外·宗教,yes,Canal Santa María,AR,1,,Canal Santa María (360p),02,
海外·宗教,yes,Canal TV Radio Maya TGBA,GT,1,,Canal TV Radio Maya TGBA (480p),02,
海外·宗教,yes,Canal Telefamilia,CO,1,,Canal Telefamilia (360p) [Not 24/7],02,
海外·宗教,yes,Canal de la Fe,US,1,,Canal de la Fe (720p),02,
海外·宗教,yes,Candelita TV,PR,1,,Candelita TV (480p),02,
海外·宗教,yes,Capuchin TV,KE,1,,Capuchin TV,02,
海外·宗教,yes,Caribbean Gospel TV,JM,1,,Caribbean Gospel TV,02,
海外·宗教,yes,Catholic TV,US,1,,Catholic TV (1080p),02,
海外·宗教,yes,Cetelmón TV,ES,1,,Cetelmón TV (404p),02,
海外·宗教,yes,Ch4Teen Documentary,KW,1,,Ch4Teen Documentary (1080p),02,
海外·宗教,yes,Channel Divya,IN,1,,Channel Divya (1080p),02,
海外·宗教,yes,Channel WIN,IN,1,,Channel WIN (720p),02,
海外·宗教,yes,Choluteca TV,HN,1,,Choluteca TV (1080p),02,
海外·宗教,yes,Chosen TV English,NG,1,,Chosen TV English (360p),02,
海外·宗教,yes,Cielo TV,DO,1,,Cielo TV (1080p),02,
海外·宗教,yes,Conectados con Dios,GT,1,,Conectados con Dios,02,
海外·宗教,yes,Conexion Positiva Television,CR,1,,Conexion Positiva Television,02,
海外·宗教,yes,Coptic TV,EG,1,,Coptic TV (720p) [Not 24/7];Coptic TV,02;11,
海外·宗教,yes,Cornerstone TV,US,1,,Cornerstone TV (720p),02,
海外·宗教,yes,Coza TV,NG,1,,Coza TV (576p),02,
海外·宗教,yes,Credo TV,RO,1,,Credo TV,02,
海外·宗教,yes,Cristo Vision Canal 31,CR,1,,Cristo Vision Canal 31,02,
海外·宗教,yes,Cristovision,CO,1,,Cristovision (720p),02,
海外·宗教,yes,Cáritas TV,PY,1,,Cáritas TV (1080p),02,
海外·宗教,yes,DAAI TV,ID,1,,DAAI TV,02,
海外·宗教,yes,DMI TV,ID,1,,DMI TV (576i),02,
海外·宗教,yes,Darshan 24,IN,1,,Darshan 24 (576p),02,
海外·宗教,yes,Daystar Español,US,1,,Daystar Español (720p),02,
海外·宗教,yes,Daystar TV,US,1,,Daystar TV (1080p),02,
海外·宗教,yes,Despertar TV,BR,1,,Despertar TV (720p),02,
海外·宗教,yes,Dhamma TV,ID,1,,Dhamma TV (720p) [Not 24/7],02,
海外·宗教,yes,Dheeran TV,IN,1,,Dheeran TV (576p),02,
海外·宗教,yes,Die Neue Zeit,CH,1,,Die Neue Zeit (576p),02,
海外·宗教,yes,Dios Te Ve,HN,1,,Dios Te Ve (720p),02,
海外·宗教,yes,Dios Tv Talanga,HN,1,,Dios Tv Talanga (1080p),02,
海外·宗教,yes,Divyavani TV,IN,1,,Divyavani TV (576p),02,
海外·宗教,yes,Diyanet TV,TR,1,,Diyanet TV (1080p),02,
海外·宗教,yes,Diyar TV,TR,1,,Diyar TV (720p),02,
海外·宗教,yes,Dost TV,TR,1,,Dost TV (576p),02,
海外·宗教,yes,Dr. Gene Scott,US,1,,Dr. Gene Scott (1080p),02,
海外·宗教,yes,Dream TV (UG),UG,1,,Dream TV (480p),02,
海外·宗教,yes,EWTN Africa-Asia,US,1,,EWTN Africa-Asia (720p),02,
海外·宗教,yes,EWTN Asia-Pacific,US,1,,EWTN Asia-Pacific (720p),02,
海外·宗教,yes,EWTN Canada,US,1,,EWTN Canada (720p),02,
海外·宗教,yes,EWTN Espana,ES,1,,EWTN Espana,02,
海外·宗教,yes,EWTN Europe,US,1,,EWTN Europe (720p),02,
海外·宗教,yes,EWTN Germany,DE,1,,EWTN Germany (720p),02,
海外·宗教,yes,EWTN Poland,PL,1,,EWTN Poland (1080p),02,
海外·宗教,yes,EWTN Spain & Latin America,US,1,,EWTN Spain & Latin America (720p),02,
海外·宗教,yes,EWTN Ukraine,UA,1,,EWTN Ukraine (1080p),02,
海外·宗教,yes,EWTN/Bonum TV,HU,1,,EWTN/Bonum TV,02,
海外·宗教,yes,Ebenezer TV,HN,1,,Ebenezer TV (1080p),02,
海外·宗教,yes,EchtJetzt TV,DE,1,,EchtJetzt TV (720p),02,
海外·宗教,yes,El PuertoTV,DO,1,,El PuertoTV (720p),02,
海外·宗教,yes,El Sembrador Nueva Evangelizacion ESNE,US,1,,El Sembrador Nueva Evangelizacion ESNE,02,
海外·宗教,yes,Elbeshara GTV,US,1,,Elbeshara GTV (1080p) [Not 24/7],02,
海外·宗教,yes,Elevation Church,US,1,,Elevation Church (1080p),02,
海外·宗教,yes,Enlace,CR,1,,Enlace (1080p),02,
海外·宗教,yes,Enlace Juvenil,CR,1,,Enlace Juvenil,02,
海外·宗教,yes,Erfan Halgheh TV,CA,1,,Erfan Halgheh TV (720p),02,
海外·宗教,yes,Ertsulovneba,GE,1,,Ertsulovneba,02,
海外·宗教,yes,Escúchame Radio TV,NI,1,,Escúchame Radio TV (720p) [Not 24/7],02,
海外·宗教,yes,Eslah TV,AF,1,,Eslah TV (720p),02,
海外·宗教,yes,Evandis Gospel TV,FR,1,,Evandis Gospel TV (1080p),02,
海外·宗教,yes,Extrema TV (CR),CR,1,,Extrema TV (720p),02,
海外·宗教,yes,FGTV (KR),KR,1,,FGTV (720p),02,
海外·宗教,yes,Faith World TV,UK,1,,Faith World TV (1080p),02,
海外·宗教,yes,Fajar TV,ID,1,,Fajar TV (720p) [Not 24/7],02,
海外·宗教,yes,Familia Visión,PR,1,,Familia Visión HD [Not 24/7],02,
海外·宗教,yes,FarmodaTV,IQ,1,,FarmodaTV (1080p),02,
海外·宗教,yes,Faro de Santidad TV,PR,1,,Faro de Santidad TV (720p),02,
海外·宗教,yes,Fazal TV,PK,1,,Fazal TV (1080p),02,
海外·宗教,yes,Firstlight,NZ,1,,Firstlight (576p),02,
海外·宗教,yes,Flame TV,NG,1,,Flame TV (576p),02,
海外·宗教,yes,Fonte TV,BR,1,,Fonte TV,02,
海外·宗教,yes,Frecuencia F TV,CO,1,,Frecuencia F TV (1080p),02,
海外·宗教,yes,GCN24 Korean,KR,1,,GCN24 Korean (720p),02,
海外·宗教,yes,GNN TV,JM,1,,GNN TV (1080p),02,
海外·宗教,yes,Geb Tv (KBPX LD5),US,1,,Geb Tv (KBPX LD5) (1080p),02,
海外·宗教,yes,Genesis Science Network,US,1,,Genesis Science Network (720p),02,
海外·宗教,yes,Global Christian Network America (GCN),US,1,,Global Christian Network America (GCN) (720p),02,
海外·宗教,yes,God Stands TV Arabic,PK,1,,God Stands TV Arabic,02,
海外·宗教,yes,God Stands TV Chinese,PK,1,,God Stands TV Chinese,02,
海外·宗教,yes,God Stands TV English,PK,1,,God Stands TV English,02,
海外·宗教,yes,God Stands TV Hindi,PK,1,,God Stands TV Hindi,02,
海外·宗教,yes,God Stands TV Punjabi,PK,1,,God Stands TV Punjabi,02,
海外·宗教,yes,God Stands TV Tagalog,PK,1,,God Stands TV Tagalog,02,
海外·宗教,yes,God's Learning Channel,US,1,,God's Learning Channel (480p),02,
海外·宗教,yes,GoodLife 45,US,1,,GoodLife 45 (720p) [Not 24/7],02,
海外·宗教,yes,Gospel Cartoon,BR,1,,Gospel Cartoon (360p),02,
海外·宗教,yes,Gospel Movie TV,BR,1,,Gospel Movie TV (360p),02,
海外·宗教,yes,Gospel TV India,IN,1,,Gospel TV India (576p),02,
海外·宗教,yes,Gospel Truth TV,US,1,,Gospel Truth TV (1080p),02,
海外·宗教,yes,Grace Network,PK,1,,Grace Network (720p),02,
海外·宗教,yes,Greater Love TV,US,1,,Greater Love TV (720p),02,
海外·宗教,yes,GurSikh Sabha TV,CA,1,,GurSikh Sabha TV (720p) [Not 24/7],02,
海外·宗教,yes,Habib TV,IR,1,,Habib TV,02,
海外·宗教,yes,Harvest TV,IN,1,,Harvest TV (720p),02,
海外·宗教,yes,Harvest TV Keralam,IN,1,,Harvest TV Keralam (720p),02,
海外·宗教,yes,Hebron TV,IN,1,,Hebron TV (1080p),02,
海外·宗教,yes,Hidabroot,IL,1,,Hidabroot (1080p),02,
海外·宗教,yes,Hindu Dharmam,IN,1,,Hindu Dharmam (576p),02,
海外·宗教,yes,Holy Quran Radio Nablus,PS,1,,Holy Quran Radio Nablus (720p),02,
海外·宗教,yes,Homebase TV,ZA,1,,Homebase TV (480p),02,
海外·宗教,yes,Hope Channel Africa,ZA,1,,Hope Channel Africa (1080p),02,
海外·宗教,yes,Hope Channel India,IN,1,,Hope Channel India (576p),02,
海外·宗教,yes,Hope Channel Inter-America,US,1,,Hope Channel Inter-America,02,
海外·宗教,yes,Hope Channel Inter-America English,US,1,,Hope Channel Inter-America English (1080p),02,
海外·宗教,yes,Hope Channel International,US,1,,Hope Channel International (1080p),02,
海外·宗教,yes,Hope Channel North America,US,1,,Hope Channel North America (1080p),02,
海外·宗教,yes,Hope Channel Philippines,PH,1,,Hope Channel Philippines (1080p),02,
海外·宗教,yes,Hope Channel Ukraine,UA,1,,Hope Channel Ukraine,02,
海外·宗教,yes,Hosanna TV,IN,1,,Hosanna TV,02,
海外·宗教,yes,Hosanna TV Global,IN,1,,Hosanna TV Global,02,
海外·宗教,yes,Hosanna Vision,PA,1,,Hosanna Vision (720p) [Not 24/7],02,
海外·宗教,yes,Huda TV,EG,1,,Huda TV (720p) [Not 24/7];Huda TV,02;11,
海外·宗教,yes,I Am Channel,ID,1,,I Am Channel (576p),02,
海外·宗教,yes,IBC Bakthi,UK,1,,IBC Bakthi (1080p),02,
海外·宗教,yes,IBN TV,TZ,1,,IBN TV (480p),02,
海外·宗教,yes,IBN TV Africa,TZ,1,,IBN TV Africa (720p),02,
海外·宗教,yes,IIPC TV,CA,1,,IIPC TV (720p),02,
海外·宗教,yes,IMPD TV Worldwide,BR,1,,IMPD TV Worldwide (1080p),02,
海外·宗教,yes,INC Radio,PH,1,,INC Radio (1080p),02,
海外·宗教,yes,INC TV,PH,1,,INC TV (1080p),02,
海外·宗教,yes,ISA TV,CL,1,,ISA TV,02,
海外·宗教,yes,IeanJesus Ecuador,EC,1,,IeanJesus Ecuador (720p),02,
海外·宗教,yes,Imam Hussein TV 1,IQ,1,,Imam Hussein TV 1 (1080p),02,
海外·宗教,yes,Imam Hussein TV 2,IQ,1,,Imam Hussein TV 2 (1080p),02,
海外·宗教,yes,Imam Hussein TV 3,IQ,1,,Imam Hussein TV 3 (1080p),02,
海外·宗教,yes,Imam Hussein TV 4,IQ,1,,Imam Hussein TV 4 (1080p),02,
海外·宗教,yes,Imam Hussein TV 5,IQ,1,,Imam Hussein TV 5 (720p),02,
海外·宗教,yes,Imam Hussein TV 6,IQ,1,,Imam Hussein TV 6 (1080p),02,
海外·宗教,yes,Immaculata TV,CH,1,,Immaculata TV (720p),02,
海外·宗教,yes,Iqraa Africa & Europe,SA,1,,Iqraa Africa & Europe (1080p),02,
海外·宗教,yes,Iqraa Arabic,SA,1,,Iqraa Arabic (1080p) [Not 24/7],02,
海外·宗教,yes,Iqraa Quran,SA,1,,Iqraa Quran (1080p),02,
海外·宗教,yes,Iran Jewish TV,IR,1,,Iran Jewish TV,02,
海外·宗教,yes,Isaac TV,PK,1,,Isaac TV (720p),02,
海外·宗教,yes,Ishwar Bhakti TV,IN,1,,Ishwar Bhakti TV (720p),02,
海外·宗教,yes,It Is Written TV,US,1,,It Is Written TV (1080p),02,
海外·宗教,yes,It's Supernatural! Network,US,1,,It's Supernatural! Network (1080p),02,
海外·宗教,yes,JBN TV,HN,1,,JBN TV (1080p),02,
海外·宗教,yes,JBS,US,1,,JBS (720p),02,
海外·宗教,yes,JTBS Classic,IN,1,,JTBS Classic,02,
海外·宗教,yes,Jewish Life Television,US,1,,Jewish Life Television (1080p),02,
海外·宗教,yes,Jinvani Channel,IN,1,,Jinvani Channel (720p),02,
海外·宗教,yes,Joel Osteen Network,US,1,,Joel Osteen Network (1080p),02,
海外·宗教,yes,Joshua TV,PK,1,,Joshua TV (720p),02,
海外·宗教,yes,Josué TV,SV,1,,Josué TV (1080p),02,
海外·宗教,yes,Joy TV,IN,1,,Joy TV (1080p),02,
海外·宗教,yes,KIT-TV,AT,1,,KIT-TV (720p),02,
海外·宗教,yes,KK TV Angola,AO,1,,KK TV Angola (1080p),02,
海外·宗教,yes,KSTV Uganda,UG,1,,KSTV Uganda,02,
海外·宗教,yes,KTV Al Qurain,KW,1,,KTV Al Qurain (1080p),02,
海外·宗教,yes,KTV Ethraa,KW,1,,KTV Ethraa (1080p),02,
海外·宗教,yes,Kabbalah for the People (Israel),IL,1,,Kabbalah for the People (Israel) (504p) [Not 24/7],02,
海外·宗教,yes,Kalemeh TV,UK,1,,Kalemeh TV,02,
海外·宗教,yes,Kanshi TV,UK,1,,Kanshi TV (720p) [Not 24/7],02,
海外·宗教,yes,Kerusso TV,HN,1,,Kerusso TV (720p),02,
海外·宗教,yes,King TV,PK,1,,King TV (720p) [Not 24/7],02,
海外·宗教,yes,Kuriakos TV,PT,1,,Kuriakos TV (1080p),02,
海外·宗教,yes,LGD Television,VE,1,,LGD Television (720p),02,
海外·宗教,yes,LIFE! End Times TV,US,1,,LIFE! End Times TV (360p),02,
海外·宗教,yes,LMTV French,CI,1,,LMTV French (720p) [Not 24/7],02,
海外·宗教,yes,La Voz de Jesus,DO,1,,La Voz de Jesus HD (720p),02,
海外·宗教,yes,La Voz de Maria,DO,1,,La Voz de Maria (720p),02,
海外·宗教,yes,Lalegul TV,TR,1,,Lalegul TV (1080p),02,
海外·宗教,yes,Life TV (EE),EE,1,,Life TV (432p) [Not 24/7],02,
海外·宗教,yes,Life TV (IN),IN,1,,Life TV (720p),02,
海外·宗教,yes,Life! Christian Broadcasting Network,US,1,,Life! Christian Broadcasting Network (360p),02,
海外·宗教,yes,LifeTv (SK),SK,1,,LifeTv (1080p),02,
海外·宗教,yes,LifevisionTV,US,1,,LifevisionTV (406p) [Not 24/7],02,
海外·宗教,yes,Light Channel (BG),BG,1,,Light Channel (480p) [Not 24/7],02,
海外·宗教,yes,Light Channel (DE),DE,1,,Light Channel (576p) [Not 24/7],02,
海外·宗教,yes,Lighting Lives Blessing Nations His Light (LLBN),US,1,,Lighting Lives Blessing Nations His Light (LLBN) (720p),02,
海外·宗教,yes,Lighting Lives Blessing Nations His Word (LLBN),US,1,,Lighting Lives Blessing Nations His Word (LLBN) (720p),02,
海外·宗教,yes,Lighting Lives Blessing Nations TV Arabic (LLBN),US,1,,Lighting Lives Blessing Nations TV Arabic (LLBN) (480p),02,
海外·宗教,yes,Lighting Lives Blessing Nations TV Chinese (LLBN),US,1,,Lighting Lives Blessing Nations TV Chinese (LLBN) (480p),02,
海外·宗教,yes,Lighting Lives Blessing Nations TV Korean (LLBN),US,1,,Lighting Lives Blessing Nations TV Korean (LLBN) (480p),02,
海外·宗教,yes,Lighting Lives Blessing Nations TV Latino (LLBN),US,1,,Lighting Lives Blessing Nations TV Latino (LLBN) (480p),02,
海外·宗教,yes,Lighting Lives Blessing Nations TV Romanian (LLBN),US,1,,Lighting Lives Blessing Nations TV Romanian (LLBN) (480p),02,
海外·宗教,yes,Lighting Lives Blessing Nations TV South Asia (LLBN),US,1,,Lighting Lives Blessing Nations TV South Asia (LLBN) (480p),02,
海外·宗教,yes,Living Faith TV,US,1,,Living Faith TV (540p),02,
海外·宗教,yes,Logos TV (ES),ES,1,,Logos TV (1080p) [Not 24/7],02,
海外·宗教,yes,Logos TV (US),US,1,,Logos TV (1080p) [Not 24/7],02,
海外·宗教,yes,Logos TV English,US,1,,Logos TV English (1080p) [Not 24/7],02,
海外·宗教,yes,LoveWorld Arabic,NG,1,,LoveWorld Arabic (360p),02,
海外·宗教,yes,LoveWorld Persia,NG,1,,LoveWorld Persia (720p),02,
海外·宗教,yes,LoveWorld USA,NG,1,,LoveWorld USA (720p),02,
海外·宗教,yes,Loveworld UK,NG,1,,Loveworld UK (1080p) [Not 24/7],02,
海外·宗教,yes,LoveworldSAT,NG,1,,LoveworldSAT (1080p),02,
海外·宗教,yes,Luz Divina TV,DO,1,,Luz Divina TV [Not 24/7],02,
海外·宗教,yes,Luz Naciente TV,CR,1,,Luz Naciente TV,02,
海外·宗教,yes,MCN Television,GT,1,,MCN Television (720p),02,
海外·宗教,yes,MH One Shraddha,IN,1,,MH One Shraddha (576p),02,
海外·宗教,yes,MISA TV,RO,1,,MISA TV,02,
海外·宗教,yes,MQTV,ID,1,,MQTV (720p) [Not 24/7],02,
海外·宗教,yes,MTA3 Al-Arabia,UK,1,,MTA3 Al-Arabia (1080p),02,
海外·宗教,yes,MTA4 Africa,UK,1,,MTA4 Africa (1080p),02,
海外·宗教,yes,MTA5 Africa,UK,1,,MTA5 Africa (1080p),02,
海外·宗教,yes,MTA8 America,UK,1,,MTA8 America (1080p),02,
海外·宗教,yes,MTM TV,JM,1,,MTM TV (720p),02,
海外·宗教,yes,MTNA TV,CL,1,,MTNA TV,02,
海外·宗教,yes,Madani Channel Bangla,BD,1,,Madani Channel Bangla (1080p),02,
海外·宗教,yes,Madani Channel English,PK,1,,Madani Channel English (720p),02,
海外·宗教,yes,Madani Channel Urdu,PK,1,,Madani Channel Urdu (720p),02,
海外·宗教,yes,Madani TV,ID,1,,Madani TV (720p),02,
海外·宗教,yes,Madha TV,IN,1,,Madha TV (576p),02,
海外·宗教,yes,Majestad Televisión,US,1,,Majestad Televisión (480p) [Not 24/7],02,
海外·宗教,yes,Makkah TV,SA,1,,Makkah TV (576p),02,
海外·宗教,yes,Maná Church Online,PT,1,,Maná Church Online (1080p) [Not 24/7],02,
海外·宗教,yes,Maná Cirkev Online,PT,1,,Maná Cirkev Online (1080p) [Not 24/7],02,
海外·宗教,yes,Maná Iglesia Online,PT,1,,Maná Iglesia Online (1080p) [Not 24/7],02,
海外·宗教,yes,Maná Igreja Online,PT,1,,Maná Igreja Online (1080p) [Not 24/7],02,
海外·宗教,yes,Maná Tserkov' Onlayn,PT,1,,Maná Tserkov' Onlayn (1080p) [Not 24/7],02,
海外·宗教,yes,Maná Église Online,PT,1,,Maná Église Online (1080p) [Not 24/7],02,
海外·宗教,yes,Maria Vision USA,US,1,,Maria Vision USA (1080p),02,
海外·宗教,yes,Marjaeyat TV Arabic,IQ,1,,Marjaeyat TV Arabic (1080p),02,
海外·宗教,yes,Marjaeyat TV English,IQ,1,,Marjaeyat TV English (1080p),02,
海外·宗教,yes,Marjaeyat TV Persian,IQ,1,,Marjaeyat TV Persian (240p) [Not 24/7],02,
海外·宗教,yes,María Visión Mexico,MX,1,,María Visión Mexico (360p) [Not 24/7],02,
海外·宗教,yes,María+Visión Medjugorje,BA,1,,María+Visión Medjugorje (720p),02,
海外·宗教,yes,Medjugorje Italia TV,IT,1,,Medjugorje Italia TV (480p);Medjugorje Italia Tv,02;11,
海外·宗教,yes,Mercy TV (IN),IN,1,,Mercy TV (1080p),02,
海外·宗教,yes,Mercy TV (SL),SL,1,,Mercy TV,02,
海外·宗教,yes,Middle East TV,CY,1,,Middle East TV (1080p),02,
海外·宗教,yes,Ministerio La Voz De Un Remanente TV,US,1,,Ministerio La Voz De Un Remanente TV,02,
海外·宗教,yes,Miracle TV (UK),UK,1,,Miracle TV (480p),02,
海外·宗教,yes,Mision ELTV,DO,1,,Mision ELTV (720p),02,
海外·宗教,yes,Mission Asia,AU,1,,Mission Asia (1080p),02,
海外·宗教,yes,Mission TV,US,1,,Mission TV (1080p) [Not 24/7],02,
海外·宗教,yes,Mohabat TV,US,1,,Mohabat TV,02,
海外·宗教,yes,Monte Maria,MX,1,,Monte Maria (1080p),02,
海外·宗教,yes,Morning Cloud TV,KE,1,,Morning Cloud TV (720p),02,
海外·宗教,yes,Muslim Network TV,US,1,,Muslim Network TV,02,
海外·宗教,yes,Nabawi TV,ID,1,,Nabawi TV (720p),02,
海外·宗教,yes,Namdhari,IN,1,,Namdhari (404p) [Not 24/7],02,
海外·宗教,yes,Nandejara Ne'e TV,PY,1,,Nandejara Ne'e TV,02,
海外·宗教,yes,Nesiha TV,ET,1,,Nesiha TV (720p),02,
海外·宗教,yes,New Vision TV,NG,1,,New Vision TV (360p),02,
海外·宗教,yes,Nireekshana TV,IN,1,,Nireekshana TV (576p),02,
海外·宗教,yes,Noor TV,UK,1,,Noor TV (720p),02,
海外·宗教,yes,Nour Al Koddas,LB,1,,Nour Al Koddas (406p) [Not 24/7];Nour Al Koddas,02;11,
海外·宗教,yes,Nour Al Sharq,LB,1,,Nour Al Sharq (576p);Nour Al Sharq,02;11,
海外·宗教,yes,Nour TV,AE,1,,Nour TV,02,
海外·宗教,yes,NourSAT,LB,1,,NourSAT (576p);NourSAT,02;11,
海外·宗教,yes,Noursat English,LB,1,,Noursat English (576p);Noursat English,02;11,
海外·宗教,yes,Novo Tempo,BR,1,,Novo Tempo (720p),02,
海外·宗教,yes,OCN TV,US,1,,OCN TV,02,
海外·宗教,yes,Oasis TV,CO,1,,Oasis TV (720p) [Not 24/7],02,
海外·宗教,yes,Olam Metro TV,NI,1,,Olam Metro TV (720p),02,
海外·宗教,yes,PMC Telugu,IN,1,,PMC Telugu (1080p),02,
海外·宗教,yes,Padre Pio TV,IT,1,,Padre Pio TV (1080p);Padre Pio Tv,02;11,
海外·宗教,yes,Panjab TV,UK,1,,Panjab TV (576p),02,
海外·宗教,yes,Paras Gold,IN,1,,Paras Gold (576p),02,
海外·宗教,yes,Paraíso TV,PR,1,,Paraíso TV (720p),02,
海外·宗教,yes,Parole di Vita,IT,1,,Parole di Vita (1080p);Parole di Vita,02;11,
海外·宗教,yes,Payame Aramesh TV,US,1,,Payame Aramesh TV (720p),02,
海外·宗教,yes,Payvand TV (IR),IR,1,,Payvand TV (720p) [Not 24/7],02,
海外·宗教,yes,Peace TV Bangla,AE,1,,Peace TV Bangla (1080p),02,
海外·宗教,yes,Peace TV Chinese,AE,1,,Peace TV Chinese (1080p),02,
海外·宗教,yes,Peace TV English,AE,1,,Peace TV English (1080p),02,
海外·宗教,yes,Peace TV Urdu,AE,1,,Peace TV Urdu (1080p),02,
海外·宗教,yes,Peace of Mind TV,IN,1,,Peace of Mind TV (576p),02,
海外·宗教,yes,Peniel Musical,GT,1,,Peniel Musical (480p),02,
海外·宗教,yes,Peniel TV Biblia Abierta,GT,1,,Peniel TV Biblia Abierta (480p),02,
海外·宗教,yes,Pent TV,GH,1,,Pent TV,02,
海外·宗教,yes,Plenitude TV,BR,1,,Plenitude TV,02,
海外·宗教,yes,Plovdivska Pravoslavna TV,BG,1,,Plovdivska Pravoslavna TV (1080p),02,
海外·宗教,yes,Poder de Dios TV,BO,1,,Poder de Dios TV (1080p),02,
海外·宗教,yes,Potta-Divine TV USA,US,1,,Potta-Divine TV USA (480p),02,
海外·宗教,yes,Preludio TV,CL,1,,Preludio TV,02,
海外·宗教,yes,Qatar TV The Holy Quran,QA,1,,Qatar TV The Holy Quran (1080p),02,
海外·宗教,yes,Quran,IR,1,,Quran;IRIB Quran,02;11,IRIB Quran
海外·宗教,yes,Quran Radio,SA,1,,Quran Radio (1080p),02,
海外·宗教,yes,RCC TV,PY,1,,RCC TV (1080p) [Not 24/7],02,
海外·宗教,yes,RIT TV,BR,1,,RIT TV (1080p),02,
海外·宗教,yes,RT JVA,TG,1,,RT JVA (720p) [Not 24/7],02,
海外·宗教,yes,RTV Pendimi,CH,1,,RTV Pendimi (720p),02,
海外·宗教,yes,RTVC,CI,1,,RTVC (720p),02,
海外·宗教,yes,RUTC TV,KR,1,,RUTC TV (720p),02,
海外·宗教,yes,RadiantTV,US,1,,RadiantTV (1080p),02,
海外·宗教,yes,Radio Armonia TV,CL,1,,Radio Armonia TV (720p),02,
海外·宗教,yes,Radio El Sembrador,CL,1,,Radio El Sembrador (720p),02,
海外·宗教,yes,Radio Fiesta de Milagros TV,HN,1,,Radio Fiesta de Milagros TV (1080p),02,
海外·宗教,yes,Radio Hogar,PA,1,,Radio Hogar (720p),02,
海外·宗教,yes,Radio Sublime Gracia TV,AR,1,,Radio Sublime Gracia TV (720p),02,
海外·宗教,yes,Radio Tele Full Gospel,HT,1,,Radio Tele Full Gospel,02,
海外·宗教,yes,Radio Tele Puissance,US,1,,Radio Tele Puissance,02,
海外·宗教,yes,Radio Tele Sentinel,US,1,,Radio Tele Sentinel,02,
海外·宗教,yes,Radio Télé 4VEH,HT,1,,Radio Télé 4VEH (720p),02,
海外·宗教,yes,RadioMensaje TV,US,1,,RadioMensaje TV (720p),02,
海外·宗教,yes,RasoulallahTv,IR,1,,RasoulallahTv (1080p),02,
海外·宗教,yes,Rede Gospel,BR,1,,Rede Gospel (1080p),02,
海外·宗教,yes,Rede Seculo 21,BR,1,,Rede Seculo 21 (720p),02,
海外·宗教,yes,Rede Vida,BR,1,,Rede Vida (720p),02,
海外·宗教,yes,Reforma TV,VE,1,,Reforma TV (1080p),02,
海外·宗教,yes,Rhema TV,GT,1,,Rhema TV (720p),02,
海外·宗教,yes,Riddim & Hope TV,TT,1,,Riddim & Hope TV,02,
海外·宗教,yes,SBN TV,US,1,,SBN TV (720p),02,
海外·宗教,yes,SBN TV Global,US,1,,SBN TV Global (720p),02,
海外·宗教,yes,SBN TV International,US,1,,SBN TV International (720p),02,
海外·宗教,yes,SUMtv English,US,1,,SUMtv English (1080p),02,
海外·宗教,yes,SUMtv Latino,US,1,,SUMtv Latino (1080p),02,
海外·宗教,yes,SVBC 2,IN,1,,SVBC 2 (1080p),02,
海外·宗教,yes,SVBC 3,IN,1,,SVBC 3 (720p),02,
海外·宗教,yes,SVBC 4,IN,1,,SVBC 4 (1080p),02,
海外·宗教,yes,SVBC Sri Venkateswara Bhakti Channel,IN,1,,SVBC Sri Venkateswara Bhakti Channel (1080p),02,
海外·宗教,yes,Sadhna,IN,1,,Sadhna (720p),02,
海外·宗教,yes,Sadhna TV,IN,1,,Sadhna TV (576p),02,
海外·宗教,yes,Sairam TV,IN,1,,Sairam TV (576p),02,
海外·宗教,yes,Salvación TV,PR,1,,Salvación TV (720p),02,
海外·宗教,yes,Salvation TV (IN),IN,1,,Salvation TV (1080p),02,
海外·宗教,yes,San José TV,CR,1,,San José TV (1080p),02,
海外·宗教,yes,Sangkem TV,KH,1,,Sangkem TV,02,
海外·宗教,yes,Sankara TV,IN,1,,Sankara TV (576p),02,
海外·宗教,yes,Sankhya TV,TT,1,,Sankhya TV (720p),02,
海外·宗教,yes,Sanskar TV,IN,1,,Sanskar TV (1080p),02,
海外·宗教,yes,Sanskar UK,IN,1,,Sanskar UK (1080p),02,
海外·宗教,yes,Sanskar USA,IN,1,,Sanskar USA (1080p),02,
海外·宗教,yes,Sanskar Web TV,IN,1,,Sanskar Web TV (1080p),02,
海外·宗教,yes,Santel TV,CO,1,,Santel TV,02,
海外·宗教,yes,Sat7 Pars,CY,1,,Sat7 Pars,02,
海外·宗教,yes,Satsang TV,IN,1,,Satsang TV (1080p),02,
海外·宗教,yes,Satsang Web TV,IN,1,,Satsang Web TV (1080p),02,
海外·宗教,yes,Sercem TV,TR,1,,Sercem TV (1080p),02,
海外·宗教,yes,Shalom,IN,1,,Shalom (1080p),02,
海外·宗教,yes,Shalom Global,IN,1,,Shalom Global (1080p),02,
海外·宗教,yes,Shalom TV (SR),SR,1,,Shalom TV (360p),02,
海外·宗教,yes,Shalom TV (US),US,1,,Shalom TV (720p) [Not 24/7],02,
海外·宗教,yes,Shalom World,US,1,,Shalom World (1080p),02,
海外·宗教,yes,Shalom World Europe,US,1,,Shalom World Europe (1080p),02,
海外·宗教,yes,Shalom World Prayer,US,1,,Shalom World Prayer (1080p),02,
海外·宗教,yes,Sharjah 2,AE,1,,Sharjah 2 (1080p),02,
海外·宗教,yes,Sharjah Radio Quran,AE,1,,Sharjah Radio Quran (1080p),02,
海外·宗教,yes,Sharjah TV,AE,1,,Sharjah TV (1080p);Sharjah TV,02;11,
海外·宗教,yes,Shelanu TV,IL,1,,Shelanu TV (720p),02,
海外·宗教,yes,Shubhsandesh TV,IN,1,,Shubhsandesh TV (576p),02,
海外·宗教,yes,Sivan TV,CH,1,,Sivan TV (1080p),02,
海外·宗教,yes,Soham TV,IN,1,,Soham TV (576p),02,
海外·宗教,yes,Sophia TV,DE,1,,Sophia TV (720p),02,
海外·宗教,yes,Sophia TV Français,DE,1,,Sophia TV Français (720p),02,
海外·宗教,yes,Spas,RU,1,,Spas (576p),02,
海外·宗教,yes,SperantaTV,RO,1,,SperantaTV (1080p),02,
海外·宗教,yes,Subhavaartha TV,IN,1,,Subhavaartha TV (720p),02,
海外·宗教,yes,Suyapa TV,HN,1,,Suyapa TV (1080p),02,
海外·宗教,yes,TBN Baltia,EE,1,,TBN Baltia (1080p);TBN Baltia,02;11,
海外·宗教,yes,TBN España,ES,1,,TBN España (576p),02,
海外·宗教,yes,TLN Media Chicago,US,1,,TLN Media Chicago (720p),02,
海外·宗教,yes,TLN Media San Francisco,US,1,,TLN Media San Francisco (720p),02,
海外·宗教,yes,TNE,CL,1,,TNE (720p) [Not 24/7],02,
海外·宗教,yes,TV 2000,IT,1,,TV 2000 (720p);TV 2000,02;11,
海外·宗教,yes,TV Aparecida,BR,1,,TV Aparecida (720p),02,
海外·宗教,yes,TV CRET,SV,1,,TV CRET (1080p),02,
海外·宗教,yes,TV Estrella,HN,1,,TV Estrella (720p),02,
海外·宗教,yes,TV Evangelizar,BR,1,,TV Evangelizar (720p),02,
海外·宗教,yes,TV Famille,MQ,1,,TV Famille (720p),02,
海外·宗教,yes,TV Getsemaní,SV,1,,TV Getsemaní (720p),02,
海外·宗教,yes,TV León de Judá,SV,1,,TV León de Judá (720p),02,
海外·宗教,yes,TV Luz,DO,1,,TV Luz (480p),02,
海外·宗教,yes,TV Maná 1,PT,1,,TV Maná 1 (1080p),02,
海外·宗教,yes,TV Maná 2,PT,1,,TV Maná 2 (1080p),02,
海外·宗教,yes,TV Maná Argentina,AR,1,,TV Maná Argentina (576p) [Not 24/7],02,
海外·宗教,yes,TV Maná Brasil,PT,1,,TV Maná Brasil (1080p),02,
海外·宗教,yes,TV Maná English,PT,1,,TV Maná English (1080p),02,
海外·宗教,yes,TV Maná Español,PT,1,,TV Maná Español (1080p),02,
海外·宗教,yes,TV Maná Moçambique,MZ,1,,TV Maná Moçambique (1080p),02,
海外·宗教,yes,TV Maná Russkiy,PT,1,,TV Maná Russkiy (1080p),02,
海外·宗教,yes,TV Muslim Thailand,TH,1,,TV Muslim Thailand,02,
海外·宗教,yes,TV Padre Cicero,BR,1,,TV Padre Cicero (720p),02,
海外·宗教,yes,TV Pai Eterno,BR,1,,TV Pai Eterno (720p),02,
海外·宗教,yes,TV Terceiro Anjo,BR,1,,TV Terceiro Anjo (360p),02,
海外·宗教,yes,TV Universal,BR,1,,TV Universal (480p),02,
海外·宗教,yes,TV Universal Ecuador,EC,1,,TV Universal Ecuador (720p),02,
海外·宗教,yes,TV45-3ABN Nicaragua,NI,1,,TV45-3ABN Nicaragua (720p) [Not 24/7],02,
海外·宗教,yes,TVCARiB Gospel,SX,1,,TVCARiB Gospel (480p) [Not 24/7],02,
海外·宗教,yes,TVCa Televisión Católica Arquidiocesana,SV,1,,TVCa Televisión Católica Arquidiocesana (720p),02,
海外·宗教,yes,Tarotéame,ES,1,,Tarotéame (576p),02,
海外·宗教,yes,TeleBendicion,DO,1,,TeleBendicion (720p) [Not 24/7],02,
海外·宗教,yes,TeleSanDomenico,IT,1,,TeleSanDomenico (1080p);TSD Tv Arezzo(Tele San Domenico),02;11,TSD Tv Arezzo(Tele San Domenico)
海外·宗教,yes,Telepace 1,IT,1,,Telepace 1 (1080p);Tele Radio Pace 1,02;11,Tele Radio Pace 1
海外·宗教,yes,Telepace 2,IT,1,,Telepace 2 (1080p);Tele Radio Pace 2,02;11,Tele Radio Pace 2
海外·宗教,yes,Telepace 3,IT,1,,Telepace 3 (1080p);Tele Radio Pace 3,02;11,Tele Radio Pace 3
海外·宗教,yes,Telepace 4,IT,1,,Telepace 4 (1080p);Tele Radio Pace 4,02;11,Tele Radio Pace 4
海外·宗教,yes,Telepace Trento,IT,1,,Telepace Trento (540p);Tele Pace Trento,02;11,
海外·宗教,yes,Televida (CL),CL,1,,Televida (1080p),02,
海外·宗教,yes,Televida (DO),DO,1,,Televida (1080p) [Not 24/7],02,
海外·宗教,yes,Televisión Consciente,ES,1,,Televisión Consciente (1080p),02,
海外·宗教,yes,Teve Vida Network,US,1,,Teve Vida Network (480p) [Not 24/7],02,
海外·宗教,yes,The Islamic Network,TT,1,,The Islamic Network,02,
海外·宗教,yes,The Now Network,US,1,,The Now Network (480p) [Not 24/7],02,
海外·宗教,yes,The Point Televsion Network,US,1,,The Point Televsion Network (1080p),02,
海外·宗教,yes,The Word Network,US,1,,The Word Network (1080p),02,
海外·宗教,yes,Total Bhakti,IN,1,,Total Bhakti (1080p),02,
海外·宗教,yes,Trece TV,ES,1,,Trece TV (576p),02,
海外·宗教,yes,Triunfo 96.9 FM TV,PR,1,,Triunfo 96.9 FM TV (360p),02,
海外·宗教,yes,Tsargrad TV,RU,1,,Tsargrad TV (1080p) [Geo-blocked],02,
海外·宗教,yes,Tu Universo TV,CO,1,,Tu Universo TV (720p),02,
海外·宗教,yes,Unife TV,AR,1,,Unife TV,02,
海外·宗教,yes,VTN Victory Television Network,US,1,,VTN Victory Television Network (720p),02,
海外·宗教,yes,Vedic,IN,1,,Vedic (576p),02,
海外·宗教,yes,Velayat TV (US),US,1,,Velayat TV (480p),02,
海外·宗教,yes,Vida Mejor TV,US,1,,Vida Mejor TV (480p),02,
海外·宗教,yes,Village TV,IN,1,,Village TV (1080p),02,
海外·宗教,yes,Vision (PE),PE,1,,Vision (480p),02,
海外·宗教,yes,Vision Latina,PA,1,,Vision Latina (1080p),02,
海外·宗教,yes,W14DK-D 14.1 TV Delmarva,US,1,,W14DK-D 14.1 TV Delmarva,02,
海外·宗教,yes,WDWL-DT1 (Teleadoración/Enlace PR),PR,1,,WDWL-DT1 (Teleadoración/Enlace PR) (720p) [Not 24/7],02,
海外·宗教,yes,WECN (Único TV),PR,1,,WECN (Único TV) (720p),02,
海外·宗教,yes,WLMB,US,1,,WLMB (1080p),02,
海外·宗教,yes,WSLF-LD 35.1,US,1,,WSLF-LD 35.1 (720p),02,
海外·宗教,yes,WiseHumanTv,IR,1,,WiseHumanTv (1080p),02,
海外·宗教,yes,YOUNIB Media TV,KE,1,,YOUNIB Media TV (720p) [Not 24/7],02,
海外·宗教,yes,Yadah TV,ZW,1,,Yadah TV (576p) [Not 24/7],02,
海外·宗教,yes,ZB Bhakti,IN,1,,ZB Bhakti (720p),02,
海外·宗教,yes,Zainabia Channel,IN,1,,Zainabia Channel,02,
海外·宗教,yes,icnet 1,CA,1,,icnet 1,02,
海外·宗教,yes,icnet 2,CA,1,,icnet 2,02,
海外·宗教,yes,icnet 3,CA,1,,icnet 3,02,
海外·宗教,yes,theDove TV,US,1,,theDove TV (720p),02,
海外·宗教,yes,Вера 24,RU,1,,Вера 24,02,
海外·宗教,yes,Глас,UA,1,,Глас (576p),02,
海外·宗教,yes,Надежда,RU,1,,Надежда (720p),02,
海外·宗教,yes,Союз,RU,1,,Союз (576p),02,
海外·宗教,yes,Три Ангела,RU,1,,Три Ангела (720p),02,
海外·宗教,yes,Хузур ТВ,RU,1,,Хузур ТВ (1080p) [Not 24/7],02,
海外·少儿,yes,One Piece,US,6,,One Piece,02,
海外·少儿,yes,Pluto TV Anime (US),US,4,,Pluto TV Anime,02,
海外·少儿,yes,KiKA,DE,3,,KiKA HD;KiKA (1080p) [Not 24/7];KiKa Ⓖ,02;11,
海外·少儿,yes,Naruto,US,3,,Naruto (720p);Naruto,02,
海外·少儿,yes,Pluto TV Anime (DE),DE,3,,Pluto TV Anime,02,
海外·少儿,yes,Pluto TV Juniorklubben,SE,3,,Pluto TV Juniorklubben (720p),02,
海外·少儿,yes,Pluto TV Teen,DE,3,,Pluto TV Teen (720p),02,
海外·少儿,yes,Pluto TV Ungdomsserier,SE,3,,Pluto TV Ungdomsserier (720p),02,
海外·少儿,yes,Totally Turtles (SE),SE,3,,Totally Turtles (720p),02,
海外·少儿,yes,ducktv,SK,3,,duckTV;ducktv (720p);ducktv HD,02;11,
海外·少儿,yes,iCarly (SE),SE,3,,iCarly,02,
海外·少儿,yes,Baby Shark TV,US,2,,Baby Shark TV (1080p);Baby Shark TV,02,
海外·少儿,yes,BabyFirst,US,2,,BabyFirst (720p);Babyfirst,02,
海外·少儿,yes,Balapan,KZ,2,,Balapan (576p);Balapan HD (1080p);Balapan TV,02;11,Balapan TV
海外·少儿,yes,Disney Jr. Latin America,AR,2,,Disney Jr. Latin America (576p);Disney Jr. Latin America (1080p),02,
海外·少儿,yes,Disney Jr. Latin America South,AR,2,,Disney Jr. Latin America South (1080p);Disney Jr. Latin America South HD (1080p),02,
海外·少儿,yes,ETV2,EE,2,,ETV2 (720p);ETV2 Ⓖ,02;11,
海外·少儿,yes,Iunior TV,IT,2,,Iunior Tv;Iunior TV (1080p),02;11,
海外·少儿,yes,Nick Jr. Club (US),US,2,,Nick Jr. Club (720p),02,
海外·少儿,yes,Nick Jr. Pluto TV,US,2,,Nick Jr. Pluto TV;Nick Jr. Pluto TV (720p),02,
海外·少儿,yes,NickToons (US),US,2,,NickToons;Nicktoons (720p),02,
海外·少儿,yes,Nickelodeon Teen (US),US,2,,Nickelodeon Teen (720p),02,
海外·少儿,yes,Nickelodeon Toons (US),US,2,,Nickelodeon Toons (720p),02,
海外·少儿,yes,Pluto TV Junior (DE),DE,2,,Pluto TV Junior (720p),02,
海外·少儿,yes,Pluto TV Junior (US),US,2,,Pluto TV Junior,02,
海外·少儿,yes,Pluto TV Kids (US),US,2,,Pluto TV Kids,02,
海外·少儿,yes,Pluto TV Kids Classics,DE,2,,Pluto TV Kids Classics (720p),02,
海外·少儿,yes,Pluto TV Retro Toons,DE,2,,Pluto TV Retro Toons,02,
海外·少儿,yes,Pluto TV Tegnefilm,SE,2,,Pluto TV Tegnefilm (720p),02,
海外·少儿,yes,Pokémon,US,2,,Pokémon,02,
海外·少儿,yes,Ryan and Friends,US,2,,Ryan and Friends (1080p);Ryan and Friends,02;14,
海外·少儿,yes,SvampeBob Firkant,SE,2,,SvampeBob Firkant (720p),02,
海外·少儿,yes,TOTALLY TURTLES (US),US,2,,TOTALLY TURTLES;Totally Turtles (720p),02,
海外·少儿,yes,Totally Turtles (DE),DE,2,,Totally Turtles (720p);Totally Turtles,02,
海外·少儿,yes,WOW Kidz,IN,2,,WOW Kidz (720p),02,
海外·少儿,yes,iCarly (DE),DE,2,,iCarly,02,
海外·少儿,yes,13 Kids,CL,1,,13 Kids (1080p);13 Kids,02;11,
海外·少儿,yes,3ABN Kids Network,US,1,,3ABN Kids Network,02,
海外·少儿,yes,4 Fun Kids,PL,1,,4 Fun Kids (576i);4fun Kids,02;11,
海外·少儿,yes,90's Kids,US,1,,90's Kids,02,
海外·少儿,yes,90s Kids TV 2,US,1,,90s Kids TV 2,02,
海外·少儿,yes,ABC Entertains,AU,1,,ABC Entertains (720p);ABC Me,02;11,ABC Me
海外·少儿,yes,ABC Kids,AU,1,,ABC Kids,02;11,
海外·少儿,yes,ADN TV+,FR,1,,ADN TV+ (720p),02,
海外·少儿,yes,ANIME x HIDIVE,US,1,,ANIME x HIDIVE,02,
海外·少儿,yes,Afarin Baxcha,IQ,1,,Afarin Baxcha (1080p),02,
海外·少儿,yes,Afarin TV,IQ,1,,Afarin TV (720p) [Not 24/7],02,
海外·少儿,yes,Akili Kids!,KE,1,,Akili Kids!,02,
海外·少儿,yes,Amou Yazid TV,DZ,1,,Amou Yazid TV (576p),02,
海外·少儿,yes,Ani,RU,1,,Ani (576p),02,
海外·少儿,yes,Aqlvoy,UZ,1,,Aqlvoy,02,
海外·少儿,yes,Atfal & Mawaheb TV,SA,1,,Atfal & Mawaheb TV (1080p),02,
海外·少儿,yes,Avatar: A lenda de Aang,US,1,,Avatar: A lenda de Aang,02,
海外·少儿,yes,Avatar: La Leyenda de Aang,US,1,,Avatar: La Leyenda de Aang,02,
海外·少儿,yes,BabyFirst Spanish,US,1,,BabyFirst Spanish (720p),02,
海外·少儿,yes,Banijay Mr Bean Animé,UK,1,,Banijay Mr Bean Animé (1080p),02,
海外·少儿,yes,BeJoy.kids,IT,1,,BeJoy.kids (1080p);BeJoy.Kids,02;11,
海外·少儿,yes,Blues TV,US,1,,Blues TV,02,
海外·少儿,yes,Bob Esponja,DE,1,,Bob Esponja (720p),02,
海外·少儿,yes,Bob Esponja Calça Quadrada,US,1,,Bob Esponja Calça Quadrada (720p),02,
海外·少儿,yes,Bob Esponja Pantalones Cuadrados,US,1,,Bob Esponja Pantalones Cuadrados (720p),02,
海外·少儿,yes,Bob l'éponge (DE),DE,1,,Bob l'éponge (720p),02,
海外·少儿,yes,Bob l'éponge (US),US,1,,Bob l'éponge (720p),02,
海外·少儿,yes,Bolajon,UZ,1,,Bolajon (576p),02,
海外·少儿,yes,Box Kids TV,BR,1,,Box Kids TV (720p),02,
海外·少儿,yes,Brat TV,US,1,,Brat TV (1080p),02,
海外·少儿,yes,CBeebies Asia,UK,1,,CBeebies Asia (576p),02,
海外·少儿,yes,Carousel,RU,1,,Carousel (720p),02,
海外·少儿,yes,Carousel International,RU,1,,Carousel International (576p),02,
海外·少儿,yes,Cartoon Classics,PL,1,,Cartoon Classics (576p),02,
海外·少儿,yes,Chikitoonz,PE,1,,Chikitoonz (1080p),02,
海外·少儿,yes,Chinola TV,DO,1,,Chinola TV (480p),02,
海外·少儿,yes,Chithiram,IN,1,,Chithiram (576p),02,
海外·少儿,yes,Christian Youth Channel (CYC),US,1,,Christian Youth Channel (CYC) (1080p),02,
海外·少儿,yes,Clan,ES,1,,Clan (1080p),02,
海外·少儿,yes,Crunchyroll,US,1,,Crunchyroll (720p),02,
海外·少儿,yes,Daria (DE),DE,1,,Daria,02,
海外·少儿,yes,Detective Conan,US,1,,Detective Conan,02,
海外·少儿,yes,Detective Conan France,US,1,,Detective Conan France (720p),02,
海外·少儿,yes,Dios Te Ve Kids,HN,1,,Dios Te Ve Kids (720p),02,
海外·少儿,yes,Disney Channel (CZ),CZ,1,,Disney Channel,02,
海外·少儿,yes,Disney Channel (HU),HU,1,,Disney Channel,02,
海外·少儿,yes,Disney Channel (IN),IN,1,,Disney Channel (576p),02,
海外·少儿,yes,Disney Channel (PL),PL,1,,Disney Channel HD (1080p),02,
海外·少儿,yes,Disney Channel (PT),PT,1,,Disney Channel (1080p),02,
海外·少儿,yes,Disney Channel East,US,1,,Disney Channel HD East (720p),02,
海外·少儿,yes,Disney Channel Latin America,AR,1,,Disney Channel Latin America (1080p),02,
海外·少儿,yes,Disney Channel Latin America Center,AR,1,,Disney Channel Latin America Center (1080p),02,
海外·少儿,yes,Disney Channel Latin America Mexico,AR,1,,Disney Channel Latin America Mexico (720p),02,
海外·少儿,yes,Disney Channel Latin America North,AR,1,,Disney Channel Latin America North (576p),02,
海外·少儿,yes,Disney Channel Latin America Panregional,AR,1,,Disney Channel Latin America Panregional HD (1080p),02,
海外·少儿,yes,Disney International,IN,1,,Disney International HD (1080p),02,
海外·少儿,yes,Disney Jr.,FR,1,,Disney Jr. (1080p),02,
海外·少儿,yes,Disney Junior (CZ),CZ,1,,Disney Junior,02,
海外·少儿,yes,Disney Junior (RO),RO,1,,Disney Junior,02,
海外·少儿,yes,Disney Junior (US),US,1,,Disney Junior (720p),02,
海外·少儿,yes,Disney XD (PL),PL,1,,Disney XD (576p),02,
海外·少儿,yes,Disney XD (US),US,1,,Disney XD (720p),02,
海外·少儿,yes,Dora TV,US,1,,Dora TV,02,
海外·少儿,yes,Drake & Josh,DE,1,,Drake & Josh,02,
海外·少儿,yes,DreamWorks Channel Latin America,US,1,,DreamWorks Channel Latin America (1080p),02,
海外·少儿,yes,DumDum,BR,1,,DumDum (720p),02,
海外·少儿,yes,Duronto TV,BD,1,,Duronto TV (720p),02,
海外·少儿,yes,EBS kids,KR,1,,EBS kids (400p) [Not 24/7];EBS Kids Ⓢ,02;11,
海外·少儿,yes,EKids,BG,1,,EKids (576p),02,
海外·少儿,yes,ETV Bal Bharat,IN,1,,ETV Bal Bharat (576p),02,
海外·少儿,yes,El Chavo TV,MX,1,,El Chavo TV (720p),02,
海外·少儿,yes,Epic Kids Digital,IN,1,,Epic Kids Digital (1080p),02,
海外·少儿,yes,Extrema Kids TV,CR,1,,Extrema Kids TV [Not 24/7],02,
海外·少儿,yes,FilmRise Anime,US,1,,FilmRise Anime (720p),02,
海外·少儿,yes,Forever Kids,US,1,,Forever Kids,02,
海外·少儿,yes,FunBox (CL),CL,1,,FunBox,02,
海外·少儿,yes,Garfield and Friends,US,1,,Garfield and Friends,02,
海外·少儿,yes,God Stands Kids Club TV Arabic,PK,1,,God Stands Kids Club TV Arabic,02,
海外·少儿,yes,God Stands Kids Club TV Chinese,PK,1,,God Stands Kids Club TV Chinese,02,
海外·少儿,yes,God Stands Kids Club TV English,PK,1,,God Stands Kids Club TV English,02,
海外·少儿,yes,God Stands Kids Club TV Urdu,PK,1,,God Stands Kids Club TV Urdu,02,
海外·少儿,yes,Groovia Kids,ID,1,,Groovia Kids (576p),02,
海外·少儿,yes,Gulli Girl,RU,1,,Gulli Girl (720p),02,
海外·少儿,yes,HappyKids,US,1,,HappyKids (1080p),02,
海外·少儿,yes,Hey Arnold!,US,1,,Hey Arnold!,02,
海外·少儿,yes,Hop!,IL,1,,Hop! (1080p),02,
海外·少儿,yes,Hungama TV,IN,1,,Hungama TV (576p),02,
海外·少儿,yes,Japanim TV,BE,1,,Japanim TV (1080p),02,
海外·少儿,yes,JimJam,HU,1,,JimJam,02,
海外·少儿,yes,Kapitan Fantastika,RU,1,,Kapitan Fantastika (1080p),02,
海外·少儿,yes,Kartoon Channel,US,1,,Kartoon Channel (1080p),02,
海外·少儿,yes,Kids TV,ID,1,,Kids TV,02,
海外·少儿,yes,KinoKazka,ES,1,,KinoKazka (1080p),02,
海外·少儿,yes,Kolyokklub,HU,1,,Kolyokklub,02,
海外·少儿,yes,Koogi TV,EG,1,,Koogi TV (1080p);Koogi TV,02;11,
海外·少儿,yes,Kuriakos Kids,PT,1,,Kuriakos Kids (1080p),02,
海外·少儿,yes,LEGO Kids TV,US,1,,LEGO Kids TV,02,
海外·少儿,yes,Lale,UA,1,,Lale,02,
海外·少儿,yes,Las Tortugas Ninja (DE),DE,1,,Las Tortugas Ninja (720p),02,
海外·少儿,yes,Las Tortugas Ninja (US),US,1,,Las Tortugas Ninja (720p),02,
海外·少儿,yes,Little Stars Universe,US,1,,Little Stars Universe,02,
海外·少儿,yes,Logos TV Kids,ES,1,,Logos TV Kids (720p) [Not 24/7],02,
海外·少儿,yes,MAX Anime,VE,1,,MAX Anime (1080p),02,
海外·少儿,yes,MBC 3 USA,US,1,,MBC 3 USA (1080p) [Geo-blocked];MBC 3,02;11,MBC 3
海外·少儿,yes,Mama,RU,1,,Mama (576p),02,
海外·少儿,yes,Minika Cocuk,TR,1,,Minika Cocuk (720p),02,
海外·少儿,yes,Minika Go,TR,1,,Minika Go (720p),02,
海外·少儿,yes,Minimax (CZ),CZ,1,,Minimax (576p) (576p),02,
海外·少儿,yes,Minimax (HU),HU,1,,Minimax,02,
海外·少儿,yes,Minimax (PK),PK,1,,Minimax (360p),02,
海外·少儿,yes,Minimax (RO),RO,1,,Minimax,02,
海外·少儿,yes,Moonbug Kids,UK,1,,Moonbug Kids (1080p),02,
海外·少儿,yes,Mr. Bean Animated,UK,1,,Mr. Bean Animated (1080p),02,
海外·少儿,yes,Mr. Bean Anime Italy,UK,1,,Mr. Bean Anime Italy (1080p),02,
海外·少儿,yes,Mr. Bean Anime Spain,UK,1,,Mr. Bean Anime Spain (1080p),02,
海外·少儿,yes,Mult International,RU,1,,Mult International (576p),02,
海外·少儿,yes,Mult i muzyka,RU,1,,Mult i muzyka (576p),02,
海外·少儿,yes,Multilandia,RU,1,,Multilandia (576p),02,
海外·少儿,yes,Naruto Shippuden,US,1,,Naruto Shippuden,02,
海外·少儿,yes,Nick Jr. (CZ),CZ,1,,Nick Jr.,02,
海外·少儿,yes,Nick Jr. (HU),HU,1,,Nick Jr.,02,
海外·少儿,yes,Nick Jr. (IN),IN,1,,Nick Jr. (576p),02,
海外·少儿,yes,Nick Jr. (IT),IT,1,,Nick Jr. (720p),02,
海外·少儿,yes,Nick Jr. (RU),RU,1,,Nick Jr. (576p),02,
海外·少儿,yes,Nick Jr. Club (DE),DE,1,,Nick Jr. Club (720p),02,
海外·少儿,yes,NickToons Brasil,BR,1,,NickToons Brasil (480p),02,
海外·少儿,yes,Nickelodeon (BG),BG,1,,Nickelodeon (576p),02,
海外·少儿,yes,Nickelodeon (BR),BR,1,,Nickelodeon (480p),02,
海外·少儿,yes,Nickelodeon (CZ),CZ,1,,Nickelodeon,02,
海外·少儿,yes,Nickelodeon (DE),DE,1,,Nickelodeon,02,
海外·少儿,yes,Nickelodeon (HU),HU,1,,Nickelodeon,02,
海外·少儿,yes,Nickelodeon (IN),IN,1,,Nickelodeon (576p),02,
海外·少儿,yes,Nickelodeon (RO),RO,1,,Nickelodeon,02,
海外·少儿,yes,Nickelodeon (RU),RU,1,,Nickelodeon (576p),02,
海外·少儿,yes,Nickelodeon (US),US,1,,Nickelodeon (720p),02,
海外·少儿,yes,Nickelodeon CIS,KZ,1,,Nickelodeon CIS (1080p),02,
海外·少儿,yes,Nickelodeon Classics,DE,1,,Nickelodeon Classics (720p),02,
海外·少儿,yes,Nickelodeon Clásico,US,1,,Nickelodeon Clásico (720p),02,
海外·少儿,yes,Nickelodeon Clássico,US,1,,Nickelodeon Clássico (720p),02,
海外·少儿,yes,Nickelodeon Junior,FR,1,,Nickelodeon Junior (1080p),02,
海外·少儿,yes,Nickelodeon Pluto TV,US,1,,Nickelodeon Pluto TV (720p),02,
海外·少儿,yes,Nickelodeon Teen (DE),DE,1,,Nickelodeon Teen (720p),02,
海外·少儿,yes,Nickelodeon Toons (DE),DE,1,,Nickelodeon Toons (720p),02,
海外·少儿,yes,Nickelodeon en español,US,1,,Nickelodeon en español,02,
海外·少儿,yes,Nicktoons (CZ),CZ,1,,Nicktoons,02,
海外·少儿,yes,Nicktoons (HU),HU,1,,Nicktoons,02,
海外·少儿,yes,Nicktoons (RO),RO,1,,Nicktoons,02,
海外·少儿,yes,Nicktoons CIS,RU,1,,Nicktoons CIS (1080p),02,
海外·少儿,yes,Niki Junior,UA,1,,Niki Junior (1080p),02,
海外·少儿,yes,Niki Kids,UA,1,,Niki Kids (1080p),02,
海外·少儿,yes,Ninja Kidz,US,1,,Ninja Kidz (720p),02,
海外·少儿,yes,O Reino Infantil,US,1,,O Reino Infantil,02,
海外·少儿,yes,O!,RU,1,,O! (576p),02,
海外·少儿,yes,O! International,RU,1,,O! International (576p),02,
海外·少儿,yes,ON Kids,VN,1,,ON Kids (720p),02,
海外·少儿,yes,Oggy e as Baratas Tontas,US,1,,Oggy e as Baratas Tontas,02,
海外·少儿,yes,Omid,IR,1,,Omid;IRIB Omid Ⓢ,02;11,IRIB Omid
海外·少儿,yes,PBS Kids,US,1,,PBS Kids (720p),02,
海外·少儿,yes,PBS Kids Alaska,US,1,,PBS Kids Alaska (1080p),02,
海外·少儿,yes,PBS Kids Hawaii,US,1,,PBS Kids Hawaii (720p),02,
海外·少儿,yes,PBS Kids Mountain,US,1,,PBS Kids Mountain (1080p),02,
海外·少儿,yes,PBS Kids Pacific,US,1,,PBS Kids Pacific (1080p),02,
海外·少儿,yes,PLUSPLUS,UA,1,,PLUSPLUS (1080p),02,
海外·少儿,yes,Peppa Pig,US,1,,Peppa Pig,02,
海外·少儿,yes,Peques TV,PE,1,,Peques TV (720p),02,
海外·少儿,yes,Persiana Junior,FR,1,,Persiana Junior,02,
海外·少儿,yes,Pixel TV (UA),UA,1,,Pixel TV (1080p),02,
海外·少儿,yes,Pixel.tv (PL),PL,1,,Pixel.tv (720p),02,
海外·少儿,yes,Placid,US,1,,Placid (1080p) [Not 24/7],02,
海外·少儿,yes,Pluto TV Anime Ação,US,1,,Pluto TV Anime Ação,02,
海外·少儿,yes,Pluto TV Anime Movies,US,1,,Pluto TV Anime Movies,02,
海外·少儿,yes,Pluto TV Kids (DE),DE,1,,Pluto TV Kids,02,
海外·少儿,yes,Pluto TV Kids Club (DE),DE,1,,Pluto TV Kids Club,02,
海外·少儿,yes,Pluto TV Kids Club (US),US,1,,Pluto TV Kids Club,02,
海外·少儿,yes,Pluto TV Kids Spain,DE,1,,Pluto TV Kids Spain (720p),02,
海外·少儿,yes,Pluto TV Klassiske tegnefilm,SE,1,,Pluto TV Klassiske tegnefilm (720p),02,
海外·少儿,yes,Pluto TV Klassiske tegnefilmer,SE,1,,Pluto TV Klassiske tegnefilmer (720p),02,
海外·少儿,yes,Pluto TV Retro Kid,US,1,,Pluto TV Retro Kid,02,
海外·少儿,yes,Pluto TV Star Trek: Animation,DE,1,,Pluto TV Star Trek: Animation,02,
海外·少儿,yes,Pluto TV Super Kids,DE,1,,Pluto TV Super Kids,02,
海外·少儿,yes,Pluto TV Tecknade klassiker,SE,1,,Pluto TV Tecknade klassiker (720p),02,
海外·少儿,yes,Pluto TV Tecknat,SE,1,,Pluto TV Tecknat (720p),02,
海外·少儿,yes,Pluto TV Toons,DE,1,,Pluto TV Toons (720p),02,
海外·少儿,yes,Polsat JimJam,PL,1,,Polsat JimJam (576p),02,
海外·少儿,yes,Pooya & Nahal,IR,1,,Pooya & Nahal;IRIB Pooya & Nahal,02;11,IRIB Pooya & Nahal
海外·少儿,yes,QTV-6,CN,1,,QTV-6,02,
海外·少儿,yes,RU.TV Kids,RU,1,,RU.TV Kids (720p),02,
海外·少儿,yes,RetroCrush,US,1,,RetroCrush (1080p),02,
海外·少儿,yes,RiC,DE,1,,RiC (1080p),02,
海外·少儿,yes,Rugrats (DE),DE,1,,Rugrats,02,
海外·少儿,yes,Rugrats (US),US,1,,Rugrats,02,
海外·少儿,yes,Ryzhiy,RU,1,,Ryzhiy (576i),02,
海外·少儿,yes,S Tom Sings,US,1,,S Tom Sings (1080p),02,
海外·少儿,yes,STS kids International,RU,1,,STS kids International (576p),02,
海外·少儿,yes,Sat 7 Kids,CY,1,,Sat 7 Kids (1080p),02,
海外·少儿,yes,Smile TV,RU,1,,Smile TV (720p),02,
海外·少儿,yes,Sonic,IN,1,,Sonic (576p),02,
海外·少儿,yes,Spacetoon Arabic,AE,1,,Spacetoon Arabic (576p),02,
海外·少儿,yes,SpongeBob Schwammkopf,DE,1,,SpongeBob Schwammkopf (720p),02,
海外·少儿,yes,SpongeBob SquarePants,US,1,,SpongeBob SquarePants (720p),02,
海外·少儿,yes,Starz Kids & Family,US,1,,Starz Kids & Family (1080p),02,
海外·少儿,yes,Super Hungama,IN,1,,Super Hungama (576p),02,
海外·少儿,yes,Super Simple Songs,US,1,,Super Simple Songs (1080p),02,
海外·少儿,yes,Super!,IT,1,,Super!,02;11,
海外·少儿,yes,Super! Pop,US,1,,Super! Pop,02,
海外·少儿,yes,Super! SpongeBob,US,1,,Super! SpongeBob (720p),02,
海外·少儿,yes,Super! iCarly,US,1,,Super! iCarly,02,
海外·少儿,yes,SvampBob Fyrkant,SE,1,,SvampBob Fyrkant (720p),02,
海外·少儿,yes,TRT Cocuk,TR,1,,TRT Cocuk (1440p);TRT Çocuk,02;11,
海外·少儿,yes,TRT Diyanet Çocuk,TR,1,,TRT Diyanet Çocuk (720p),02,
海外·少儿,yes,TV2 Kids,HU,1,,TV2 Kids,02,
海外·少儿,yes,TVCARiB Kids & Teens,SX,1,,TVCARiB Kids & Teens (720p) [Not 24/7],02,
海外·少儿,yes,TVOKids,CA,1,,TVOKids (720p),02,
海外·少儿,yes,TVS Hi Tops,US,1,,TVS Hi Tops (720p),02,
海外·少儿,yes,Taha TV,LB,1,,Taha TV (576p),02,
海外·少儿,yes,Teenage Mutant Ninja Turtles,DE,1,,Teenage Mutant Ninja Turtles (720p),02,
海外·少儿,yes,Teletubbies,UK,1,,Teletubbies (720p),02,
海外·少儿,yes,The Jungle Book,IN,1,,The Jungle Book (1080p),02,
海外·少儿,yes,The LEGO Channel,US,1,,The LEGO Channel (1080p),02,
海外·少儿,yes,TiJi,RU,1,,TiJi (576p),02,
海外·少儿,yes,Tiguerito TV,DO,1,,Tiguerito TV (720p) [Not 24/7],02,
海外·少儿,yes,Tiny Pop,UK,1,,Tiny Pop (1080p),02,
海外·少儿,yes,Tokusato,US,1,,Tokusato,02,
海外·少儿,yes,Tom And Jerry,DO,1,,Tom And Jerry (720p),02,
海外·少儿,yes,Tooku,RU,1,,Tooku (1080p),02,
海外·少儿,yes,Toon Goggles Junior,US,1,,Toon Goggles Junior (720p),02,
海外·少儿,yes,ToonGoggles,US,1,,ToonGoggles (720p),02,
海外·少儿,yes,Toonami Aftermath East,US,1,,Toonami Aftermath East (480p),02,
海外·少儿,yes,Tortues Ninja TV (DE),DE,1,,Tortues Ninja TV (720p),02,
海外·少儿,yes,Tortues Ninja TV (US),US,1,,Tortues Ninja TV (720p),02,
海外·少儿,yes,Turma da Mônica,US,1,,Turma da Mônica (720p),02,
海外·少儿,yes,V gostyakh u skazki,RU,1,,V gostyakh u skazki (1080p),02,
海外·少儿,yes,VTV (ID),ID,1,,VTV (720p),02,
海外·少儿,yes,WOW Kidz Tamil,IN,1,,WOW Kidz Tamil (720p),02,
海外·少儿,yes,Xtrema Cartoons,AR,1,,Xtrema Cartoons,02,
海外·少儿,yes,Yu-Gi-Oh!,US,1,,Yu-Gi-Oh! (1080p),02,
海外·少儿,yes,ZB Cartoon,IN,1,,ZB Cartoon (1080p),02,
海外·少儿,yes,Zoom (IL),IL,1,,Zoom (576p),02,
海外·少儿,yes,ducktv PLUS,SK,1,,ducktv PLUS,02,
海外·少儿,yes,eSports Max TV,VE,1,,eSports Max TV,02,
海外·少儿,yes,iCarly TV (DE),DE,1,,iCarly TV,02,
海外·少儿,yes,ČT:D/ČT art,CZ,1,,ČT:D/ČT art (1080p);ČT art,02;11,ČT art
海外·少儿,yes,Тамыр (Уфа),RU,1,,Тамыр (Уфа) (576p),02,
海外·教育,yes,Cloudflare TV,US,2,,Cloudflare TV;Cloudflare TV (720p),02;14,
海外·教育,yes,EBS 1,KR,2,,EBS 1;EBS 1 (400p) [Not 24/7];EBS 1 Ⓢ,02;11;14,
海外·教育,yes,EBS 2,KR,2,,EBS 2;EBS 2 (400p) [Not 24/7];EBS 2 Ⓢ,02;11;14,
海外·教育,yes,EBS+ 1,KR,2,,EBS+ 1;EBS+ 1 (400p);EBS Plus 1 Ⓢ,02;11;14,
海外·教育,yes,EBS+ 2,KR,2,,EBS+ 2;EBS+ 2 (400p);EBS Plus 2 Ⓢ,02;11;14,
海外·教育,yes,Gyandarshan,IN,2,,Gyandarshan HD (576p);Gyandarshan (720p),02,
海外·教育,yes,Pluto TV Mistérios,US,2,,Pluto TV Mistérios;Pluto TV Misterios,02,
海外·教育,yes,Pluto TV Vida Real,US,2,,Pluto TV Vida Real,02,
海外·教育,yes,Rai Scuola,IT,2,,Rai Scuola;Rai Scuola (1080p),02;11,
海外·教育,yes,UCTV University of California,US,2,,UCTV - University of California;UCTV University of California (720p) [Not 24/7],02;14,
海外·教育,yes,ARD-alpha,DE,1,,ARD-alpha (720p);ARD Alpha Ⓖ,02;11,
海外·教育,yes,AgroCanal,BR,1,,AgroCanal (720p),02,
海外·教育,yes,BATV Educational Channel,US,1,,BATV Educational Channel,02,
海外·教育,yes,BUTV10 (Boston University),US,1,,BUTV10 (Boston University) (1080p) [Not 24/7],02,
海外·教育,yes,BVG,IN,1,,BVG (576p),02,
海外·教育,yes,Campus TV,HN,1,,Campus TV (480p) [Not 24/7],02,
海外·教育,yes,Can Tho TV 2,VN,1,,Can Tho TV 2 (1080p),02,
海外·教育,yes,Canal 15 ILCE Summa Sabres,MX,1,,Canal 15 ILCE Summa Sabres (720p),02,
海外·教育,yes,Canal Educacao,BR,1,,Canal Educacao (720p),02,
海外·教育,yes,Canal Futura,BR,1,,Canal Futura (720p),02,
海外·教育,yes,Canal Universidad,AR,1,,Canal Universidad,02,
海外·教育,yes,Classic Arts Showcase,US,1,,Classic Arts Showcase (720p),02,
海外·教育,yes,Create,US,1,,Create (1080p),02,
海外·教育,yes,DC.gov DKN (Washington DC),US,1,,DC.gov DKN (Washington DC) (1080p),02,
海外·教育,yes,DD Kisan,IN,1,,DD Kisan (720p),02,
海外·教育,yes,DLTV 1,TH,1,,DLTV 1 (1080p),02,
海外·教育,yes,DLTV 10,TH,1,,DLTV 10 (1080p),02,
海外·教育,yes,DLTV 11,TH,1,,DLTV 11 (1080p),02,
海外·教育,yes,DLTV 12,TH,1,,DLTV 12 (1080p),02,
海外·教育,yes,DLTV 13,TH,1,,DLTV 13 (1080p),02,
海外·教育,yes,DLTV 14,TH,1,,DLTV 14 (1080p),02,
海外·教育,yes,DLTV 15,TH,1,,DLTV 15 (1080p),02,
海外·教育,yes,DLTV 2,TH,1,,DLTV 2 (1080p),02,
海外·教育,yes,DLTV 3,TH,1,,DLTV 3 (1080p),02,
海外·教育,yes,DLTV 4,TH,1,,DLTV 4 (1080p),02,
海外·教育,yes,DLTV 5,TH,1,,DLTV 5 (1080p),02,
海外·教育,yes,DLTV 6,TH,1,,DLTV 6 (1080p),02,
海外·教育,yes,DLTV 7,TH,1,,DLTV 7 (1080p),02,
海外·教育,yes,DLTV 8,TH,1,,DLTV 8 (1080p),02,
海外·教育,yes,DLTV 9,TH,1,,DLTV 9 (1080p),02,
海外·教育,yes,Da Vinci,RU,1,,Da Vinci (576p),02,
海外·教育,yes,DerryTV 23,US,1,,DerryTV 23 (720p),02,
海外·教育,yes,Detroit Channel 22,US,1,,Detroit Channel 22,02,
海外·教育,yes,EBC General Education,KH,1,,EBC General Education (720p) [Not 24/7],02,
海外·教育,yes,EBS E,KR,1,,EBS E (400p) [Not 24/7];EBS English Ⓢ,02;11,EBS English
海外·教育,yes,ETV (TH),TH,1,,ETV (1080p),02,
海外·教育,yes,Educa TV,EC,1,,Educa TV (720p) [Not 24/7],02,
海外·教育,yes,Eduvision,CO,1,,Eduvision (1080p),02,
海外·教育,yes,English Club TV,UK,1,,English Club TV (576i),02,
海外·教育,yes,Fauna,UA,1,,Fauna (576p),02,
海外·教育,yes,Futura,BR,1,,Futura (720p);Futura,02;11,
海外·教育,yes,GVision,CL,1,,GVision (288p),02,
海外·教育,yes,Gillette Public Access Television Channel 189,US,1,,Gillette Public Access Television Channel 189,02,
海外·教育,yes,HCTV Educational Access Channel,US,1,,HCTV Educational Access Channel,02,
海外·教育,yes,HTV4,VN,1,,HTV4 (1080p),02,
海外·教育,yes,ISTV (BR),BR,1,,ISTV (720p) [Not 24/7],02,
海外·教育,yes,Jalisco TV,MX,1,,Jalisco TV (720p),02,
海外·教育,yes,Jilin Rural Channel,CN,1,,Jilin Rural Channel,02,
海外·教育,yes,KITE Victers (Kerala),IN,1,,KITE Victers (Kerala) (720p) [Not 24/7],02,
海外·教育,yes,KQED-DT2,US,1,,KQED-DT2 (1080p),02,
海外·教育,yes,KVIE-DT2,US,1,,KVIE-DT2 (1080p),02,
海外·教育,yes,Kan Educational,IL,1,,Kan Educational (720p);כאן חינוכית,02;11,כאן חינוכית
海外·教育,yes,Leominster TV Educational,US,1,,Leominster TV Educational (720p),02,
海外·教育,yes,Liceum TV,HU,1,,Liceum TV (576p);Líceum TV,02;11,
海外·教育,yes,Los Angeles Local Television Channel 36,US,1,,Los Angeles Local Television Channel 36 (1080p),02,
海外·教育,yes,M5,HU,1,,M5 (1080p);M5 Hungary Ⓖ,02;11,M5 Hungary
海外·教育,yes,Master Chefs Academy TV,UK,1,,Master Chefs Academy TV (720p),02,
海外·教育,yes,Monroe Community Media Education Channel,US,1,,Monroe Community Media Education Channel,02,
海外·教育,yes,NBS Korea Agricultural Broadcasting,KR,1,,NBS Korea Agricultural Broadcasting (720p),02,
海外·教育,yes,NRWision,DE,1,,NRWision (1080p),02,
海外·教育,yes,Nashua ETV Channel 22 Nashua NH,US,1,,Nashua ETV Channel 22 Nashua NH (720p),02,
海外·教育,yes,Natick Education Channel,US,1,,Natick Education Channel (720p),02,
海外·教育,yes,O Encantador de Cães,US,1,,O Encantador de Cães,02,
海外·教育,yes,OUN,KR,1,,OUN (1080p),02,
海外·教育,yes,Oceanside Community Television (KOCT) Education and Government Channel 19,US,1,,Oceanside Community Television (KOCT) Education and Government Channel 19 (720p),02,
海外·教育,yes,One TV E-School Cambodia,KH,1,,One TV E-School Cambodia (1080p),02,
海外·教育,yes,PBS WNET,US,1,,PBS WNET (720p),02,
海外·教育,yes,Palestine Edu,PS,1,,Palestine Edu (1080p),02,
海外·教育,yes,Payam Javan TV,US,1,,Payam Javan TV (720p) [Not 24/7],02,
海外·教育,yes,Persiana Medical,FR,1,,Persiana Medical,02,
海外·教育,yes,Platzi TV,ES,1,,Platzi TV (1080p),02,
海外·教育,yes,Pluto TV Natureza,US,1,,Pluto TV Natureza,02,
海外·教育,yes,Pluto TV Paisagens por Stingray,US,1,,Pluto TV Paisagens por Stingray (720p),02,
海外·教育,yes,Pronto-socorro: Histórias De Emergência,US,1,,Pronto-socorro: Histórias De Emergência,02,
海外·教育,yes,R Channel,TH,1,,R Channel,02,
海外·教育,yes,Red Apple 21 (Fairfax County Public Schools),US,1,,Red Apple 21 (Fairfax County Public Schools) (480p) [Not 24/7],02,
海外·教育,yes,Rede Minas,BR,1,,Rede Minas (720p),02,
海外·教育,yes,Rinjani TV,ID,1,,Rinjani TV,02,
海外·教育,yes,Ryongnamsan Television,KP,1,,Ryongnamsan Television SD [Not 24/7];Ryongnamsan TV,02;11,Ryongnamsan TV
海外·教育,yes,SPIEGEL TV,DE,1,,SPIEGEL TV (720p),02,
海外·教育,yes,STVE Telebasica,HN,1,,STVE Telebasica (1080p),02,
海外·教育,yes,Santa Maria Community Television Education Channel,US,1,,Santa Maria Community Television Education Channel (720p),02,
海外·教育,yes,Señal España (XHUNES-TDT),MX,1,,Señal España (XHUNES-TDT) (720p),02,
海外·教育,yes,Shams TV (AF),AF,1,,Shams TV,02,
海外·教育,yes,St Lucie Public Schools,US,1,,St Lucie Public Schools,02,
海外·教育,yes,TRT EBA Ortaokul,TR,1,,TRT EBA Ortaokul (720p);TRT EBA Ortaokul,02;11,
海外·教育,yes,TUTV (US),US,1,,TUTV (1080p),02,
海外·教育,yes,TV BUAP,MX,1,,TV BUAP (1080p),02,
海外·教育,yes,TV Cuatro 4.4,MX,1,,TV Cuatro 4.4 (1080p),02,
海外·教育,yes,TV Maya,GT,1,,TV Maya (480p),02,
海外·教育,yes,TV UFOP,BR,1,,TV UFOP (1080p),02,
海外·教育,yes,TV UG,MX,1,,TV UG (1080p) [Not 24/7],02,
海外·教育,yes,TV Universidad,AR,1,,TV Universidad,02;11,
海外·教育,yes,TV Usach,CL,1,,TV Usach (720p),02,
海外·教育,yes,TVK 2,KH,1,,TVK 2 (720p),02,
海外·教育,yes,Tele UV,MX,1,,Tele UV [Not 24/7],02,
海外·教育,yes,The Indonesia Channel,ID,1,,The Indonesia Channel (1080p),02,
海外·教育,yes,UAA TV,MX,1,,UAA TV (1080p),02,
海外·教育,yes,UMAGTV,CL,1,,UMAGTV,02,
海外·教育,yes,UNIANDES TV,EC,1,,UNIANDES TV (720p) [Not 24/7],02,
海外·教育,yes,UNISUL TV,BR,1,,UNISUL TV (720p),02,
海外·教育,yes,UTalca TV,CL,1,,UTalca TV (1080p),02,
海外·教育,yes,Unison TV,MX,1,,Unison TV (1080p) [Not 24/7],02,
海外·教育,yes,WEDQ-DT4,US,1,,WEDQ-DT4 (1080p),02,
海外·教育,yes,WGTV-DT3,US,1,,WGTV-DT3 (1080p),02,
海外·教育,yes,WMPT-DT2 (PBS Create),US,1,,WMPT-DT2 (PBS Create),02,
海外·教育,yes,World Channel,US,1,,World Channel (1080p),02,
海外·教育,yes,Zoom (CO),CO,1,,Zoom (1080p),02,
海外·教育,yes,iSTUFF,DE,1,,iSTUFF (720p) [Not 24/7],02,
海外·教育,yes,Çiftçi TV,TR,1,,Çiftçi TV (720p) [Not 24/7],02,
海外·教育,yes,Ýaşlyk,TM,1,,Ýaşlyk (406p) [Not 24/7];Yaslyk,02;11,
海外·电影,yes,Pluto TV Paranormal (DE),DE,5,,Pluto TV Paranormal,02,
海外·电影,yes,Mission Impossible (DE),DE,4,,Mission Impossible,02,
海外·电影,yes,Pluto TV Horror (DE),DE,4,,Pluto TV Horror,02,
海外·电影,yes,Pluto TV Sci-Fi (DE),DE,4,,Pluto TV Sci-Fi,02,
海外·电影,yes,Merry Christmas from Viafree,SE,3,,Merry Christmas from Viafree,02,
海外·电影,yes,NonStop Kung Fu,SE,3,,NonStop Kung Fu,02,
海外·电影,yes,Pluto TV Action (SE),SE,3,,Pluto TV Action,02,
海外·电影,yes,Pluto TV Bud & Terence (SE),SE,3,,Pluto TV Bud & Terence,02,
海外·电影,yes,Pluto TV Film (SE),SE,3,,Pluto TV Film,02,
海外·电影,yes,Pluto TV Harlequin,SE,3,,Pluto TV Harlequin,02,
海外·电影,yes,Pluto TV Horror (SE),SE,3,,Pluto TV Horror,02,
海外·电影,yes,Pluto TV Horror (US),US,3,,Pluto TV Horror,02;11,
海外·电影,yes,Pluto TV John Wayne,SE,3,,Pluto TV John Wayne,02,
海外·电影,yes,Pluto TV Sci-Fi (SE),SE,3,,Pluto TV Sci-Fi,02,
海外·电影,yes,Pluto TV Sci-Fi (US),US,3,,Pluto TV Sci-fi;Pluto TV Sci-Fi,02,
海外·电影,yes,Pluto TV Western,DE,3,,Pluto TV Western,02,
海外·电影,yes,Pluto TV Westerns (US),US,3,,Pluto TV Westerns,02;11,
海外·电影,yes,Pluto TV Wild West,SE,3,,Pluto TV Wild West,02,
海外·电影,yes,Star Trek Movies,SE,3,,Star Trek Movies,02,
海外·电影,yes,Star Trek: The Original Series (SE),SE,3,,Star Trek: The Original Series,02,
海外·电影,yes,The Twilight Zone (SE),SE,3,,The Twilight Zone,02,
海外·电影,yes,Viafree Movies,SE,3,,Viafree Movies,02,
海外·电影,yes,70s Cinema,US,2,,70s Cinema,02;11,
海外·电影,yes,80s Rewind,US,2,,80s Rewind,02;11,
海外·电影,yes,90s Throwback,US,2,,90s Throwback,02;11,
海外·电影,yes,AXN Latin America,US,2,,AXN Latin America (1080p),02,
海外·电影,yes,Action 24,GR,2,,Action24;Action 24 (1080p) [Not 24/7],02;11,
海外·电影,yes,Adrenalina Pura TV,US,2,,Adrenalina Pura TV (720p);Adrenalina Pura TV,02,
海外·电影,yes,Bonanza,US,2,,Bonanza,02,
海外·电影,yes,Dorama,RU,2,,Dorama (576p);Dorama HD (1080p),02,
海外·电影,yes,ETV Cinema,IN,2,,ETV Cinema (396p);ETV Cinema HD (1080p),02,
海外·电影,yes,Enter-Film,UA,2,,Enter-Film;Enter-Film (1080p),02;11,
海外·电影,yes,Evrokino,RU,2,,Evrokino (576p);Evrokino HD (1080p),02,
海外·电影,yes,Flicks of Fury,US,2,,Flicks of Fury,02;11,
海外·电影,yes,Kinopokaz,RU,2,,Kinopokaz HD (1080p);Kinopokaz (576p),02,
海外·电影,yes,Kinopremyera,RU,2,,Kinopremyera HD (1080p);Kinopremyera (1080p),02,
海外·电影,yes,Moviesphere,US,2,,Moviesphere (720p);MovieSphere (1080p),02,
海外·电影,yes,Paramount Movie Channel,US,2,,Paramount Movie Channel,02;11,
海外·电影,yes,Pluto TV Action (DE),DE,2,,Pluto TV Action,02,
海外·电影,yes,Pluto TV Action (US),US,2,,Pluto TV Action,02;11,
海外·电影,yes,Pluto TV Cine Comedia (US),US,2,,Pluto TV Cine Comedia;Pluto TV Cine Comédia,02,
海外·电影,yes,Pluto TV Cine Drama (US),US,2,,Pluto TV Cine Drama,02,
海外·电影,yes,Pluto TV Cine Familia,US,2,,Pluto TV Cine Familia;Pluto TV Cine Família,02,
海外·电影,yes,Pluto TV Cine Romance,US,2,,Pluto TV Cine Romance,02,
海外·电影,yes,Pluto TV Cine Terror,US,2,,Pluto TV Cine Terror,02,
海外·电影,yes,Pluto TV Crime Drama (US),US,2,,Pluto TV Crime Drama,02,
海外·电影,yes,Pluto TV Crime Movies,US,2,,Pluto TV Crime Movies,02;11,
海外·电影,yes,Pluto TV Cult Films (US),US,2,,Pluto TV Cult Films,02;11,
海外·电影,yes,Pluto TV Drama (US),US,2,,Pluto TV Drama,02;11,
海外·电影,yes,Pluto TV Kultfilmer,SE,2,,Pluto TV Kultfilmer,02,
海外·电影,yes,Pluto TV Movies,DE,2,,Pluto TV Movies,02,
海外·电影,yes,Pluto TV Paranormal (SE),SE,2,,Pluto TV Paranormal,02,
海外·电影,yes,Pluto TV Romance (US),US,2,,Pluto TV Romance,02;11,
海外·电影,yes,Pluto TV Romantik,SE,2,,Pluto TV Romantik,02,
海外·电影,yes,Pluto TV Spotlight,US,2,,Pluto TV Spotlight,02;11,
海外·电影,yes,Pluto TV Staff Picks,US,2,,Pluto TV Staff Picks,02;11,
海外·电影,yes,Pluto TV Terror,US,2,,Pluto TV Terror,02;11,
海外·电影,yes,Pluto TV Thrillers (DE),DE,2,,Pluto TV Thrillers,02,
海外·电影,yes,Pluto TV Thrillers (US),US,2,,Pluto TV Thrillers,02;11,
海外·电影,yes,Rawhide (US),US,2,,Rawhide,02,
海外·电影,yes,&TV,IN,1,,&TV HD (1080p),02,
海外·电影,yes,00s Replay,US,1,,00s Replay,02,
海外·电影,yes,24 Hour Free Movies,US,1,,24 Hour Free Movies (720p),02,
海外·电影,yes,30A TV Classic Movies,US,1,,30A TV Classic Movies (720p),02,
海外·电影,yes,4ever Cinema,UA,1,,4ever Cinema (1080p),02,
海外·电影,yes,50 Cent Action,US,1,,50 Cent Action (720p),02,
海外·电影,yes,ABN Bible Movies,US,1,,ABN Bible Movies (720p),02,
海外·电影,yes,AMC (US),US,1,,AMC (720p),02,
海外·电影,yes,AMC East,US,1,,AMC East (720p),02,
海外·电影,yes,AMC Europe Bulgary,UK,1,,AMC Europe Bulgary (576p),02,
海外·电影,yes,AMC Europe Czech Republic,UK,1,,AMC Europe Czech Republic,02,
海外·电影,yes,AMC Europe Hungary,UK,1,,AMC Europe Hungary,02,
海外·电影,yes,AMC Latin America,US,1,,AMC Latin America (1080p),02,
海外·电影,yes,AMC Latin America Brazil,US,1,,AMC Latin America Brazil (720p),02,
海外·电影,yes,AVI Rewind,US,1,,AVI Rewind (1080p),02,
海外·电影,yes,AXN,BR,1,,AXN (720p),02,
海外·电影,yes,AXN Adria,US,1,,AXN Adria,02,
海外·电影,yes,AXN Black,US,1,,AXN Black (576p),02,
海外·电影,yes,AXN Black Czech Republic,US,1,,AXN Black Czech Republic,02,
海外·电影,yes,AXN Black Poland,US,1,,AXN Black Poland (576p),02,
海外·电影,yes,AXN CEE,ES,1,,AXN CEE,02,
海外·电影,yes,AXN CEE Czech Republic,ES,1,,AXN CEE Czech Republic,02,
海外·电影,yes,AXN CEE Romania,ES,1,,AXN CEE Romania,02,
海外·电影,yes,AXN Crime,US,1,,AXN Crime,02,
海外·电影,yes,AXN Latin America Mexico,US,1,,AXN Latin America Mexico,02,
海外·电影,yes,AXN Latin America South,US,1,,AXN Latin America South,02,
海外·电影,yes,AXN Movies,PT,1,,AXN Movies (720p),02,
海外·电影,yes,Aflam,SA,1,,Aflam (1080p),02,
海外·电影,yes,Afra Film,IR,1,,Afra Film,02,
海外·电影,yes,Allo Cine,CM,1,,Allo Cine (1080p),02,
海外·电影,yes,Amedia Hit,RU,1,,Amedia Hit (1080p),02,
海外·电影,yes,American Horrors,US,1,,American Horrors (480p),02,
海外·电影,yes,Armenia Premium,AM,1,,Armenia Premium (720p),02,
海外·电影,yes,Artflix Movie Classics,US,1,,Artflix Movie Classics (720p),02,
海外·电影,yes,Asianet Movies,IN,1,,Asianet Movies HD (720p),02,
海外·电影,yes,Aurora Media Films,GT,1,,Aurora Media Films (720p),02,
海外·电影,yes,B4U Bhojpuri,IN,1,,B4U Bhojpuri (1080p),02,
海外·电影,yes,B4U Kadak,IN,1,,B4U Kadak (576p),02,
海外·电影,yes,B4U Movies,IN,1,,B4U Movies (576p),02,
海外·电影,yes,BET Cinema,US,1,,BET Cinema,02,
海外·电影,yes,BET Comedy Movies,US,1,,BET Comedy Movies,02,
海外·电影,yes,BET Visionaries,US,1,,BET Visionaries,02,
海外·电影,yes,BIZ Cinema,UZ,1,,BIZ Cinema (1080p),02,
海外·电影,yes,Battlestar Galactica,US,1,,Battlestar Galactica,02,
海外·电影,yes,Bhojpuri Cinema,IN,1,,Bhojpuri Cinema (720p),02,
海外·电影,yes,Black Cinema,US,1,,Black Cinema,11,
海外·电影,yes,Blokbaster,RU,1,,Blokbaster HD (1080p),02,
海外·电影,yes,Bollywood Classic Romania,RO,1,,Bollywood Classic Romania,02,
海外·电影,yes,Bollywood Russia,RO,1,,Bollywood HD Russia (576p),02,
海外·电影,yes,Bolt (RU),RU,1,,Bolt (576p),02,
海外·电影,yes,Bolt (UA),UA,1,,Bolt (1080p),02,
海外·电影,yes,Boreal,DO,1,,Boreal (720p) [Not 24/7],02,
海外·电影,yes,Bravo Farsi TV,IR,1,,Bravo Farsi TV (360p),02,
海外·电影,yes,CINDIE TV,BR,1,,CINDIE TV (1080p),02,
海外·电影,yes,Cafe Film,IR,1,,Cafe Film,02,
海外·电影,yes,Canal Cine Dios,CO,1,,Canal Cine Dios,02,
海外·电影,yes,Canal+ Action Europe Czechia,NL,1,,Canal+ Action Europe Czechia,02,
海外·电影,yes,Canal+ Action Europe Slovakia,NL,1,,Canal+ Action Europe Slovakia (720p),02,
海外·电影,yes,Canal+ Cinemas,FR,1,,Canal+ Cinemas (720p),02,
海外·电影,yes,Charge!,US,1,,Charge! (1080p),02,
海外·电影,yes,Cine Amor,US,1,,Cine Amor,02,
海外·电影,yes,Cine Premiere,US,1,,Cine Premiere,02,
海外·电影,yes,Cine Romantico,US,1,,Cine Romantico (720p),02,
海外·电影,yes,Cine Sony,US,1,,Cine Sony (720p),02,
海外·电影,yes,Cine adrenalina,US,1,,Cine adrenalina,02,
海外·电影,yes,Cine comedia,US,1,,Cine comedia,02,
海外·电影,yes,Cine terror,US,1,,Cine terror,02,
海外·电影,yes,Cine+,UA,1,,Cine+,02,
海外·电影,yes,Cine+ Classic,FR,1,,Cine+ Classic,02,
海外·电影,yes,Cine+ Hit,UA,1,,Cine+ Hit,02,
海外·电影,yes,Cine+ Legend,UA,1,,Cine+ Legend,02,
海外·电影,yes,Cinecanal,US,1,,Cinecanal (1080p),02,
海外·电影,yes,Cinecanal Pacific,US,1,,Cinecanal Pacific (1080p),02,
海外·电影,yes,Cinema (RU),RU,1,,Cinema (576p),02,
海外·电影,yes,Cinemax Classics,US,1,,Cinemax Classics (1080p),02,
海外·电影,yes,Cinemax Hits,US,1,,Cinemax Hits (1080p),02,
海外·电影,yes,Ciné 666 by Pluto TV,DE,1,,Ciné 666 by Pluto TV,02,
海外·电影,yes,Ciné Action by Pluto TV,DE,1,,Ciné Action by Pluto TV,02,
海外·电影,yes,Ciné Catastrophe by Pluto TV,DE,1,,Ciné Catastrophe by Pluto TV,02,
海外·电影,yes,Ciné Horreur by Pluto TV,DE,1,,Ciné Horreur by Pluto TV,02,
海外·电影,yes,Ciné Romance by Pluto TV,DE,1,,Ciné Romance by Pluto TV,02,
海外·电影,yes,Ciné Rétro by Pluto TV,DE,1,,Ciné Rétro by Pluto TV,02,
海外·电影,yes,Ciné Sci-Fi by Pluto TV,DE,1,,Ciné Sci-Fi by Pluto TV,02,
海外·电影,yes,Ciné Thrillers by Pluto TV,DE,1,,Ciné Thrillers by Pluto TV,02,
海外·电影,yes,Ciné Western by Pluto TV,DE,1,,Ciné Western by Pluto TV,02,
海外·电影,yes,Ciné by Pluto TV,DE,1,,Ciné by Pluto TV,02,
海外·电影,yes,Ciné d'Asie by Pluto TV,DE,1,,Ciné d'Asie by Pluto TV,02,
海外·电影,yes,Classic Cinema,US,1,,Classic Cinema (240p) [Not 24/7],02,
海外·电影,yes,Classic Movie Westerns,US,1,,Classic Movie Westerns,02,
海外·电影,yes,Classic Movies,US,1,,Classic Movies,11,
海外·电影,yes,Classic Movies Channel,US,1,,Classic Movies Channel,02,
海外·电影,yes,Classique TV,BR,1,,Classique TV (360p),02,
海外·电影,yes,Colors Cineplex Bollywood,IN,1,,Colors Cineplex Bollywood (576p),02,
海外·电影,yes,DHE,US,1,,DHE (1080p),02,
海外·电影,yes,De Pelicula US,US,1,,De Pelicula US (720p),02,
海外·电影,yes,Dom kino,RU,1,,Dom kino (576p),02,
海外·电影,yes,Dom kino International,RU,1,,Dom kino International (576p),02,
海外·电影,yes,Dom kino Premium,RU,1,,Dom kino Premium HD (1080p),02,
海外·电影,yes,EBS Cinema,US,1,,EBS Cinema (720p),02,
海外·电影,yes,Ebony TV by Lionsgate,US,1,,Ebony TV by Lionsgate (1080p),02,
海外·电影,yes,Epic Bhojpuri,IN,1,,Epic Bhojpuri (576p),02,
海外·电影,yes,Epic Bhojpuri Digital,IN,1,,Epic Bhojpuri Digital (1080p),02,
海外·电影,yes,Estrellas de Acción,US,1,,Estrellas de Acción,02,
海外·电影,yes,FILMBOX+ Comedy Czechia,PL,1,,FILMBOX+ Comedy Czechia,02,
海外·电影,yes,FILMBOX+ Comedy Magyar,PL,1,,FILMBOX+ Comedy Magyar (576p),02,
海外·电影,yes,FILMBOX+ Emotion Adria,PL,1,,FILMBOX+ Emotion Adria,02,
海外·电影,yes,FILMBOX+ Emotion Czechia,PL,1,,FILMBOX+ Emotion Czechia,02,
海外·电影,yes,FILMBOX+ Emotion Hungary,PL,1,,FILMBOX+ Emotion Hungary (1080p),02,
海外·电影,yes,FILMBOX+ Emotion Romania,PL,1,,FILMBOX+ Emotion Romania,02,
海外·电影,yes,FILMBOX+ Festival,PL,1,,FILMBOX+ Festival,02,
海外·电影,yes,FILMBOX+ Hits Adria,PL,1,,FILMBOX+ Hits Adria,02,
海外·电影,yes,FILMBOX+ Hits Czechia,PL,1,,FILMBOX+ Hits Czechia,02,
海外·电影,yes,FILMBOX+ Hits Hungary,PL,1,,FILMBOX+ Hits Hungary,02,
海外·电影,yes,FILMBOX+ Love & Crime,PL,1,,FILMBOX+ Love & Crime,02,
海外·电影,yes,FILMBOX+ Love & Crime Adria,PL,1,,FILMBOX+ Love & Crime Adria,02,
海外·电影,yes,FILMBOX+ One Bulgaria,PL,1,,FILMBOX+ One Bulgaria (576p),02,
海外·电影,yes,FILMBOX+ One Czechia,PL,1,,FILMBOX+ One Czechia,02,
海外·电影,yes,FILMBOX+ One Magyar,PL,1,,FILMBOX+ One Magyar,02,
海外·电影,yes,Film Cafe,HU,1,,Film Cafe,02,
海外·电影,yes,Film Cafe Romania,HU,1,,Film Cafe Romania,02,
海外·电影,yes,Film Now,RO,1,,Film Now,02,
海外·电影,yes,Film+ (CZ),CZ,1,,Film+,02,
海外·电影,yes,Film+ (HU),HU,1,,Film+,02,
海外·电影,yes,Film4,HU,1,,Film4,02,
海外·电影,yes,FilmRise Westerns,US,1,,FilmRise Westerns (720p),02,
海外·电影,yes,FilmUA Live,UA,1,,FilmUA Live,02,
海外·电影,yes,FilmUADrama,UA,1,,FilmUADrama (1080p),02,
海外·电影,yes,Filmax,PK,1,,Filmax (576p),02,
海外·电影,yes,Filmes Suspense,US,1,,Filmes Suspense,02,
海外·电影,yes,GEM Pixel,TR,1,,GEM Pixel,02,
海外·电影,yes,GREAT! movies,UK,1,,GREAT! movies (1080p);Great! Movies Ⓢ,02;11,
海外·电影,yes,GREAT! romance,UK,1,,GREAT! romance (1080p);Great! Romance Ⓢ,02;11,
海外·电影,yes,Girlfriends,US,1,,Girlfriends,02,
海外·电影,yes,Gold Star,IR,1,,Gold Star,02,
海外·电影,yes,Goldmines,IN,1,,Goldmines (576p),02,
海外·电影,yes,Goldmines Action,IN,1,,Goldmines Action (576p),02,
海外·电影,yes,Goldmines Bollywood,IN,1,,Goldmines Bollywood (576p),02,
海外·电影,yes,Grand Cinema,TR,1,,Grand Cinema,02,
海外·电影,yes,Gravitas Movies,US,1,,Gravitas Movies (1080p),02,
海外·电影,yes,Grjngo Western Movies,DE,1,,Grjngo Western Movies (720p),02,
海外·电影,yes,Groovy TV,GR,1,,Groovy TV (360p);Groovy TV | HD,02;26,
海外·电影,yes,HBO Hits East,US,1,,HBO Hits East HD (720p),02,
海外·电影,yes,HBO Movies,US,1,,HBO Movies (720p),02,
海外·电影,yes,Hallmark Movies & More,US,1,,Hallmark Movies & More (1080p),02,
海外·电影,yes,Harbin Movie Channel,CN,1,,Harbin Movie Channel,02,
海外·电影,yes,Hit,RU,1,,Hit HD (1080p),02,
海外·电影,yes,Home Plus,IR,1,,Home Plus,02,
海外·电影,yes,Horoshee Kino,RU,1,,Horoshee Kino (720p),02,
海外·电影,yes,ICC Plus,US,1,,ICC Plus (1080p),02,
海外·电影,yes,IFC,US,1,,IFC (1080p),02,
海外·电影,yes,Indiyskoye Kino,RU,1,,Indiyskoye Kino (576p),02,
海外·电影,yes,Itage TV,NG,1,,Itage TV (480p);Itage TV,02;11,
海外·电影,yes,Jilin Movie Channel,CN,1,,Jilin Movie Channel,02,
海外·电影,yes,Kairali We,IN,1,,Kairali We (576p),02,
海外·电影,yes,Kids Movie Club,US,1,,Kids Movie Club,02,
海外·电影,yes,Kino 1,UA,1,,Kino 1 (1080p),02,
海外·电影,yes,Kino 2,UA,1,,Kino 2 (1080p),02,
海外·电影,yes,Kino Barrandov,CZ,1,,Kino Barrandov,02,
海外·电影,yes,Kino TV,RU,1,,Kino TV HD (1080p),02,
海外·电影,yes,KinoHit,RU,1,,KinoHit (576p),02,
海外·电影,yes,Kinoliving,UA,1,,Kinoliving (1080p),02,
海外·电影,yes,Kinomix,RU,1,,Kinomix (576p),02,
海外·电影,yes,Kinosemja,RU,1,,Kinosemja (576p),02,
海外·电影,yes,Kinoseriya,RU,1,,Kinoseriya (1080p),02,
海外·电影,yes,Kinosvidanie,RU,1,,Kinosvidanie (576p),02,
海外·电影,yes,Kinoteatr,UZ,1,,Kinoteatr (1080p),02,
海外·电影,yes,Kinouzhas,RU,1,,Kinouzhas (576p),02,
海外·电影,yes,Kinowood,UA,1,,Kinowood (1080p),02,
海外·电影,yes,Kuriakos Cine,PT,1,,Kuriakos Cine (1080p),02,
海外·电影,yes,Lollywood TV,CD,1,,Lollywood HD TV,02,
海外·电影,yes,MBC Bollywood,AE,1,,MBC Bollywood (1080p) [Geo-blocked];MBC Bollywood,02;11,
海外·电影,yes,MBC+ Drama,SA,1,,MBC+ Drama (1080p),02,
海外·电影,yes,MCI Televisión,CO,1,,MCI Televisión (1080p),02,
海外·电影,yes,MH One Movies,IN,1,,MH One Movies (576p),02,
海外·电影,yes,MN+,MN,1,,MN+,02,
海外·电影,yes,MNX,IN,1,,MNX (576p),02,
海外·电影,yes,MOVIEDOME,US,1,,MOVIEDOME (720p),02,
海外·电影,yes,MWD Movies,MM,1,,MWD Movies [Not 24/7],02,
海外·电影,yes,Made in Hollywood,US,1,,Made in Hollywood,02,
海外·电影,yes,Magnificent Movies Network,US,1,,Magnificent Movies Network,02,
海外·电影,yes,Magyar Mozi TV,HU,1,,Magyar Mozi TV,02,
海外·电影,yes,Maha Movie,IN,1,,Maha Movie (576p),02,
海外·电影,yes,Manoranjan Grand,IN,1,,Manoranjan Grand (720p),02,
海外·电影,yes,Maverick Black Cinema,US,1,,Maverick Black Cinema (1080p),02,
海外·电影,yes,Medium (DE),DE,1,,Medium,02,
海外·电影,yes,Mega Cine TV,DO,1,,Mega Cine TV (1080p),02,
海外·电影,yes,Meta Film TV,IR,1,,Meta Film TV,02,
海外·电影,yes,Mix Hollywood,EG,1,,Mix Hollywood (1080p),02,
海外·电影,yes,More TV Sci-fi,DE,1,,More TV Sci-fi,02,
海外·电影,yes,Movie Bangla,BD,1,,Movie Bangla,02,
海外·电影,yes,MovieSphere AU,US,1,,MovieSphere AU (1080p),02,
海外·电影,yes,MovieSphere UK,US,1,,MovieSphere UK (1080p),02,
海外·电影,yes,MovieSphere by Lionsgate,US,1,,MovieSphere by Lionsgate,02,
海外·电影,yes,Movies Action,SA,1,,Movies Action (1080p),02,
海外·电影,yes,Movies Thriller,SA,1,,Movies Thriller (1080p),02,
海外·电影,yes,Movies! KPVM-LD,US,1,,Movies! KPVM-LD,02,
海外·电影,yes,Mozi+,HU,1,,Mozi+,02,
海外·电影,yes,Moziverzum,HU,1,,Moziverzum,02,
海外·电影,yes,Muzhskoe kino,RU,1,,Muzhskoe kino (576p),02,
海外·电影,yes,My Cinema Europe,CH,1,,My Cinema Europe,02,
海外·电影,yes,MyTime Movie Network (UK),UK,1,,MyTime Movie Network (1080p),02,
海外·电影,yes,MyTime Movie Network (US),US,1,,MyTime Movie Network (1080p),02,
海外·电影,yes,MyTime Movie Network Brazil,BR,1,,MyTime Movie Network Brazil (720p),02,
海外·电影,yes,MyTime Movie Network Mexico,MX,1,,MyTime Movie Network Mexico (720p),02,
海外·电影,yes,MyTime movie network Spain,ES,1,,MyTime movie network Spain (1080p),02,
海外·电影,yes,NEW KMOVIES,US,1,,NEW KMOVIES (1080p),02,
海外·电影,yes,NH Tamil Gold,IN,1,,NH Tamil Gold (1080p),02,
海外·电影,yes,NOST,US,1,,NOST (720p),02,
海外·电影,yes,Nash Kinomir,DE,1,,Nash Kinomir (576p),02,
海外·电影,yes,Nashe,RU,1,,Nashe HD (576p),02,
海外·电影,yes,Nashe Lubimoe Kino,RU,1,,Nashe Lubimoe Kino (576p),02,
海外·电影,yes,Nashe Lubimoe Kino Ukraine,UA,1,,Nashe Lubimoe Kino Ukraine (1080p),02,
海外·电影,yes,Nashe Novoe Kino,RU,1,,Nashe Novoe Kino (1080p),02,
海外·电影,yes,Nashe muzhskoe,RU,1,,Nashe muzhskoe HD (1080p),02,
海外·电影,yes,Newflix,IR,1,,Newflix,02,
海外·电影,yes,Next,PY,1,,Next HD (480p),02,
海外·电影,yes,ON Movies,VN,1,,ON Movies (720p),02,
海外·电影,yes,Oscar Movies Bhojpuri,IN,1,,Oscar Movies Bhojpuri (720p),02,
海外·电影,yes,Ostrosyuzhetnoye,RU,1,,Ostrosyuzhetnoye HD (1080p),02,
海外·电影,yes,OuterSphere,US,1,,OuterSphere (1080p),02,
海外·电影,yes,Paramount Network,US,1,,Paramount Network (720p),02,
海外·电影,yes,Paramount Network de Pluto TV,DE,1,,Paramount Network de Pluto TV;Paramount Network,02;11,Paramount Network
海外·电影,yes,Paramount+ Picks,US,1,,Paramount+ Picks,02,
海外·电影,yes,Patriot,RU,1,,Patriot (720p),02,
海外·电影,yes,Persiana Cinema,FR,1,,Persiana Cinema,02,
海外·电影,yes,Persiana Family,FR,1,,Persiana Family,02,
海外·电影,yes,Persiana Iranian,FR,1,,Persiana Iranian,02,
海外·电影,yes,Persiana Korea,FR,1,,Persiana Korea,02,
海外·电影,yes,Persiana Latino,FR,1,,Persiana Latino,02,
海外·电影,yes,Persiana Plus,FR,1,,Persiana Plus,02,
海外·电影,yes,Pitaara,IN,1,,Pitaara (720p),02,
海外·电影,yes,Pluto Classic Movie Westerns,US,1,,Pluto Classic Movie Westerns,02,
海外·电影,yes,Pluto TV 80's Action,DE,1,,Pluto TV 80's Action,02,
海外·电影,yes,Pluto TV 90's Classics,DE,1,,Pluto TV 90's Classics,02,
海外·电影,yes,Pluto TV A La Mexicana,US,1,,Pluto TV A La Mexicana,02,
海外·电影,yes,Pluto TV Action Movies,US,1,,Pluto TV Action Movies,02,
海外·电影,yes,Pluto TV Alberto Sordi,DE,1,,Pluto TV Alberto Sordi,02,
海外·电影,yes,Pluto TV Bang Bang,US,1,,Pluto TV Bang Bang,02,
海外·电影,yes,Pluto TV Bud & Terence (DE),DE,1,,Pluto TV Bud & Terence,02,
海外·电影,yes,Pluto TV Catástrofes,DE,1,,Pluto TV Catástrofes,02,
海外·电影,yes,Pluto TV Christmas tutto l'anno,DE,1,,Pluto TV Christmas tutto l'anno,02,
海外·电影,yes,Pluto TV Cine Acción (DE),DE,1,,Pluto TV Cine Acción,02,
海外·电影,yes,Pluto TV Cine Acción (US),US,1,,Pluto TV Cine Acción,02,
海外·电影,yes,Pluto TV Cine Clásico (DE),DE,1,,Pluto TV Cine Clásico,02,
海外·电影,yes,Pluto TV Cine Clásico (US),US,1,,Pluto TV Cine Clásico,02,
海外·电影,yes,Pluto TV Cine Clássicos,US,1,,Pluto TV Cine Clássicos,02,
海外·电影,yes,Pluto TV Cine Comedia (DE),DE,1,,Pluto TV Cine Comedia,02,
海外·电影,yes,Pluto TV Cine Comédia Romântica,US,1,,Pluto TV Cine Comédia Romântica,02,
海外·电影,yes,Pluto TV Cine Crime,US,1,,Pluto TV Cine Crime,02,
海外·电影,yes,Pluto TV Cine Crimen,US,1,,Pluto TV Cine Crimen,02,
海外·电影,yes,Pluto TV Cine Drama (DE),DE,1,,Pluto TV Cine Drama,02,
海外·电影,yes,Pluto TV Cine Estelar (DE),DE,1,,Pluto TV Cine Estelar,02,
海外·电影,yes,Pluto TV Cine Estelar (US),US,1,,Pluto TV Cine Estelar,02,
海外·电影,yes,Pluto TV Cine Inspirador,US,1,,Pluto TV Cine Inspirador,02,
海外·电影,yes,Pluto TV Cine Inspiração,US,1,,Pluto TV Cine Inspiração,02,
海外·电影,yes,Pluto TV Cine Romántico,DE,1,,Pluto TV Cine Romántico,02,
海外·电影,yes,Pluto TV Cine Sucessos,US,1,,Pluto TV Cine Sucessos,02,
海外·电影,yes,Pluto TV Cine Suspenso,US,1,,Pluto TV Cine Suspenso,02,
海外·电影,yes,Pluto TV Cine de autor,DE,1,,Pluto TV Cine de autor,02,
海外·电影,yes,Pluto TV Cinema Italiano,DE,1,,Pluto TV Cinema Italiano,02,
海外·电影,yes,Pluto TV Cinema Orientale,DE,1,,Pluto TV Cinema Orientale,02,
海外·电影,yes,Pluto TV Comedias Románticas,DE,1,,Pluto TV Comedias Románticas,02,
海外·电影,yes,Pluto TV Comedy Movies (DE),DE,1,,Pluto TV Comedy Movies,02,
海外·电影,yes,Pluto TV Comedy Movies (US),US,1,,Pluto TV Comedy Movies,02,
海外·电影,yes,Pluto TV Comédies Cultes,DE,1,,Pluto TV Comédies Cultes,02,
海外·电影,yes,Pluto TV Cult Films (DE),DE,1,,Pluto TV Cult Films,02,
海外·电影,yes,Pluto TV Danske klassikere,SE,1,,Pluto TV Danske klassikere,02,
海外·电影,yes,Pluto TV Documentaries,US,1,,Pluto TV Documentaries,11,
海外·电影,yes,Pluto TV Drama Movies,US,1,,Pluto TV Drama Movies,02,
海外·电影,yes,Pluto TV Family Movie Club,DE,1,,Pluto TV Family Movie Club,02,
海外·电影,yes,Pluto TV Fantasy & Horror,DE,1,,Pluto TV Fantasy & Horror,02,
海外·电影,yes,Pluto TV Ficção Científica,US,1,,Pluto TV Ficção Científica,02,
海外·电影,yes,Pluto TV Film (DE),DE,1,,Pluto TV Film,02,
海外·电影,yes,Pluto TV Film Ancora Più Romantici,DE,1,,Pluto TV Film Ancora Più Romantici,02,
海外·电影,yes,Pluto TV Film Azione,DE,1,,Pluto TV Film Azione,02,
海外·电影,yes,Pluto TV Film Commedia,DE,1,,Pluto TV Film Commedia,02,
海外·电影,yes,Pluto TV Film Romantici,DE,1,,Pluto TV Film Romantici,02,
海外·电影,yes,Pluto TV Film Storici,DE,1,,Pluto TV Film Storici,02,
海外·电影,yes,Pluto TV Film Thriller,DE,1,,Pluto TV Film Thriller,02,
海外·电影,yes,Pluto TV Filmes Aventura,US,1,,Pluto TV Filmes Aventura,02,
海外·电影,yes,Pluto TV Filmes Ação,US,1,,Pluto TV Filmes Ação,02,
海外·电影,yes,Pluto TV Filmes Nacionais,US,1,,Pluto TV Filmes Nacionais,02,
海外·电影,yes,Pluto TV Filmes de Luta,US,1,,Pluto TV Filmes de Luta,02,
海外·电影,yes,Pluto TV Franchise Favorites,US,1,,Pluto TV Franchise Favorites,02,
海外·电影,yes,Pluto TV Haialarm,DE,1,,Pluto TV Haialarm,02,
海外·电影,yes,Pluto TV Humor (SE),SE,1,,Pluto TV Humor,02,
海外·电影,yes,Pluto TV Icons,US,1,,Pluto TV Icons,02,
海外·电影,yes,Pluto TV Invasión Alien,DE,1,,Pluto TV Invasión Alien,02,
海外·电影,yes,Pluto TV Komedi,SE,1,,Pluto TV Komedi,02,
海外·电影,yes,Pluto TV Komedie,SE,1,,Pluto TV Komedie,02,
海外·电影,yes,Pluto TV Kult Comedies,DE,1,,Pluto TV Kult Comedies,02,
海外·电影,yes,Pluto TV Kultfilm,SE,1,,Pluto TV Kultfilm,02,
海外·电影,yes,Pluto TV Kultfilme,DE,1,,Pluto TV Kultfilme,02,
海外·电影,yes,Pluto TV Legami Letali,DE,1,,Pluto TV Legami Letali,02,
海外·电影,yes,Pluto TV Netmovies,US,1,,Pluto TV Netmovies,02,
海外·电影,yes,Pluto TV Notti di Passione,DE,1,,Pluto TV Notti di Passione,02,
海外·电影,yes,Pluto TV Notti di Sangue,DE,1,,Pluto TV Notti di Sangue,02,
海外·电影,yes,Pluto TV Notti di Terrore,DE,1,,Pluto TV Notti di Terrore,02,
海外·电影,yes,Pluto TV Nuestro Cine,US,1,,Pluto TV Nuestro Cine,02,
海外·电影,yes,Pluto TV Psycho,DE,1,,Pluto TV Psycho,02,
海外·电影,yes,Pluto TV Reaction,US,1,,Pluto TV Reaction,02,
海外·电影,yes,Pluto TV Retro Action Movies,US,1,,Pluto TV Retro Action Movies,02,
海外·电影,yes,Pluto TV Romance (DE),DE,1,,Pluto TV Romance,02,
海外·电影,yes,Pluto TV Romantikk,SE,1,,Pluto TV Romantikk,02,
海外·电影,yes,Pluto TV Serie Sci-Fi,DE,1,,Pluto TV Serie Sci-Fi,02,
海外·电影,yes,Pluto TV Star Trek (DE),DE,1,,Pluto TV Star Trek,02,
海外·电影,yes,Pluto TV Star Trek (SE),SE,1,,Pluto TV Star Trek,02,
海外·电影,yes,Pluto TV Terror Trash,US,1,,Pluto TV Terror Trash,02,
海外·电影,yes,Pluto TV Totò,DE,1,,Pluto TV Totò,02,
海外·电影,yes,Pluto TV Trending Now,US,1,,Pluto TV Trending Now,02,
海外·电影,yes,Pluto TV Weihnachten im Sommer,DE,1,,Pluto TV Weihnachten im Sommer,02,
海外·电影,yes,Pluto TV Westerns (DE),DE,1,,Pluto TV Westerns,02,
海外·电影,yes,Pluto TV Zombies,DE,1,,Pluto TV Zombies,02,
海外·电影,yes,Popcorn Central,MX,1,,Popcorn Central (1080p),02,
海外·电影,yes,Premialnoe,RU,1,,Premialnoe HD (1080p),02,
海外·电影,yes,Public Movies,IN,1,,Public Movies (576p),02,
海外·电影,yes,Punjabi Shorts,IN,1,,Punjabi Shorts (1080p),02,
海外·电影,yes,QTV-3,CN,1,,QTV-3,02,
海外·电影,yes,Raj Digital Plus,IN,1,,Raj Digital Plus (1080p),02,
海外·电影,yes,Rakuten TV Action Movies Finland,ES,1,,Rakuten TV Action Movies Finland (1080p),02,
海外·电影,yes,Rakuten TV Action Movies Germany,ES,1,,Rakuten TV Action Movies Germany (1080p),02,
海外·电影,yes,Rakuten TV Action Movies Italy,ES,1,,Rakuten TV Action Movies Italy (1080p);Film d'azione – Rakuten TV,02;11,Film d'azione – Rakuten TV
海外·电影,yes,Rakuten TV Action Movies Spain,ES,1,,Rakuten TV Action Movies Spain (1080p),02,
海外·电影,yes,Rakuten TV Action Movies UK,ES,1,,Rakuten TV Action Movies UK (1080p),02,
海外·电影,yes,Rakuten TV Comedy Movies Finland,ES,1,,Rakuten TV Comedy Movies Finland (1080p),02,
海外·电影,yes,Rakuten TV Comedy Movies Germany,ES,1,,Rakuten TV Comedy Movies Germany (1080p),02,
海外·电影,yes,Rakuten TV Comedy Movies Italy,ES,1,,Rakuten TV Comedy Movies Italy (1080p);Commedia – Rakuten TV,02;11,Commedia – Rakuten TV
海外·电影,yes,Rakuten TV Comedy Movies Spain,ES,1,,Rakuten TV Comedy Movies Spain (1080p),02,
海外·电影,yes,Rakuten TV Comedy Movies UK,ES,1,,Rakuten TV Comedy Movies UK (1080p),02,
海外·电影,yes,Rakuten TV Drama Movies Finland,ES,1,,Rakuten TV Drama Movies Finland (1080p),02,
海外·电影,yes,Rakuten TV Drama Movies Germany,ES,1,,Rakuten TV Drama Movies Germany (1080p),02,
海外·电影,yes,Rakuten TV Drama Movies Italy,ES,1,,Rakuten TV Drama Movies Italy (1080p);Drammatico – Rakuten TV,02;11,Drammatico – Rakuten TV
海外·电影,yes,Rakuten TV Drama Movies Spain,ES,1,,Rakuten TV Drama Movies Spain (1080p),02,
海外·电影,yes,Rakuten TV Drama Movies UK,ES,1,,Rakuten TV Drama Movies UK (1080p),02,
海外·电影,yes,Rakuten TV Family Movies Finland,ES,1,,Rakuten TV Family Movies Finland (1080p),02,
海外·电影,yes,Rakuten TV Family Movies Germany,ES,1,,Rakuten TV Family Movies Germany (1080p),02,
海外·电影,yes,Rakuten TV Family Movies Italy,ES,1,,Rakuten TV Family Movies Italy (1080p);Family – Rakuten TV,02;11,Family – Rakuten TV
海外·电影,yes,Rakuten TV Family Movies Spain,ES,1,,Rakuten TV Family Movies Spain (1080p),02,
海外·电影,yes,Rakuten TV Family Movies UK,ES,1,,Rakuten TV Family Movies UK (1080p),02,
海外·电影,yes,Rakuten TV Nordic Films,ES,1,,Rakuten TV Nordic Films (1080p),02,
海外·电影,yes,Rakuten TV Top Movies Finland,ES,1,,Rakuten TV Top Movies Finland (1080p),02,
海外·电影,yes,Rakuten TV Top Movies Germany,ES,1,,Rakuten TV Top Movies Germany (1080p),02,
海外·电影,yes,Rakuten TV Top Movies Italy,ES,1,,Rakuten TV Top Movies Italy (1080p);Film Top – Rakuten TV,02;11,Film Top – Rakuten TV
海外·电影,yes,Rakuten TV Top Movies Spain,ES,1,,Rakuten TV Top Movies Spain (1080p),02,
海外·电影,yes,Rakuten Top Movies UK,ES,1,,Rakuten Top Movies UK (1080p),02,
海外·电影,yes,Rodnoe Kino,RU,1,,Rodnoe Kino (576p),02,
海外·电影,yes,Rotana Cinema Egypt,EG,1,,Rotana Cinema Egypt (1080p) [Geo-blocked],02,
海外·电影,yes,Rotana Cinema KSA,SA,1,,Rotana Cinema KSA (1080p) [Geo-blocked],02,
海外·电影,yes,Runtime,US,1,,Runtime (720p),02,
海外·电影,yes,Runtime Espanol,US,1,,Runtime Espanol (720p),02,
海外·电影,yes,Russkiy Bestseller,RU,1,,Russkiy Bestseller (576p),02,
海外·电影,yes,Russkiy Detektiv,RU,1,,Russkiy Detektiv (576p),02,
海外·电影,yes,Russkiy Illusion,RU,1,,Russkiy Illusion (576p),02,
海外·电影,yes,SL 1,IR,1,,SL 1,02,
海外·电影,yes,SL 2,IR,1,,SL 2,02,
海外·电影,yes,START Air,RU,1,,START Air (576p),02,
海外·电影,yes,START World,RU,1,,START World (576p),02,
海外·电影,yes,SensaCine TV x Pluto,DE,1,,SensaCine TV x Pluto,02,
海外·电影,yes,Shemaroo Josh,IN,1,,Shemaroo Josh (720p),02,
海外·电影,yes,Shokiruyushchee,RU,1,,Shokiruyushchee HD (1080p),02,
海外·电影,yes,Shot TV,RU,1,,Shot TV (576p),02,
海外·电影,yes,Shubh Cinema TV,IN,1,,Shubh Cinema TV (720p),02,
海外·电影,yes,Silk Way Cinema,KZ,1,,Silk Way Cinema (1080p) [Geo-blocked],02,
海外·电影,yes,Sony Movies,BR,1,,Sony Movies (720p),02,
海外·电影,yes,Sony Movies Latin America,US,1,,Sony Movies Latin America (720p),02,
海外·电影,yes,Sony One Favoris,FR,1,,Sony One Favoris (1080p),02,
海外·电影,yes,Sony One Hits Action,FR,1,,Sony One Hits Action (1080p),02,
海外·电影,yes,Sony One Hits Comedie,FR,1,,Sony One Hits Comedie (1080p),02,
海外·电影,yes,South Station,IN,1,,South Station (1080p),02,
海外·电影,yes,Star Channel,CL,1,,Star Channel (720p),02,
海外·电影,yes,Star Channel Latin America,US,1,,Star Channel Latin America (1080p),02,
海外·电影,yes,Star Cinema,RU,1,,Star Cinema,02,
海外·电影,yes,Star Family,RU,1,,Star Family (1080p),02,
海外·电影,yes,Star Gold 2,IN,1,,Star Gold 2 (576p),02,
海外·电影,yes,Star Maa Movies,IN,1,,Star Maa Movies HD (720p),02,
海外·电影,yes,Star Trek: Deep Space Nine,US,1,,Star Trek: Deep Space Nine,02,
海外·电影,yes,Star Trek: The Next Generation (DE),DE,1,,Star Trek: The Next Generation,02,
海外·电影,yes,Star Trek: The Next Generation (US),US,1,,Star Trek: The Next Generation,02,
海外·电影,yes,Star Trek: The Original Series (DE),DE,1,,Star Trek: The Original Series,02,
海外·电影,yes,Star Trek: Voyager (DE),DE,1,,Star Trek: Voyager,02,
海外·电影,yes,Star Trek: Voyager (US),US,1,,Star Trek: Voyager,02,
海外·电影,yes,Starz Cinema,US,1,,Starz Cinema (720p),02,
海外·电影,yes,Studio One +,IN,1,,Studio One + (720p),02,
海外·电影,yes,Suriyan TV,IN,1,,Suriyan TV (576p),02,
海外·电影,yes,TV 21 (RU),RU,1,,TV 21 (576p),02,
海外·电影,yes,TV 21 International,RU,1,,TV 21 International (576p),02,
海外·电影,yes,TV Land Drama,US,1,,TV Land Drama,02,
海外·电影,yes,TVCARiB Cinema,SX,1,,TVCARiB Cinema (720p) [Not 24/7],02,
海外·电影,yes,TVS Drive In Movie,US,1,,TVS Drive In Movie (360p),02,
海外·电影,yes,Tamasha,IR,1,,Tamasha;IRIB Tamasha,02;11,IRIB Tamasha
海外·电影,yes,Thalaa TV,IN,1,,Thalaa TV (1080p),02,
海外·电影,yes,The Asylum,US,1,,The Asylum,11,
海外·电影,yes,The Film Detective,US,1,,The Film Detective (720p),02,
海外·电影,yes,The Movie Club,IN,1,,The Movie Club (1080p),02,
海外·电影,yes,The Movie Club +2,IN,1,,The Movie Club +2 (1080p),02,
海外·电影,yes,The Wild Wild West (US),US,1,,The Wild Wild West,02,
海外·电影,yes,Tolly TV,IN,1,,Tolly TV (1080p),02,
海外·电影,yes,Universal Comedy,US,1,,Universal Comedy (1080p),02,
海外·电影,yes,Viasat Kino Bulgaria,UA,1,,Viasat Kino Bulgaria (1080p),02,
海外·电影,yes,Viasat Kino Comedy,UA,1,,Viasat Kino Comedy,02,
海外·电影,yes,Viasat Kino Romania,UA,1,,Viasat Kino Romania,02,
海外·电影,yes,Viasat Kino World,UA,1,,Viasat Kino World,02,
海外·电影,yes,Viasat Serial,UA,1,,Viasat Serial,02,
海外·电影,yes,WFXT-DT2,US,1,,WFXT-DT2 (1080p),02,
海外·电影,yes,Whiplash Cinema,US,1,,Whiplash Cinema (480p),02,
海外·电影,yes,Wu Tang Collection,US,1,,Wu Tang Collection (720p),02,
海外·电影,yes,Xtrema Accion,AR,1,,Xtrema Accion,02,
海外·电影,yes,Xtrema Cine Clasico,AR,1,,Xtrema Cine Clasico,02,
海外·电影,yes,Xtrema Terror,AR,1,,Xtrema Terror,02,
海外·电影,yes,Yes Movies Action,IL,1,,Yes Movies Action (1080p),02,
海外·电影,yes,Zee Action,IN,1,,Zee Action (576p),02,
海外·电影,yes,Zee Cinema,IN,1,,Zee Cinema (576p),02,
海外·电影,yes,Zee Talkies,IN,1,,Zee Talkies (576p),02,
海外·电影,yes,Zylo Cine Friki,ES,1,,Zylo Cine Friki (1080p),02,
海外·电影,yes,Zylo Cine Western (ES),ES,1,,Zylo Cine Western (1080p),02,
海外·电影,yes,Zylo Ciné Nanar,FR,1,,Zylo Ciné Nanar (1080p),02,
海外·电影,yes,Zylo Ciné Western (FR),FR,1,,Zylo Ciné Western (1080p),02,
海外·电影,yes,Zylo Emotion' L,FR,1,,Zylo Emotion' L (1080p),02,
海外·电影,yes,Zylo ScreamIN,FR,1,,Zylo ScreamIN (1080p),02,
海外·电影,yes,viju TV1000,RU,1,,viju TV1000 (576p),02,
海外·电影,yes,viju TV1000 action,RU,1,,viju TV1000 action (576p),02,
海外·电影,yes,viju TV1000 russkoe,RU,1,,viju TV1000 russkoe (576p),02,
海外·电影,yes,viju+ Megahit,RU,1,,viju+ Megahit HD (1080p),02,
海外·电影,yes,viju+ Premiere,RU,1,,viju+ Premiere HD (1080p),02,
海外·电影,yes,Кино 1 International,RU,1,,Кино 1 International [Not 24/7],02,
海外·电影,yes,Сити Эдем КиноАзия,RU,1,,Сити Эдем КиноАзия [Not 24/7],02,
海外·电影,yes,Сити Эдем КиноАрт,RU,1,,Сити Эдем КиноАрт [Not 24/7],02,
海外·电影,yes,Сити Эдем КиноДетектив,RU,1,,Сити Эдем КиноДетектив [Not 24/7],02,
海外·电影,yes,Сити Эдем КиноДрама,RU,1,,Сити Эдем КиноДрама [Not 24/7],02,
海外·电影,yes,Сити Эдем КиноКлассика,RU,1,,Сити Эдем КиноКлассика [Not 24/7],02,
海外·电影,yes,Сити Эдем КиноКомедия,RU,1,,Сити Эдем КиноКомедия [Not 24/7],02,
海外·电影,yes,Сити Эдем КиноМистика,RU,1,,Сити Эдем КиноМистика [Not 24/7],02,
海外·电影,yes,Сити Эдем КиноФантастика,RU,1,,Сити Эдем КиноФантастика [Not 24/7],02,
海外·电影,yes,Сити Эдем КиноЭкшен,RU,1,,Сити Эдем КиноЭкшен [Not 24/7],02,
海外·综合,yes,The Pet Collective,US,6,,The Pet Collective (720p);The Pet Collective,02;11,
海外·综合,yes,Now 80s,UK,4,,NOW 80s (1080p);Now 80's;Now 80s;NOW 80s,01;02;11,
海外·综合,yes,Action Hollywood Movies,US,3,,Action Hollywood Movies,01;11;14,
海外·综合,yes,Gusto TV,CA,3,,Gusto TV (1080p);Gusto TV,02;14,
海外·综合,yes,MTV Reality (SE),SE,3,,MTV Reality (720p);MTV Reality,02,
海外·综合,yes,NOW ROCK,UK,3,,NOW Rock (1080p);Now Rock;NOW Rock;NOW ROCK,01;02;11,
海外·综合,yes,Now 70s,UK,3,,NOW 70s (720p);Now 70s;Now 70's;NOW 70s,01;02;11,
海外·综合,yes,Pluto TV Motor (SE),SE,3,,Pluto TV Motor,02,
海外·综合,yes,Tastemade,US,3,,Tastemade (720p);Tastemade (1080p),02,
海外·综合,yes,The Millers,SE,3,,The Millers,02,
海外·综合,yes,The Pet Collective International,US,3,,The Pet Collective International (720p),02,
海外·综合,yes,Wonder,UK,3,,Wonder (1080p);Wonder,02;14,
海外·综合,yes,1+1 Ukraina,UA,2,,1+1 Ukraina Ⓢ;1+1 Ukraina (1080p),02;11,
海外·综合,yes,2+2,UA,2,,2+2 Ⓢ;2+2 (1080p),02;11,
海外·综合,yes,30A Investment Pitch,US,2,,30A Investment Pitch;30A Investment Pitch (720p),02;14,
海外·综合,yes,ATV (PE),PE,2,,ATV (720p);ATV (1080p),02,
海外·综合,yes,Al-Sharqiya,IQ,2,,Al-Sharqiya;Al Sharqiya (1080p),02;11,
海外·综合,yes,Alcarria TV,ES,2,,Alcarria TV;Alcarria TV (576p) [Not 24/7],02;11,
海外·综合,yes,Astro AOD,,2,,Astro AOD,01;21,
海外·综合,yes,Azstar TV,CA,2,,Azstar TV HD (1080p);AzStarTV,02;11,
海外·综合,yes,BTV,LT,2,,BTV;BTV (576p),02;11,
海外·综合,yes,BX1,BE,2,,BX1;BX1 (504p),02;11,
海外·综合,yes,Best TV,GR,2,,Best TV;Best TV (720p) [Not 24/7],02;11,
海外·综合,yes,BloombergTV+2,,2,,「US」 BloombergTV+2;「US」 Bloomberg TV+2,14,
海外·综合,yes,COM Brasil,BR,2,,COM Brasil;COM Brasil (720p),02;11,
海外·综合,yes,Cadena TV,PE,2,,Cadena TV SD;Cadena TV (720p) [Not 24/7],02,
海外·综合,yes,Canal 13 La Rioja,AR,2,,Canal 13 La Rioja (480p);Canal 13 La Rioja,02;14,
海外·综合,yes,Canal 8,CR,2,,Canal 8;Canal 8 (720p) [Not 24/7],02;11,
海外·综合,yes,Canal Sur Andalucia,ES,2,,Canal Sur Andalucia (1080p);Canal Sur Andalucía,02;11,
海外·综合,yes,Canale 7,IT,2,,Canale 7;Canale 7 (480p),02;11,
海外·综合,yes,Capital TV (NP),NP,2,,Capital TV (1080p);Capital TV HD HD,02,
海外·综合,yes,Channel 5 (TH),TH,2,,Channel 5;Channel 5 (1080p),01;02,
海外·综合,yes,DC Council Channel,US,2,,DC Council Channel;DC Council Channel (1080p),02;14,
海外·综合,yes,Das Erste,DE,2,,Das Erste Ⓖ;Das Erste HD (1080p),02;11,
海外·综合,yes,ETB1,ES,2,,ETB1;ETB 1 (1080p) [Geo-blocked],02;11,
海外·综合,yes,ETB2,ES,2,,ETB2;ETB 2 (1080p) [Geo-blocked],02;11,
海外·综合,yes,ETV (EE),EE,2,,ETV Ⓖ;ETV (720p),02;11,
海外·综合,yes,Entella TV,IT,2,,Entella TV (720p) [Not 24/7];Entella Tv,02;11,
海外·综合,yes,Espansione Tv,IT,2,,Espansione Tv;Espansione TV (576p),02;11,
海外·综合,yes,FNX,US,2,,FNX (1080p);FNX [Geo-blocked],02,
海外·综合,yes,Gambero Rosso,IT,2,,Gambero Rosso (720p);Gambero Rosso,02;11,
海外·综合,yes,HTV 2 - Houston Television,US,2,,HTV 2 - Houston Television;HTV 2 Houston Television (720p);HTV 2 Houston Television,02;26,
海外·综合,yes,High TV,GR,2,,High TV (720p) [Not 24/7];High TV,02;11,
海外·综合,yes,ITV,UA,2,,ITV;ITV (480p),02;11,
海外·综合,yes,Inter,UA,2,,Inter;Inter (1080p),02;11,
海外·综合,yes,Ionian Channel,GR,2,,Ionian Channel (1080p) [Not 24/7];Ionian Channel,02;11,
海外·综合,yes,KTK,KZ,2,,KTK (576p);KTK HD (720p) [Not 24/7],02,
海外·综合,yes,Kantipur TV,NP,2,,Kantipur TV;Kantipur TV (1080p),02,
海外·综合,yes,Kapos TV,HU,2,,Kapos TV;Kapos TV (1080p),02;11,
海外·综合,yes,Kentron TV,AM,2,,Kentron TV Ⓢ;Kentron TV (1080p),02;11,
海外·综合,yes,LNK,LT,2,,LNK;LNK (1080p),02;11,
海外·综合,yes,LRT TV,LT,2,,LRT TV;LRT TV (1080p),02;11,
海外·综合,yes,La 2,ES,2,,La 2,02;11,
海外·综合,yes,Latina,PE,2,,Latina (1080p);Latina,02;11,
海外·综合,yes,MTV Sub,FI,2,,MTV Sub;MTV Sub (720p),02;11,
海外·综合,yes,MTV3,FI,2,,MTV3 (720p);MTV3,02;11,
海外·综合,yes,MacGyver (US),US,2,,MacGyver,02,
海外·综合,yes,Mega (CL),CL,2,,Mega (1080p);Mega,02;11,
海外·综合,yes,Mega (UA),UA,2,,Mega (1080p);Mega,02;11,
海外·综合,yes,Midpen Media Center Arts Issues and Lifestyles Channel 30,US,2,,Midpen Media Center Arts Issues and Lifestyles Channel 30 (720p);Midpen Media Center Arts Issues and Lifestyles Channel 30,02;14,
海外·综合,yes,Midpen Media Center Diversity and Culture Channel 75,US,2,,Midpen Media Center Diversity and Culture Channel 75;Midpen Media Center Diversity and Culture Channel 75 (720p),02;14,
海外·综合,yes,Midpen Media Center Government etc Channel 26,US,2,,Midpen Media Center Government etc Channel 26;Midpen Media Center Government etc Channel 26 (720p),02;14,
海外·综合,yes,Midpen Media Center Government etc Channel 29,US,2,,Midpen Media Center Government etc Channel 29;Midpen Media Center Government etc Channel 29 (720p),02;14,
海外·综合,yes,NBC 26 Green Bay WI (WGBA),US,2,,NBC 26 Green Bay WI (WGBA) (720p);NBC 26 Green Bay WI (WGBA),02;26,
海外·综合,yes,NDTV Profit,IN,2,,NDTV Profit (1080p);NDTV Profit,02;11,
海外·综合,yes,NET TV,AR,2,,NET TV (720p);Net TV,02;11,
海外·综合,yes,NOW 90s00s,UK,2,,NOW 90s00s (1080p);NOW 90s00s,01;02,
海外·综合,yes,Nelonen,FI,2,,Nelonen;Nelonen (720p),02;11,
海外·综合,yes,Ohotnik i rybolov,RU,2,,Ohotnik i rybolov (576i);Ohotnik i rybolov HD (1080p),02,
海外·综合,yes,Omroep Brabant,NL,2,,Omroep Brabant;Omroep Brabant (1080p),02;11,
海外·综合,yes,Omroep Zeeland,NL,2,,Omroep Zeeland;Omroep Zeeland (1080p),02;11,
海外·综合,yes,Onda Novara Tv,IT,2,,Onda Novara Tv;Onda Novara TV (720p) [Not 24/7],02;11,
海外·综合,yes,One Channel,GR,2,,One Channel (1080p) [Geo-blocked];One Channel,02;11,
海外·综合,yes,Onni TV,FI,2,,Onni TV (720p);OnniTV,02;11,
海外·综合,yes,Outdoor Channel,US,2,,Outdoor Channel HD (720p);Outdoor Channel (1080p),02,
海外·综合,yes,Pluto TV Cars,US,2,,Pluto TV Cars,02,
海外·综合,yes,Pluto TV História (US),US,2,,Pluto TV História;Pluto TV Historia,02,
海外·综合,yes,Priklyucheniya,RU,2,,Priklyucheniya HD (1080p);Priklyucheniya (576p),02,
海外·综合,yes,QVC UK,UK,2,,QVC UK (540p);QVC UK Ⓢ,02;11,
海外·综合,yes,Qatar Television,QA,2,,Qatar Television;Qatar Television (1080p),02;11,
海外·综合,yes,Qatar Television 2,QA,2,,Qatar Television 2 (1080p);Qatar Television 2,02;11,
海外·综合,yes,Qazaqstan,KZ,2,,Qazaqstan;Qazaqstan HD (1080p),02;11,
海外·综合,yes,Quarto Canale Flegreo,IT,2,,Quarto Canale Flegreo (720p);Quarto Canale Flegreo,02;11,
海外·综合,yes,RDS Social TV,IT,2,,RDS Social TV (720p);RDS Social TV,02;11,
海外·综合,yes,RTP Açores,PT,2,,RTP Açores (504p) [Not 24/7];RTP Açores (720p) [Not 24/7],02,
海外·综合,yes,RTV Noord,NL,2,,RTV Noord (720p) [Not 24/7];RTV Noord,02;11,
海外·综合,yes,RTV Rijnstreek TV,NL,2,,RTV Rijnstreek TV;RTV Rijnstreek TV (720p) [Not 24/7],02;14,
海外·综合,yes,RTV Utrecht,NL,2,,RTV Utrecht (1080p);RTV Utrecht,02;11,
海外·综合,yes,Radio 51 TV,IT,2,,Radio 51 TV (480p) [Geo-blocked];Radio 51 Tv,02;11,
海外·综合,yes,Radio Birikina Tv,IT,2,,Radio Birikina Tv;Radio Birikina TV (720p) [Not 24/7],02;11,
海外·综合,yes,Radio Norba Tv,IT,2,,Radio Norba Tv;Radio Norba TV (1080p),02;11,
海外·综合,yes,Rai 1,IT,2,,Rai 1 (720p);Rai 1,02;11,
海外·综合,yes,Rai 2,IT,2,,Rai 2;Rai 2 (1080p),02;11,
海外·综合,yes,Rai 3,IT,2,,Rai 3 (720p);Rai 3,02;11,
海外·综合,yes,Rai Storia,IT,2,,Rai Storia;Rai Storia (1080p),02;11,
海外·综合,yes,Rai World Premium,IT,2,,Rai World Premium;Rai World Premium (1080p),02;11,
海外·综合,yes,ReTV (LV),LV,2,,ReTV;Re TV (1080p),02;11,
海外·综合,yes,Rede Brasil,BR,2,,Rede Brasil (1080p);Rede Brasil,02;11,
海外·综合,yes,Rete Veneta,IT,2,,Rete Veneta;Reteveneta (480p),02;11,
海外·综合,yes,Retro,RU,2,,Retro (576p);Retro,02;14,
海外·综合,yes,Revry,US,2,,Revry (720p);Revry (1080p),02,
海外·综合,yes,Russia-K,RU,2,,Russia-K HD (1080p);Russia-K (576p),02,
海外·综合,yes,STAR Channel (Finland),FI,2,,STAR Channel (Finland) (720p);Star Channel Finland,02;11,
海外·综合,yes,STS,RU,2,,STS HD (1080p);STS (576p),02,
海外·综合,yes,SWR 3 Visual Radio,DE,2,,SWR 3 Visual Radio;SWR 3 Visual Radio (720p),02;14,
海外·综合,yes,Sansad TV 2,IN,2,,Sansad TV 2 (1080p);Sansad TV 2,02,
海外·综合,yes,Skai TV,GR,2,,Skai TV (720p);Skai TV,02;11,
海外·综合,yes,SoloTV,CL,2,,SoloTV;Solo TV,02;11,
海外·综合,yes,TET,UA,2,,TET Ⓢ;TET (1080p),02;11,
海外·综合,yes,TMC,FR,2,,TMC;TMC (1080p),02;11,
海外·综合,yes,TV Ellef,NL,2,,TV Ellef (1080p);TV Ellef,02;14,
海外·综合,yes,TV2 (HU),HU,2,,TV2,02;11,
海外·综合,yes,TV3 (LT),LT,2,,TV3 Ⓢ;TV3 (1080p),02;11,
海外·综合,yes,TV6,LT,2,,TV6 Ⓢ;TV6 (576p),02;11,
海外·综合,yes,TV8 (LT),LT,2,,TV8 Ⓢ;TV8 (576p),02;11,
海外·综合,yes,TVA (UA),UA,2,,TVA (576p);TVA,02;11,
海外·综合,yes,TVE Internacional Asia-Oceania,ES,2,,TVE Internacional Asia-Oceania HD (1080p) [Geo-blocked];TVE Internacional Asia-Oceania (576p) [Geo-blocked],02,
海外·综合,yes,TVE RS,BR,2,,TVE RS (1080p);TVE RS,02;11,
海外·综合,yes,TVR Iasi,RO,2,,TVR Iasi;TVR Iași Ⓖ,02;11,
海外·综合,yes,Tele Liguria Sud,IT,2,,Tele Liguria Sud;Tele Liguria Sud (576p),02;11,
海外·综合,yes,Telefoggia,IT,2,,Telefoggia (480p) [Not 24/7];Tele Foggia,02;11,
海外·综合,yes,Telemolise,IT,2,,Telemolise (1080p);Tele Molise,02;11,
海外·综合,yes,Teleticino,CH,2,,Teleticino;TeleTicino (720p),02;11,
海外·综合,yes,The Andy Griffith Show,US,2,,The Andy Griffith Show,02,
海外·综合,yes,The Design Network,US,2,,The Design Network (1080p),02,
海外·综合,yes,The Fishing & Hunting Channel,HU,2,,The Fishing & Hunting Channel;The Fishing & Hunting Channel HD,02,
海外·综合,yes,The Shopping Channel,,2,,The Shopping Channel;「CA」 TheShoppingChannel,14,
海外·综合,yes,Trace Urban,FR,2,,Trace Urban Ⓖ;TRACE Urban,01;11,
海外·综合,yes,Trends Z,BE,2,,Trends Z (1080p),02,
海外·综合,yes,Tv Prato,IT,2,,Tv Prato;TV Prato (1080p),02;11,
海外·综合,yes,UCL,UY,2,,UCL;UCL (720p),02;11,
海外·综合,yes,Univision Latin America,MX,2,,Univision Latin America (1080p),02,
海外·综合,yes,Viasat 6,HU,2,,Viasat 6,02;11,
海外·综合,yes,WeatherNation,US,2,,WeatherNation;WeatherNation (1080p),02;11,
海外·综合,yes,WeatherSpy (US),US,2,,WeatherSpy (720p);Weather Spy (720p),02,
海外·综合,yes,Xplore (GR),GR,2,,Xplore (714p) [Geo-blocked];Xplore,02;14,
海外·综合,yes,Zagros TV,IQ,2,,Zagros TV;Zagros TV (1080p),02;11,
海外·综合,yes,Zhivaya priroda,RU,2,,Zhivaya priroda (1080p);Zhivaya priroda HD (1080p),02,
海外·综合,yes,hr-fernsehen,DE,2,,hr-fernsehen HD;hr-fernsehen (1080p),02,
海外·综合,yes,Архыз 24,RU,2,,Архыз 24 (1080p);Архыз 24,02;11,
海外·综合,yes,#Riccanza – Pluto TV,,1,,#Riccanza – Pluto TV,11,
海外·综合,yes,+Perfil,AR,1,,+Perfil,11,
海外·综合,yes,.sci-fi (RU),RU,1,,.sci-fi (576p),02,
海外·综合,yes,1+1 International,UA,1,,1+1 International HD (720p),02,
海外·综合,yes,1+1 Marafon,UA,1,,1+1 Marafon (1080p),02,
海外·综合,yes,10 Bold Adelaide,AU,1,,10 Bold Adelaide (1080p);10 Bold,02;11,10 Bold
海外·综合,yes,111 TV,IT,1,,111 TV (720p);111 Tv,02;11,
海外·综合,yes,12 TV Parma,IT,1,,12 TV Parma (540p) [Not 24/7];12 Tv Parma,02;11,
海外·综合,yes,12 канал,RU,1,,12 канал (1080p),02,
海外·综合,yes,13C,CL,1,,13C (1080p);13 Cultura,02;11,13 Cultura
海外·综合,yes,15TV,MX,1,,15TV,02,
海外·综合,yes,16 anni e incinta – Pluto TV,,1,,16 anni e incinta – Pluto TV,11,
海外·综合,yes,16tv Budapest,HU,1,,16tv Budapest (360p);16TV,02;11,16TV
海外·综合,yes,1Almere TV,NL,1,,1Almere TV (720p),02,
海外·综合,yes,1Mus,BY,1,,1Mus,11,
海外·综合,yes,1TV,GE,1,,1TV (720p);First Channel (1TV),02;11,First Channel (1TV)
海外·综合,yes,1Twente TV,NL,1,,1Twente TV (1080p),02,
海外·综合,yes,2+2 Marathon,UA,1,,2+2 Marathon (1080p),02,
海外·综合,yes,20 Minutes TV,FR,1,,20 Minutes TV (1080p),02,
海外·综合,yes,23 ABC (KERO),,1,,23 ABC (KERO),26,
海外·综合,yes,24h,ES,1,,24h,11,
海外·综合,yes,28 kanala,ES,1,,28 kanala,02,
海外·综合,yes,2M,MA,1,,2M,02,
海外·综合,yes,2M Monde,MA,1,,2M Monde (360p),02,
海外·综合,yes,2M Monde +1,MA,1,,2M Monde +1 (1080p),02,
海外·综合,yes,2TV,GE,1,,2TV (720p);First Channel /Education/ (2TV),02;11,First Channel /Education/ (2TV)
海外·综合,yes,30A Darcizzle Offshore,US,1,,30A Darcizzle Offshore (720p),02,
海外·综合,yes,30A Luxe Life Discovered,US,1,,30A Luxe Life Discovered (720p),02,
海外·综合,yes,30A The Beach Show,US,1,,30A The Beach Show (720p),02,
海外·综合,yes,31 Kanal,KZ,1,,31 Kanal (576p),02,
海外·综合,yes,36.6 TV,UA,1,,36.6 TV,02,
海外·综合,yes,360 RFTV,CR,1,,360 RFTV (576p) [Geo-blocked],02,
海外·综合,yes,360°,RU,1,,360° (1080p),02,
海外·综合,yes,3Cat Càmeres del temps,ES,1,,3Cat Càmeres del temps (1080p),02,
海外·综合,yes,3HD,TH,1,,3HD,02,
海外·综合,yes,3sat,DE,1,,3sat,02,
海外·综合,yes,4 Afghanistan,FR,1,,4 Afghanistan,02,
海外·综合,yes,4 You Tv,IT,1,,4 You Tv,11,
海外·综合,yes,4E,GR,1,,4E,11,
海外·综合,yes,5 Kanal,UA,1,,5 Kanal,11,
海外·综合,yes,5 Канал,RU,1,,5 Канал,02,
海外·综合,yes,50 Canale,IT,1,,50 Canale,02,
海外·综合,yes,6 Wise Tv,US,1,,6 Wise Tv (720p),02,
海外·综合,yes,6 sotok,UA,1,,6 sotok (1080p),02,
海外·综合,yes,7 TeleValencia,ES,1,,7 TeleValencia (576p),02,
海外·综合,yes,8 La Marina TV,ES,1,,8 La Marina TV (576p),02,
海外·综合,yes,8NTV,MX,1,,8NTV (1080p),02,
海外·综合,yes,9Gem,AU,1,,9Gem Ⓖ,11,
海外·综合,yes,9Go!,AU,1,,9Go! Ⓖ,11,
海外·综合,yes,9Life,AU,1,,9Life Ⓖ,11,
海外·综合,yes,9Rush,AU,1,,9Rush Ⓖ,11,
海外·综合,yes,A Punt,ES,1,,A Punt (720p),02,
海外·综合,yes,A1 TV,NL,1,,A1 TV (1080p) [Not 24/7],02,
海外·综合,yes,A12 TV,CI,1,,A12 TV,02,
海外·综合,yes,A2TV,TR,1,,A2TV (1080p),02,
海外·综合,yes,A2i TV,IT,1,,A2i TV (1080p),02,
海外·综合,yes,A7TV,RO,1,,A7TV (1080p),02,
海外·综合,yes,AABC TV,US,1,,AABC TV (480p),02,
海外·综合,yes,ABC,US,1,,ABC (1080p),02,
海外·综合,yes,ABC 10 Duluth MN (WDIO),US,1,,ABC 10 Duluth MN (WDIO) (1080p),02,
海外·综合,yes,ABC 10 San Diego CA (KGTV),US,1,,ABC 10 San Diego CA (KGTV) (720p),02,
海外·综合,yes,ABC 12 Milwaukee WI (WISN),US,1,,ABC 12 Milwaukee WI (WISN) (720p),02,
海外·综合,yes,ABC 13 Las Vegas NV (KTNV),US,1,,ABC 13 Las Vegas NV (KTNV) (720p);ABC Las Vegas NV,02;26,ABC Las Vegas NV
海外·综合,yes,ABC 15 Phoenix AZ (KNXV),US,1,,ABC 15 Phoenix AZ (KNXV) (720p),02,
海外·综合,yes,ABC 2 Baltimore MD (WMAR),US,1,,ABC 2 Baltimore MD (WMAR) (720p),02,
海外·综合,yes,ABC 2 WMAR,,1,,ABC 2 WMAR,26,
海外·综合,yes,ABC 23 Bakersfield CA (KERO),US,1,,ABC 23 Bakersfield CA (KERO) (720p),02,
海外·综合,yes,ABC 27 Tallahassee FL (WTXL),US,1,,ABC 27 Tallahassee FL (WTXL) (720p),02,
海外·综合,yes,ABC 4 Charleston SC (WCIV),US,1,,ABC 4 Charleston SC (WCIV) (1080p),02,
海外·综合,yes,ABC 5 St. Paul MN (KSTP),US,1,,ABC 5 St. Paul MN (KSTP) (1080p),02,
海外·综合,yes,ABC 6 Austin TX (KAAL),US,1,,ABC 6 Austin TX (KAAL) (1080p),02,
海外·综合,yes,ABC 7 Albuquerque NM (KOAT),US,1,,ABC 7 Albuquerque NM (KOAT) (720p),02,
海外·综合,yes,ABC 7 Denver CO (KMGH),US,1,,ABC 7 Denver CO (KMGH) (720p);ABC 7 Denver (KMGH),02;26,ABC 7 Denver (KMGH)
海外·综合,yes,ABC 9 Manchester NH (WMUR-TV),US,1,,ABC 9 Manchester NH (WMUR-TV) (720p),02,
海外·综合,yes,ABC 9 Orlando FL (WFTV),US,1,,ABC 9 Orlando FL (WFTV) (720p),02,
海外·综合,yes,ABC 9 Tucson AZ (KGUN),US,1,,ABC 9 Tucson AZ (KGUN) (720p),02,
海外·综合,yes,ABC Phoenix AZ,,1,,ABC Phoenix AZ,26,
海外·综合,yes,ABC TV ACT,AU,1,,ABC TV ACT (720p),02,
海外·综合,yes,ABC TV NSW,AU,1,,ABC TV NSW (720p);ABC,02;11,ABC
海外·综合,yes,ABC TV NT,AU,1,,ABC TV NT (720p),02,
海外·综合,yes,ABC TV QLD,AU,1,,ABC TV QLD (720p),02,
海外·综合,yes,ABC TV SA,AU,1,,ABC TV SA (720p),02,
海外·综合,yes,ABC TV TAS,AU,1,,ABC TV TAS (720p),02,
海外·综合,yes,ABC TV VIC,AU,1,,ABC TV VIC (720p),02,
海外·综合,yes,ABC TV WA,AU,1,,ABC TV WA (720p),02,
海外·综合,yes,ABC WWAY 3,US,1,,ABC WWAY 3,02,
海外·综合,yes,ABN TV,KR,1,,ABN TV (720p),02,
海外·综合,yes,ABTV Bariloche,AR,1,,ABTV Bariloche,02,
海外·综合,yes,ABTelevision,PE,1,,ABTelevision (720p),02,
海外·综合,yes,ACTV (BE),BE,1,,ACTV (504p),02,
海外·综合,yes,ACTV (US),US,1,,ACTV,02,
海外·综合,yes,ADtv,PT,1,,ADtv Ⓢ,11,
海外·综合,yes,AFTV,US,1,,AFTV (1080p),02,
海外·综合,yes,AGR FM TV,PY,1,,AGR FM TV,02,
海外·综合,yes,AION TV,DO,1,,AION TV (1080p) [Not 24/7],02,
海外·综合,yes,AKC TV,US,1,,AKC TV (1080p),02,
海外·综合,yes,AKC TV Meet The Breeds,US,1,,AKC TV Meet The Breeds,02,
海外·综合,yes,AKC TV Puppies 24/7,US,1,,AKC TV Puppies 24/7,02,
海外·综合,yes,AKTV,ID,1,,AKTV (1080p) [Not 24/7],02,
海外·综合,yes,ALKORQAPLUS,,1,,「RU」 ALKORQAPLUS,14,
海外·综合,yes,AM Terni Television,IT,1,,AM Terni Television,11,
海外·综合,yes,AMG TV,US,1,,AMG TV (1080p),02,
海外·综合,yes,AR | 5TV Corrientes,,1,,AR | 5TV Corrientes,14,
海外·综合,yes,ARDB TV,KH,1,,ARDB TV (1080p) [Not 24/7],02,
海外·综合,yes,ART,RU,1,,ART (576p),02,
海外·综合,yes,ARTV Canal Parlamento,PT,1,,ARTV Canal Parlamento (720p) [Not 24/7],02,
海外·综合,yes,AT5,NL,1,,AT5,02,
海外·综合,yes,ATL 26,US,1,,ATL 26,02,
海外·综合,yes,ATN Bangla,BD,1,,ATN Bangla (720p),02,
海外·综合,yes,ATN Bangla UK,UK,1,,ATN Bangla UK (576p),02,
海外·综合,yes,ATR,UA,1,,ATR (1080p),02,
海外·综合,yes,ATV (AM),AM,1,,ATV (1080p),02,
海外·综合,yes,ATV (BE),BE,1,,ATV (1080p),02,
海外·综合,yes,ATV (HU),HU,1,,ATV,11,
海外·综合,yes,ATV (TR),TR,1,,ATV (1080p),02,
海外·综合,yes,ATV Alanya,TR,1,,ATV Alanya (1080p),02,
海外·综合,yes,ATV Sur,PE,1,,ATV Sur (1080p),02,
海外·综合,yes,ATXN1,US,1,,ATXN1 (1080p),02,
海外·综合,yes,ATXN2,US,1,,ATXN2 (1080p),02,
海外·综合,yes,ATXN3,US,1,,ATXN3 (1080p),02,
海外·综合,yes,AVA Family,IR,1,,AVA Family,02,
海外·综合,yes,AWE,US,1,,AWE (720p),02,
海外·综合,yes,AWE International,US,1,,AWE International (720p),02,
海外·综合,yes,AWE Plus,US,1,,AWE Plus (720p),02,
海外·综合,yes,AYNI TV,BO,1,,AYNI TV (1080p),02,
海外·综合,yes,AZA TV,HN,1,,AZA TV HD (1080p),02,
海外·综合,yes,Abadan,IR,1,,Abadan,02,
海外·综合,yes,Abai TV,KZ,1,,Abai TV (720p),02,
海外·综合,yes,Abya Yala TV,BO,1,,Abya Yala TV (720p),02,
海外·综合,yes,Access 4 PAC,US,1,,Access 4 PAC,02,
海外·综合,yes,Access Nashua,US,1,,Access Nashua (720p),02,
海外·综合,yes,AccessVision Channel 16,US,1,,AccessVision Channel 16 (720p),02,
海外·综合,yes,AccessVision Channel 17,US,1,,AccessVision Channel 17 (720p),02,
海外·综合,yes,AccuWeather Now,US,1,,AccuWeather Now (1080p);AccuWeather NOW,02;11,
海外·综合,yes,Acheloos TV,GR,1,,Acheloos TV (576p);Acheloos,02;11,Acheloos
海外·综合,yes,Ada TV (CY),CY,1,,Ada TV,02;11,
海外·综合,yes,Adesso TV,BR,1,,Adesso TV (720p),02,
海外·综合,yes,Advocate Broadcasting Network,NG,1,,Advocate Broadcasting Network,11,
海外·综合,yes,Aeolos TV,GR,1,,Aeolos TV (1080p),02,
海外·综合,yes,Affare Fatto – Pluto TV,,1,,Affare Fatto – Pluto TV,11,
海外·综合,yes,Aflak,IR,1,,Aflak,02,
海外·综合,yes,Afontovo,RU,1,,Afontovo,02,
海外·综合,yes,Afro Magic Channel,CI,1,,Afro Magic Channel,02,
海外·综合,yes,Afroculture TV,CI,1,,Afroculture TV,02,
海外·综合,yes,Afroturk TV,TR,1,,Afroturk TV (1080p),02,
海外·综合,yes,Aftab,IR,1,,Aftab,02,
海外·综合,yes,Agricultura TV,CL,1,,Agricultura TV (1080p),02,
海外·综合,yes,Agro TV (BG),BG,1,,Agro TV (480p),02,
海外·综合,yes,Agro TV (RO),RO,1,,Agro TV (360p) [Not 24/7],02,
海外·综合,yes,Agrotendencia TV,CR,1,,Agrotendencia TV (1080p),02,
海外·综合,yes,Aguila TV,DO,1,,Aguila TV (1080p) [Not 24/7],02,
海外·综合,yes,Ahora TV,DO,1,,Ahora TV (1080p) [Not 24/7],02,
海外·综合,yes,Aigaio TV,GR,1,,Aigaio TV (720p),02,
海外·综合,yes,Aire de Santa Fe,AR,1,,Aire de Santa Fe (1080p),02,
海外·综合,yes,Aist Global,MN,1,,Aist Global,11,
海外·综合,yes,Ajman TV,AE,1,,Ajman TV (1080p);Ajman TV,02;11,
海外·综合,yes,Ajyal TV,PS,1,,Ajyal TV (720p),02,
海外·综合,yes,Akaku 53 (Hawaii),US,1,,Akaku 53 (Hawaii) (1080p),02,
海外·综合,yes,Akaku 54 (Hawaii),US,1,,Akaku 54 (Hawaii) (1080p),02,
海外·综合,yes,Akaku 55 (Hawaii),US,1,,Akaku 55 (Hawaii) (1080p),02,
海外·综合,yes,Aksu TV,TR,1,,Aksu TV (720p),02,
海外·综合,yes,Al Arabiya Business,AE,1,,Al Arabiya Business (1080p);Al Arabiya Business,02;11,
海外·综合,yes,Al Iraqia,IQ,1,,Al Iraqia (1080p),02,
海外·综合,yes,Al Ittihad,LB,1,,Al Ittihad (552p) [Not 24/7];Al Ittihad,02;11,
海外·综合,yes,Al Jadeed,LB,1,,Al Jadeed (1080p),02,
海外·综合,yes,Al Maghribia,MA,1,,Al Maghribia (1080p),02,
海外·综合,yes,Al Masriyah,EG,1,,Al Masriyah (1080p),02,
海外·综合,yes,Al Qamar TV,AE,1,,Al Qamar TV (1080p),02,
海外·综合,yes,Al Rasheed TV,IQ,1,,Al Rasheed TV (1080p) [Not 24/7],02,
海外·综合,yes,Al Rayyan,QA,1,,Al Rayyan (1080p);Al Rayyan,02;11,
海外·综合,yes,Al Rayyan Al Qadeem,QA,1,,Al Rayyan Al Qadeem (1080p);Al Rayyan Old TV,02;11,Al Rayyan Old TV
海外·综合,yes,Al Riyadh Radio,SA,1,,Al Riyadh Radio (1080p),02,
海外·综合,yes,Al Saudiya,SA,1,,Al Saudiya (1080p);Al Saudiya,02;11,
海外·综合,yes,Al Saudiya Alaan,SA,1,,Al Saudiya Alaan (1080p);Al Saudiya Alaan,02;11,
海外·综合,yes,Al Shallal TV,AE,1,,Al Shallal TV (1080p),02,
海外·综合,yes,Al Sharqiya Min Kabla,AE,1,,Al Sharqiya Min Kabla (1080p),02,
海外·综合,yes,Al Wousta TV,AE,1,,Al Wousta TV (1080p);Al Wousta,02;11,Al Wousta
海外·综合,yes,Al-Souriya TV,SY,1,,Al-Souriya TV (1080p),02,
海外·综合,yes,Alacantí TV,ES,1,,Alacantí TV (576p) [Not 24/7],02,
海外·综合,yes,Alanya Posta TV,TR,1,,Alanya Posta TV (1080p),02,
海外·综合,yes,Alau TV,KZ,1,,Alau TV (576p),02,
海外·综合,yes,Alawla TV,IQ,1,,Alawla TV,02,
海外·综合,yes,Alborz,IR,1,,Alborz,02,
海外·综合,yes,Alcarrizos TV,DO,1,,Alcarrizos TV (720p) [Not 24/7],02,
海外·综合,yes,Aleph Business,RO,1,,Aleph Business (1280p),02,
海外·综合,yes,Alex Berlin,DE,1,,Alex Berlin (1080p),02,
海外·综合,yes,Alfa,FI,1,,Alfa Ⓢ,11,
海外·综合,yes,Alkhuzama Radio,SA,1,,Alkhuzama Radio (1080p),02,
海外·综合,yes,Allgäu TV,DE,1,,Allgäu TV (1080p),02,
海外·综合,yes,Alma TV,IT,1,,Alma TV,11,
海外·综合,yes,Almaty TV,KZ,1,,Almaty TV (576p),02,
海外·综合,yes,Alpauno,IT,1,,Alpauno,11,
海外·综合,yes,Alpe d’Huez TV,FR,1,,Alpe d’Huez TV (720p) [Not 24/7],02,
海外·综合,yes,Alpha TV,GR,1,,Alpha TV (1080p);AlphaTV,02;11,
海外·综合,yes,Alsacias Televisión (ATV | Canal 28),HN,1,,Alsacias Televisión (ATV | Canal 28) (720p),02,
海外·综合,yes,Altanto TV,DO,1,,Altanto TV (1080p) [Not 24/7],02,
海外·综合,yes,Altas TV,TR,1,,Altas TV (1080p),02,
海外·综合,yes,Altena TV,NL,1,,Altena TV (720p),02,
海外·综合,yes,Alternativa TV,CL,1,,Alternativa TV (720p),02,
海外·综合,yes,Althania,SY,1,,Althania (1080p),02,
海外·综合,yes,Alto Adige TV,IT,1,,Alto Adige TV (720p);Alto Adige Tv,02;11,
海外·综合,yes,Altyn Asyr,TM,1,,Altyn Asyr (406p) [Not 24/7];Altyn Asyr,02;11,
海外·综合,yes,Alvin Channel TV,AZ,1,,Alvin Channel TV (360p) [Not 24/7],02,
海外·综合,yes,Amaga Television,CO,1,,Amaga Television (720p),02,
海外·综合,yes,Amazon Sat,BR,1,,Amazon Sat (1080p),02,
海外·综合,yes,Amazonia TV,PE,1,,Amazonia TV,02,
海外·综合,yes,Ame 47,DO,1,,Ame 47 (576p),02,
海外·综合,yes,America Paraguay,PY,1,,America Paraguay (720p),02,
海外·综合,yes,America TV,AR,1,,America TV (720p),02,
海外·综合,yes,America's Test Kitchen,US,1,,America's Test Kitchen (720p),02,
海外·综合,yes,Ameritrade,US,1,,Ameritrade (1080p) [Not 24/7],02,
海外·综合,yes,Amga TV,US,1,,Amga TV (720p) [Not 24/7],02,
海外·综合,yes,Amitel TV,BO,1,,Amitel TV (720p),02,
海外·综合,yes,Amman TV,JO,1,,Amman TV (720p),02,
海外·综合,yes,Amouzesh,IR,1,,Amouzesh;IRIB Amoozesh Ⓢ,02;11,IRIB Amoozesh
海外·综合,yes,América Estéreo Guayaquil,EC,1,,América Estéreo Guayaquil (360p),02,
海外·综合,yes,América Estéreo Ibarra,EC,1,,América Estéreo Ibarra (720p),02,
海外·综合,yes,América Estéreo Quito,EC,1,,América Estéreo Quito (1080p),02,
海外·综合,yes,América Estéreo Tulcán,EC,1,,América Estéreo Tulcán (614p),02,
海外·综合,yes,Anadolu Net TV,TR,1,,Anadolu Net TV (1080p),02,
海外·综合,yes,Anand TV (UK),UK,1,,Anand TV (720p) [Not 24/7],02,
海外·综合,yes,Andorra TV,AD,1,,Andorra TV (1080p);Andorra TV,02;11,
海外·综合,yes,Andromeda – Pluto TV,,1,,Andromeda – Pluto TV,11,
海外·综合,yes,Anime – Pluto TV,,1,,Anime – Pluto TV,11,
海外·综合,yes,Antena 1,PE,1,,Antena 1 (1080p),02,
海外·综合,yes,Antena SUR,PE,1,,Antena SUR (720p),02,
海外·综合,yes,Antena Seis TV,CR,1,,Antena Seis TV (720p) [Geo-blocked],02,
海外·综合,yes,Antena Uno RadioVideo,EC,1,,Antena Uno RadioVideo (360p),02,
海外·综合,yes,Antenna 2 TV,IT,1,,Antenna 2 TV (720p);Antenna 2 Bergamo,02;11,Antenna 2 Bergamo
海外·综合,yes,Antenna 3 Massa,IT,1,,Antenna 3 Massa,11,
海外·综合,yes,Antenna 3 Veneto Nord Est,IT,1,,Antenna 3 Veneto Nord Est,11,
海外·综合,yes,Antenna Sicilia,IT,1,,Antenna Sicilia,11,
海外·综合,yes,Antenne Réunion,FR,1,,Antenne Réunion (720p) [Not 24/7],02,
海外·综合,yes,Antofagasta TV (ATV),CL,1,,Antofagasta TV (ATV) (1080p),02,
海外·综合,yes,Anzoátegui TV,VE,1,,Anzoátegui TV (360p) [Not 24/7],02,
海外·综合,yes,Apsara TV11,KH,1,,Apsara TV11 (720p),02,
海外·综合,yes,Apsua TV,GE,1,,Apsua TV,02,
海外·综合,yes,Arabí TV,ES,1,,Arabí TV (1080p),02,
海外·综合,yes,Araruna TV,BR,1,,Araruna TV,02,
海外·综合,yes,Arax TV,IR,1,,Arax TV,02,
海外·综合,yes,Argentinísima Satelital,AR,1,,Argentinísima Satelital (540p),02,
海外·综合,yes,Arges TV,RO,1,,Arges TV (720p),02,
海外·综合,yes,Aristanis SuperTv,IT,1,,Aristanis SuperTv,11,
海外·综合,yes,Arkadag TV,TM,1,,Arkadag TV (406p) [Not 24/7];ARKADAG,02;11,ARKADAG
海外·综合,yes,Arko TV,IR,1,,Arko TV,02,
海外·综合,yes,Armenia 1,AM,1,,Armenia 1 (1080p);Armenia 1,02;11,
海外·综合,yes,Armenia 1 America,AM,1,,Armenia 1 America (1080p),02,
海外·综合,yes,Armenia 1 Sattelite,AM,1,,Armenia 1 Sattelite (1080p),02,
海外·综合,yes,Armenia 2,AM,1,,Armenia 2 (1080p),02,
海外·综合,yes,Armenia TV,AM,1,,Armenia TV Ⓢ,11,
海外·综合,yes,Armenia TV Satellite,AM,1,,Armenia TV Satellite (576p),02,
海外·综合,yes,Arte 1,BR,1,,Arte 1 (720p),02,
海外·综合,yes,Arte Network Orler,IT,1,,Arte Network Orler,11,
海外·综合,yes,Aruba.TV,AW,1,,Aruba.TV (1080p),02,
海外·综合,yes,Arvan TV,IR,1,,Arvan TV,02,
海外·综合,yes,Aryan TV National,IN,1,,Aryan TV National (576p),02,
海外·综合,yes,AsianBox,MN,1,,AsianBox,11,
海外·综合,yes,Asil TV,IR,1,,Asil TV (576p),02,
海外·综合,yes,Aspire TV Life,US,1,,Aspire TV Life (1080p),02,
海外·综合,yes,Assen TV,NL,1,,Assen TV (720p),02,
海外·综合,yes,Astana TV,KZ,1,,Astana TV (576p),02,
海外·综合,yes,Astro Blitar TV,ID,1,,Astro Blitar TV (720p),02,
海外·综合,yes,Atabal TV,DO,1,,Atabal TV (1080p) [Not 24/7],02,
海外·综合,yes,Atacama TV,CL,1,,Atacama TV,02,
海外·综合,yes,Atameken Business,KZ,1,,Atameken Business (576p),02,
海外·综合,yes,Atlanta Channel,US,1,,Atlanta Channel (720p),02,
海外·综合,yes,Atlanta's 57 WATC TOO 57.2,US,1,,Atlanta's 57 WATC TOO 57.2 (720p),02,
海外·综合,yes,Atrak,IR,1,,Atrak,02,
海外·综合,yes,Atrina TV,IR,1,,Atrina TV,02,
海外·综合,yes,Augsburg TV,DE,1,,Augsburg TV (1080p),02,
海外·综合,yes,Aupur Television,CO,1,,Aupur Television (1080p),02,
海外·综合,yes,Aurora Arte,IT,1,,Aurora Arte (480p);Aurora Arte,02;11,
海外·综合,yes,Austral TV,EC,1,,Austral TV (1080p),02,
海外·综合,yes,Autentic Travel,DE,1,,Autentic Travel (1080p),02,
海外·综合,yes,Auto TV,MN,1,,Auto TV (720p),11,
海外·综合,yes,Autonoma TV,CL,1,,Autonoma TV,02,
海外·综合,yes,Autostop per il cielo – Pluto TV,,1,,Autostop per il cielo – Pluto TV,11,
海外·综合,yes,Auténtica Televisión,PE,1,,Auténtica Televisión (720p) [Not 24/7],02,
海外·综合,yes,Avar TV,IQ,1,,Avar TV (1080p),02,
海外·综合,yes,Avatar – Pluto TV,,1,,Avatar – Pluto TV,11,
海外·综合,yes,Avers,UA,1,,Avers (480p),02,
海外·综合,yes,Avto24,RU,1,,Avto24 (576p),02,
海外·综合,yes,Ayaz TV,AZ,1,,Ayaz TV (720p),02,
海外·综合,yes,Aysen TV,CL,1,,Aysen TV (720p),02,
海外·综合,yes,Ayush TV,IN,1,,Ayush TV (576p),02,
海外·综合,yes,Az TV,AZ,1,,Az TV (1080p);AZTV Ⓢ,02;11,
海外·综合,yes,Azerbaijan Gharbi,IR,1,,Azerbaijan Gharbi,02,
海外·综合,yes,Azteca Honduras,HN,1,,Azteca Honduras (720p),02,
海外·综合,yes,Azzurra TV,IT,1,,Azzurra TV (576p);Azzurra Tv Vco,02;11,Azzurra Tv Vco
海外·综合,yes,Aşgabat,TM,1,,Aşgabat (406p) [Not 24/7];Ashgabat,02;11,Ashgabat
海外·综合,yes,B15 Fresnillo,MX,1,,B15 Fresnillo (1080p),02,
海外·综合,yes,B15 Zacatecas,MX,1,,B15 Zacatecas (1080p),02,
海外·综合,yes,BATV Government Channel,US,1,,BATV Government Channel,02,
海外·综合,yes,BATV Public Channel,US,1,,BATV Public Channel,02,
海外·综合,yes,BBC Drama – Pluto TV,,1,,BBC Drama – Pluto TV,11,
海外·综合,yes,BBC Food,US,1,,BBC Food,11,
海外·综合,yes,BBC Home,US,1,,BBC Home,11,
海外·综合,yes,BBC Travel,US,1,,BBC Travel,02,
海外·综合,yes,BBS TV,UG,1,,BBS TV,02,
海外·综合,yes,BBS 불교 방송,,1,,BBS 불교 방송,14,
海外·综合,yes,BCN Gospel TV,ES,1,,BCN Gospel TV HD (720p),02,
海外·综合,yes,BCS StarCross TV,NG,1,,BCS StarCross TV (576p),02,
海外·综合,yes,BIG Civic Channel,US,1,,BIG Civic Channel,02,
海外·综合,yes,BIG Community Channel,US,1,,BIG Community Channel,02,
海外·综合,yes,BLK Regional TV,DE,1,,BLK Regional TV (1080p),02,
海外·综合,yes,BMC- TV,US,1,,BMC-HD TV (720p),02,
海外·综合,yes,BMG TV,GE,1,,BMG TV,02,
海外·综合,yes,BNB Digital,PE,1,,BNB Digital (720p),02,
海外·综合,yes,BNR Nieuwsradio,NL,1,,BNR Nieuwsradio (720p) [Geo-blocked],02,
海外·综合,yes,BR Fernsehen Nord,DE,1,,BR Fernsehen Nord (720p);BR Nord Ⓖ,02;11,BR Nord
海外·综合,yes,BR Fernsehen Sud,DE,1,,BR Fernsehen Sud (1080p);BR Süd Ⓖ,02;11,BR Süd
海外·综合,yes,BR6 TV,NL,1,,BR6 TV (720p),02,
海外·综合,yes,BRTV (ID),ID,1,,BRTV (720p),02,
海外·综合,yes,BRTV (TR),TR,1,,BRTV (720p) [Geo-blocked],02,
海外·综合,yes,BS Film,PK,1,,BS Film (576p),02,
海外·综合,yes,BSTV,PK,1,,BSTV (576p),02,
海外·综合,yes,BTB,PL,1,,BTB (1080p),02,
海外·综合,yes,BTB 2,PL,1,,BTB 2 (1080p),02,
海外·综合,yes,BTB 3,PL,1,,BTB 3 (1080p),02,
海外·综合,yes,BTN TV (RW),RW,1,,BTN TV,02,
海外·综合,yes,BVC,AR,1,,BVC,02,
海外·综合,yes,Bahrain International,BH,1,,Bahrain International (720p) [Not 24/7],02,
海外·综合,yes,Bahrain TV,BH,1,,Bahrain TV (720p) [Not 24/7],02,
海外·综合,yes,Bajai TV,HU,1,,Bajai TV (720p),02,
海外·综合,yes,Bajo Techo TV,DO,1,,Bajo Techo TV (1080p) [Not 24/7],02,
海外·综合,yes,Balaton TV,HU,1,,Balaton TV (432p);Balaton TV,02;11,
海外·综合,yes,Balchi TV,AW,1,,Balchi TV,02,
海外·综合,yes,Balikpapan TV,ID,1,,Balikpapan TV (720p),02,
海外·综合,yes,Ballcasterz,CZ,1,,Ballcasterz,02,
海外·综合,yes,Balticum TV,LT,1,,Balticum TV (576p),02,
海外·综合,yes,Bandung TV,ID,1,,Bandung TV (360p),02,
海外·综合,yes,Bangla Vision,BD,1,,Bangla Vision (720p),02,
海外·综合,yes,Bani Vision,DO,1,,Bani Vision (720p) [Not 24/7],02,
海外·综合,yes,Banjar TV,ID,1,,Banjar TV (720p) [Not 24/7],02,
海外·综合,yes,Bantan,MN,1,,Bantan,11,
海外·综合,yes,Banten TV,ID,1,,Banten TV (720p) [Not 24/7],02,
海外·综合,yes,Banyumas TV,ID,1,,Banyumas TV (720p) [Not 24/7],02,
海外·综合,yes,Baran,IR,1,,Baran,02,
海外·综合,yes,Barrandov Krimi,CZ,1,,Barrandov Krimi (1080p),02,
海外·综合,yes,Batam TV,ID,1,,Batam TV (480p) [Not 24/7],02,
海外·综合,yes,Bayres TV,AR,1,,Bayres TV (720p),02,
海外·综合,yes,Beach TV Florida & Alabama,US,1,,Beach TV Florida & Alabama (720p),02,
海外·综合,yes,Beach TV Key West & Florida Keys,US,1,,Beach TV Key West & Florida Keys (720p),02,
海外·综合,yes,Beach TV Myrtle Beach & The Grand Strand,US,1,,Beach TV Myrtle Beach & The Grand Strand (720p),02,
海外·综合,yes,Beach TV Panama City,US,1,,Beach TV Panama City (720p),02,
海外·综合,yes,Bebeto TV,DO,1,,Bebeto TV (1080p) [Not 24/7],02,
海外·综合,yes,Belarus-1,BY,1,,Belarus-1 (1080p),02,
海外·综合,yes,Bella Abanquina TV,PE,1,,Bella Abanquina TV (720p),02,
海外·综合,yes,Bella e Monella TV,IT,1,,Bella e Monella TV,11,
海外·综合,yes,Belsat TV,PL,1,,Belsat TV (576p),02,
海外·综合,yes,Berks Community TV,US,1,,Berks Community TV (1080p),02,
海外·综合,yes,Best of BATV Channel,US,1,,Best of BATV Channel,02,
海外·综合,yes,Better Health TV,US,1,,Better Health TV (480p),02,
海外·综合,yes,Better Life Nature Channel,US,1,,Better Life Nature Channel (480p),02,
海外·综合,yes,Beverly Hillbillies,US,1,,Beverly Hillbillies,02,
海外·综合,yes,Beverly Hills Television 10,US,1,,Beverly Hills Television 10 (720p),02,
海外·综合,yes,Beverly Hills Television 35,US,1,,Beverly Hills Television 35 (720p),02,
海外·综合,yes,Beyond Belief: Fact or Fiction,US,1,,Beyond Belief: Fact or Fiction,02,
海外·综合,yes,Bibel TV,DE,1,,Bibel TV (720p),02,
海外·综合,yes,Bibel TV Impuls,DE,1,,Bibel TV Impuls (720p),02,
海外·综合,yes,Big Planet,RU,1,,Big Planet (576p),02,
海外·综合,yes,Big Radio,,1,,Big Radio,14,
海外·综合,yes,Big Ten Network,US,1,,Big Ten Network (720p),02,
海外·综合,yes,Big Time Plus,SA,1,,Big Time Plus (1080p),02,
海外·综合,yes,Bigtime,PL,1,,Bigtime,02,
海外·综合,yes,Bigudi,UA,1,,Bigudi (576p),02,
海外·综合,yes,Binge,US,1,,Binge,02,
海外·综合,yes,Bio Bio TV,CL,1,,Bio Bio TV,11,
海外·综合,yes,Bir TV,TR,1,,Bir TV (720p),02,
海外·综合,yes,Biz TV (US),US,1,,Biz TV (1080p);Biz TV,02;11,
海外·综合,yes,Bizz TV,TT,1,,Bizz TV (1080p),02,
海外·综合,yes,Black Sea TV,UA,1,,Black Sea TV,02,
海外·综合,yes,Bloomberg TV Mongolia,MN,1,,Bloomberg TV Mongolia HD (720p),11,
海外·综合,yes,Blu Radio,CO,1,,Blu Radio (720p),02,
海外·综合,yes,Boas Novas,BR,1,,Boas Novas (1080p),02,
海外·综合,yes,Bober,RU,1,,Bober (576p),02,
海外·综合,yes,Boca Chica TV,DO,1,,Boca Chica TV (720p) [Not 24/7],02,
海外·综合,yes,Boligkjøp i blinde,SE,1,,Boligkjøp i blinde,02,
海外·综合,yes,Boligkøb i blinde,SE,1,,Boligkøb i blinde,02,
海外·综合,yes,Bolivia TV,BO,1,,Bolivia TV (1080p),02,
海外·综合,yes,Bom Channel,IT,1,,Bom Channel (720p);BOM Channel,02;11,
海外·综合,yes,Bon Dia TV,ES,1,,Bon Dia TV (1080p);Bon Dia,02;11,Bon Dia
海外·综合,yes,Bonaire.tv,BQ,1,,Bonaire.tv (1080p) [Not 24/7],02,
海外·综合,yes,Bonao TV,DO,1,,Bonao TV (720p) [Not 24/7],02,
海外·综合,yes,Bouke,BE,1,,Bouke (504p),02,
海外·综合,yes,Bounce,US,1,,Bounce (720p),02,
海外·综合,yes,Bravo,US,1,,Bravo (720p),02,
海外·综合,yes,Bravo TV,AR,1,,Bravo TV (1080p),02,
海外·综合,yes,Brevard County Government Access TV (Brevard FL),US,1,,Brevard County Government Access TV (Brevard FL) (720p),02,
海外·综合,yes,Bride TV,NG,1,,Bride TV (576p),02,
海外·综合,yes,Brionnais TV,FR,1,,Brionnais TV (720p),02,
海外·综合,yes,Brit Asia TV,UK,1,,Brit Asia TV (1080p),02,
海外·综合,yes,Bruno Masi TV,PY,1,,Bruno Masi TV (720p),02,
海外·综合,yes,Budapest Európa Televízió,HU,1,,Budapest Európa Televízió (576p);Budapest Európa TV,02;11,Budapest Európa TV
海外·综合,yes,Bukedde TV 1,UG,1,,Bukedde TV 1 (576p),02,
海外·综合,yes,Bukedde TV 2,UG,1,,Bukedde TV 2 (576p) [Not 24/7],02,
海外·综合,yes,Bungo TV,ID,1,,Bungo TV (480p) [Not 24/7],02,
海外·综合,yes,Bushehr,IR,1,,Bushehr,02,
海外·综合,yes,Buying Blind Denmark,SE,1,,Buying Blind Denmark,02,
海外·综合,yes,Buzzfeed Unsolved,PL,1,,Buzzfeed Unsolved,02,
海外·综合,yes,C Malayalam TV,CA,1,,C Malayalam TV (1080p),02,
海外·综合,yes,C1,MN,1,,C1,11,
海外·综合,yes,C31 Melbourne,AU,1,,C31 Melbourne (240p);C31 Melbourne,02;11,
海外·综合,yes,CAN TV19,US,1,,CAN TV19 (1080p),02,
海外·综合,yes,CAN TV21,US,1,,CAN TV21 (1080p),02,
海外·综合,yes,CAN TV27,US,1,,CAN TV27 (1080p),02,
海外·综合,yes,CAN TV36,US,1,,CAN TV36 (1080p),02,
海外·综合,yes,CANAL M Television,PE,1,,CANAL M Television (720p),02,
海外·综合,yes,CB TV Michoacan,MX,1,,CB TV Michoacan,02,
海外·综合,yes,CBC TV8,BB,1,,CBC TV8 (1080p) [Not 24/7],02,
海外·综合,yes,CBN TV,VG,1,,CBN TV (720p),02,
海外·综合,yes,CBS 3 Omaha NE (KMTV),US,1,,CBS 3 Omaha NE (KMTV) (720p),02,
海外·综合,yes,CBS 3 Omaha(KMTV),,1,,CBS 3 Omaha(KMTV),26,
海外·综合,yes,CBS 6 Richmond VA (WTVR),US,1,,CBS 6 Richmond VA (WTVR) (720p),02,
海外·综合,yes,CBS 8 Des Moines IA (KCCI),US,1,,CBS 8 Des Moines IA (KCCI) (720p),02,
海外·综合,yes,CBS 9 Oklahoma City OK (KWTV-DT1),US,1,,CBS 9 Oklahoma City OK (KWTV-DT1) (720p) [Not 24/7],02,
海外·综合,yes,CBS KMOV,US,1,,CBS KMOV (1080p),02,
海外·综合,yes,CCV,IN,1,,CCV (480p),02,
海外·综合,yes,CDN,DO,1,,CDN (576p),02,
海外·综合,yes,CFM TV Channel 98,US,1,,CFM TV Channel 98 (360p),02,
海外·综合,yes,CHTV,HN,1,,CHTV (1080p),02,
海外·综合,yes,CJ OnStyle,KR,1,,CJ OnStyle (540p);CJ OnStyle,02;14,
海外·综合,yes,CJ OnStyle Plus,KR,1,,CJ OnStyle Plus (540p);CJ OnStyle Plus,02;14,
海外·综合,yes,CK 1,UA,1,,CK 1,11,
海外·综合,yes,CLTV 36,PH,1,,CLTV 36 (720p) [Not 24/7],02,
海外·综合,yes,CMM TV,ES,1,,CMM TV HD (1080p),02,
海外·综合,yes,CNBC Arabiya,AE,1,,CNBC Arabiya (1080p),02,
海外·综合,yes,CNBC Awaaz,IN,1,,CNBC Awaaz (1080p),02,
海外·综合,yes,CNBC Europe,UK,1,,CNBC Europe,11,
海外·综合,yes,CNBC MGL,MN,1,,CNBC MGL,11,
海外·综合,yes,CNBC TV18,IN,1,,CNBC TV18 (1080p),02,
海外·综合,yes,CNBC TV18 Prime,IN,1,,CNBC TV18 Prime HD (1080p),02,
海外·综合,yes,CNC Bugavisión,CO,1,,CNC Bugavisión (720p),02,
海外·综合,yes,CNC Pereira,CO,1,,CNC Pereira (720p),02,
海外·综合,yes,CNC Santander de Quilichao,CO,1,,CNC Santander de Quilichao (480p),02,
海外·综合,yes,CNC Tulua,CO,1,,CNC Tulua (1080p),02,
海外·综合,yes,CNC Valledupar,CO,1,,CNC Valledupar (720p),02,
海外·综合,yes,CNT Mas TV,DO,1,,CNT Mas TV (720p) [Not 24/7],02,
海外·综合,yes,CR Televisión Moyobamba,PE,1,,CR Televisión Moyobamba (720p) [Not 24/7],02,
海外·综合,yes,CSI en Español,US,1,,CSI en Español,02,
海外·综合,yes,CT-N Court Feed,US,1,,CT-N Court Feed (360p) [Not 24/7],02,
海外·综合,yes,CT-N TV Conneticut,US,1,,CT-N TV Conneticut (720p) [Not 24/7],02,
海外·综合,yes,CTT Canal 49,DO,1,,CTT Canal 49 (1080p) [Not 24/7],02,
海外·综合,yes,CTV,BO,1,,CTV (1080p),02,
海外·综合,yes,CV Vision TV,DO,1,,CV Vision TV (288p) [Geo-blocked],02,
海外·综合,yes,CVN TV,PE,1,,CVN TV,02,
海外·综合,yes,CVR Health,IN,1,,CVR Health (576p),02,
海外·综合,yes,CVTV Channel 192,US,1,,CVTV Channel 192 (1080p),02,
海外·综合,yes,CVTV Channel 194,US,1,,CVTV Channel 194 (1080p),02,
海外·综合,yes,Cable Imagen Armstrong,AR,1,,Cable Imagen Armstrong (540p) [Not 24/7],02,
海外·综合,yes,Cadena A,BO,1,,Cadena A (576p),02,
海外·综合,yes,Cadena103.TV,AR,1,,Cadena103.TV,02,
海外·综合,yes,Cafe Trade TV,IR,1,,Cafe Trade TV,02,
海外·综合,yes,CafeTV24,IT,1,,CafeTV24 (720p);Cafe Tv 24,02;11,
海外·综合,yes,CafeTV24 Veneto,,1,,CafeTV24 Veneto,14,
海外·综合,yes,Caillou,FR,1,,Caillou,02,
海外·综合,yes,Cajamarca TV,PE,1,,Cajamarca TV (720p),02,
海外·综合,yes,Calabasas Channel,US,1,,Calabasas Channel (480p),02,
海外·综合,yes,Calabria TV,IT,1,,Calabria TV;Calabria tv,02;11,
海外·综合,yes,Calabria Uno Tv,IT,1,,Calabria Uno Tv,11,
海外·综合,yes,Caldera Vision,CL,1,,Caldera Vision,02,
海外·综合,yes,Camera dei Deputati (via RR),IT,1,,Camera dei Deputati (via RR) (240p);Camera dei Deputati Ⓢ,02;11,Camera dei Deputati
海外·综合,yes,Campo Abierto TV,CL,1,,Campo Abierto TV (720p),02,
海外·综合,yes,Campus TV (Talca),CL,1,,Campus TV (Talca) (720p) [Not 24/7],02,
海外·综合,yes,Canada One,CA,1,,Canada One (720p) [Not 24/7];「CA」 CanadaOne,02;14,
海外·综合,yes,Canaf54 TV,UK,1,,Canaf54 TV,02,
海外·综合,yes,Canal 1 (CO),CO,1,,Canal 1 (576p),02,
海外·综合,yes,Canal 1 (CR),CR,1,,Canal 1 (720p) [Not 24/7];Canal 1,02;11,
海外·综合,yes,Canal 1 Nuble,CL,1,,Canal 1 Nuble,02,
海外·综合,yes,Canal 10 Chiapas,MX,1,,Canal 10 Chiapas (720p),02,
海外·综合,yes,Canal 10 Empordà,ES,1,,Canal 10 Empordà (360p) [Not 24/7],02,
海外·综合,yes,Canal 11 (GT),GT,1,,Canal 11 (720p),02,
海外·综合,yes,Canal 11 (HN),HN,1,,Canal 11 (1080p),02,
海外·综合,yes,Canal 11 TuTV,SV,1,,Canal 11 TuTV (349p),02,
海外·综合,yes,Canal 12,SV,1,,Canal 12 (576p),02,
海外·综合,yes,Canal 12 Web,AR,1,,Canal 12 Web,02,
海外·综合,yes,Canal 13 (CL),CL,1,,Canal 13 (1080p),02,
海外·综合,yes,Canal 13 (GT),GT,1,,Canal 13 (720p),02,
海外·综合,yes,Canal 13 San Luis,AR,1,,Canal 13 San Luis,02,
海外·综合,yes,Canal 14 San Carlos,CR,1,,Canal 14 San Carlos (720p) [Not 24/7],02,
海外·综合,yes,Canal 17 RTVD,DO,1,,Canal 17 RTVD (1080p),02,
海外·综合,yes,Canal 2,SV,1,,Canal 2 (720p),02,
海外·综合,yes,Canal 2 Alpavisión Neiva,CO,1,,Canal 2 Alpavisión Neiva (720p) [Not 24/7],02,
海外·综合,yes,Canal 2 Gualeguay,AR,1,,Canal 2 Gualeguay,02,
海外·综合,yes,Canal 2 Misiones,AR,1,,Canal 2 Misiones (1080p),02,
海外·综合,yes,Canal 2 NexTV Rafaela,AR,1,,Canal 2 NexTV Rafaela (720p),02,
海外·综合,yes,Canal 2000 La Solana,ES,1,,Canal 2000 La Solana (720p) [Not 24/7],02,
海外·综合,yes,Canal 21 Huancayo,PE,1,,Canal 21 Huancayo (720p),02,
海外·综合,yes,Canal 21 TV,AR,1,,Canal 21 TV (1080p),02,
海外·综合,yes,Canal 21 Táchira,VE,1,,Canal 21 Táchira (360p),02,
海外·综合,yes,Canal 22,AR,1,,Canal 22 (720p),02,
海外·综合,yes,Canal 22 Nacional,MX,1,,Canal 22 Nacional (720p) [Geo-blocked],02,
海外·综合,yes,Canal 26 Aguascalientes,MX,1,,Canal 26 Aguascalientes (1080p),02,
海外·综合,yes,Canal 3 Biar,ES,1,,Canal 3 Biar (480p) [Not 24/7],02,
海外·综合,yes,Canal 3 Impresionante,SV,1,,Canal 3 Impresionante (480p),02,
海外·综合,yes,Canal 3 La Pampa,AR,1,,Canal 3 La Pampa (1080p),02,
海外·综合,yes,Canal 3 Las Heras,AR,1,,Canal 3 Las Heras (720p),02,
海外·综合,yes,Canal 3 Pinamar,AR,1,,Canal 3 Pinamar,02,
海外·综合,yes,Canal 3 Tacural,AR,1,,Canal 3 Tacural,02,
海外·综合,yes,Canal 30 Loncomilla,CL,1,,Canal 30 Loncomilla (720p),02,
海外·综合,yes,Canal 33 Madrid,ES,1,,Canal 33 Madrid,02,
海外·综合,yes,Canal 4,SV,1,,Canal 4 (1080p),02,
海外·综合,yes,Canal 4 Esquel,AR,1,,Canal 4 Esquel,02,
海外·综合,yes,Canal 4 Mancha Centro,ES,1,,Canal 4 Mancha Centro (720p) [Not 24/7],02,
海外·综合,yes,Canal 4 Posadas,AR,1,,Canal 4 Posadas (576p),02,
海外·综合,yes,Canal 4 RD,DO,1,,Canal 4 RD (1080p);Canal RTVD 4,02;11,Canal RTVD 4
海外·综合,yes,Canal 4 Tenerife,ES,1,,Canal 4 Tenerife,11,
海外·综合,yes,Canal 4 Villa Dolores,AR,1,,Canal 4 Villa Dolores,02,
海外·综合,yes,Canal 44 Chihuahua,MX,1,,Canal 44 Chihuahua (720p) [Not 24/7],02,
海外·综合,yes,Canal 44 Ciudad Juárez,MX,1,,Canal 44 Ciudad Juárez (720p) [Not 24/7],02,
海外·综合,yes,Canal 45,ES,1,,Canal 45 (576p),02,
海外·综合,yes,Canal 5 Del Pueblo,AR,1,,Canal 5 Del Pueblo [Not 24/7],02,
海外·综合,yes,Canal 5 El Lider,HN,1,,Canal 5 El Lider (720p),02,
海外·综合,yes,Canal 5 Puerto Montt,CL,1,,Canal 5 Puerto Montt,02,
海外·综合,yes,Canal 5 Santa Fe,AR,1,,Canal 5 Santa Fe (240p),02,
海外·综合,yes,Canal 5 TV Chepes,AR,1,,Canal 5 TV Chepes,02,
海外·综合,yes,Canal 5 TV Cozumel,MX,1,,Canal 5 TV Cozumel (1080p),02,
海外·综合,yes,Canal 5 TV Max,PY,1,,Canal 5 TV Max (1080p),02,
海外·综合,yes,Canal 50 Morteros,AR,1,,Canal 50 Morteros,02,
海外·综合,yes,Canal 56,ES,1,,Canal 56 (576p) [Not 24/7],02,
海外·综合,yes,Canal 56 Quiero TV,BO,1,,Canal 56 Quiero TV (720p),02,
海外·综合,yes,Canal 6,SV,1,,Canal 6 (720p),02,
海外·综合,yes,Canal 6 Panadish,GT,1,,Canal 6 Panadish (720p),02,
海外·综合,yes,Canal 6 Posadas,AR,1,,Canal 6 Posadas (1080p),02,
海外·综合,yes,Canal 7 Jujuy,AR,1,,Canal 7 Jujuy,02,
海外·综合,yes,Canal 7 Neuquén,AR,1,,Canal 7 Neuquén (1080p),02,
海外·综合,yes,Canal 7 Salta,AR,1,,Canal 7 Salta (1080p),02,
海外·综合,yes,Canal 7 Santiago del Estero,AR,1,,Canal 7 Santiago del Estero (720p),02,
海外·综合,yes,Canal 7 Talanga Vision,HN,1,,Canal 7 Talanga Vision (720p),02,
海外·综合,yes,Canal 79 La Costa,AR,1,,Canal 79 La Costa (240p),02,
海外·综合,yes,Canal 79 Mar del Plata,AR,1,,Canal 79 Mar del Plata,02,
海外·综合,yes,Canal 79 Puan,AR,1,,Canal 79 Puan (240p),02,
海外·综合,yes,Canal 79 Santa Clara del Mar,AR,1,,Canal 79 Santa Clara del Mar (240p),02,
海外·综合,yes,Canal 79 Villa Maza,AR,1,,Canal 79 Villa Maza,02,
海外·综合,yes,Canal 8 C&C Producciones,PY,1,,Canal 8 C&C Producciones,02,
海外·综合,yes,Canal 8 Catacaos,PE,1,,Canal 8 Catacaos (720p) [Not 24/7],02,
海外·综合,yes,Canal 8 Mar del Plata,AR,1,,Canal 8 Mar del Plata (720p) [Not 24/7],02,
海外·综合,yes,Canal 8 San Juan,AR,1,,Canal 8 San Juan (720p) [Not 24/7],02,
海外·综合,yes,Canal 8 TV+,CO,1,,Canal 8 TV+ (720p),02,
海外·综合,yes,Canal 8 Vision TV,PY,1,,Canal 8 Vision TV (1080p),02,
海外·综合,yes,Canal 9 Barbe TV,GT,1,,Canal 9 Barbe TV (720p) [Not 24/7],02,
海外·综合,yes,Canal 9 Bío Bío Televisión,CL,1,,Canal 9 Bío Bío Televisión (1080p) [Not 24/7],02,
海外·综合,yes,Canal 9 Resistencia,AR,1,,Canal 9 Resistencia (720p),02,
海外·综合,yes,Canal 99 Miramar,AR,1,,Canal 99 Miramar,02,
海外·综合,yes,Canal Alpha Jura,CH,1,,Canal Alpha Jura (1080p),02,
海外·综合,yes,Canal Alpha Neuchatel,CH,1,,Canal Alpha Neuchatel (1080p) [Not 24/7],02,
海外·综合,yes,Canal Calima TV,CO,1,,Canal Calima TV (720p),02,
海外·综合,yes,Canal Capital,CO,1,,Canal Capital (1080p),02,
海外·综合,yes,Canal Catorce,DO,1,,Canal Catorce (1080p) [Not 24/7],02,
海外·综合,yes,Canal Claro,CL,1,,Canal Claro (720p),02,
海外·综合,yes,Canal Congreso,CO,1,,Canal Congreso (1080p),02,
海外·综合,yes,Canal Coín,ES,1,,Canal Coín (1080p),02,
海外·综合,yes,Canal DTV,DO,1,,Canal DTV (720p),02,
海外·综合,yes,Canal Diocesano,ES,1,,Canal Diocesano (576p),02,
海外·综合,yes,Canal Diplomatico,VE,1,,Canal Diplomatico,02,
海外·综合,yes,Canal Dos Yopal,CO,1,,Canal Dos Yopal (720p),02,
海外·综合,yes,Canal Doñana,ES,1,,Canal Doñana (720p) [Not 24/7],02,
海外·综合,yes,Canal Extremadura,ES,1,,Canal Extremadura,11,
海外·综合,yes,Canal Gov,BR,1,,Canal Gov (720p),02,
海外·综合,yes,Canal Institucional,CO,1,,Canal Institucional (720p),02,
海外·综合,yes,Canal Latino 54,CL,1,,Canal Latino 54 (360p),02,
海外·综合,yes,Canal Local,CL,1,,Canal Local (720p),02,
海外·综合,yes,Canal Motor,NO,1,,Canal Motor (720p),02,
海外·综合,yes,Canal Málaga RTV,ES,1,,Canal Málaga RTV (720p) [Not 24/7],02,
海外·综合,yes,Canal Más Televisión,CO,1,,Canal Más Televisión (720p),02,
海外·综合,yes,Canal Once,MX,1,,Canal Once,11,
海外·综合,yes,Canal Parlamento,ES,1,,Canal Parlamento (360p) [Not 24/7],02,
海外·综合,yes,Canal Parlamento del Congreso de Jalisco,MX,1,,Canal Parlamento del Congreso de Jalisco (720p) [Not 24/7],02,
海外·综合,yes,Canal Pro,PY,1,,Canal Pro,02,
海外·综合,yes,Canal Provincial,AR,1,,Canal Provincial (360p),02,
海外·综合,yes,Canal RCN,CO,1,,Canal RCN (1080p),02,
海外·综合,yes,Canal San Roque,ES,1,,Canal San Roque (1080p) [Not 24/7],02,
海外·综合,yes,Canal Savoir,CA,1,,Canal Savoir (360p);Savoir Média,02;11,Savoir Média
海外·综合,yes,Canal Sierra de Cádiz,ES,1,,Canal Sierra de Cádiz (1080p) [Not 24/7],02,
海外·综合,yes,Canal Sur Andalucía 2,ES,1,,Canal Sur Andalucía 2 (720p),02,
海外·综合,yes,Canal Survision Alerce,CL,1,,Canal Survision Alerce (720p),02,
海外·综合,yes,Canal TV3,CO,1,,Canal TV3 (720p) [Not 24/7],02,
海外·综合,yes,Canal Taronja Comarques Centrals,ES,1,,Canal Taronja Comarques Centrals (1080p) [Not 24/7],02,
海外·综合,yes,Canal Taronja Osona i Moianés,ES,1,,Canal Taronja Osona i Moianés (1080p) [Not 24/7],02,
海外·综合,yes,Canal Terrassa,ES,1,,Canal Terrassa (1080p),02,
海外·综合,yes,Canal del Sol,DO,1,,Canal del Sol (1080p) [Not 24/7],02,
海外·综合,yes,Canal del Sur,CL,1,,Canal del Sur (720p),02,
海外·综合,yes,Canal do Boi,BR,1,,Canal do Boi (720p),02,
海外·综合,yes,Canalda 26,DO,1,,Canalda 26 HD [Not 24/7],02,
海外·综合,yes,Canale 10,IT,1,,Canale 10,11,
海外·综合,yes,Canale 2 Altamura,IT,1,,Canale 2 Altamura (576p) [Not 24/7];Canale 2,02;11,Canale 2
海外·综合,yes,Canale 8,IT,1,,Canale 8 (480p),02,
海外·综合,yes,Canale 8 Campania,IT,1,,Canale 8 Campania,11,
海外·综合,yes,Canale Italia,IT,1,,Canale Italia,11,
海外·综合,yes,Cananga TV,DO,1,,Cananga TV (720p),02,
海外·综合,yes,Cannes Lérins TV,FR,1,,Cannes Lérins TV (1080p),02,
海外·综合,yes,Cao Bằng TV,VN,1,,Cao Bằng TV (720p),02,
海外·综合,yes,Caoba TV Radio,DO,1,,Caoba TV Radio (720p) [Not 24/7],02,
海外·综合,yes,Cape Town TV,ZA,1,,Cape Town TV (576p),02,
海外·综合,yes,Capricho TV,EC,1,,Capricho TV (720p) [Not 24/7],02,
海外·综合,yes,Car Chase – Pluto TV,,1,,Car Chase – Pluto TV,11,
海外·综合,yes,Car City Adventures,PL,1,,Car City Adventures,02,
海外·综合,yes,Caracol HD2,CO,1,,Caracol HD2 (1080p),02,
海外·综合,yes,Caracola TV,CL,1,,Caracola TV,02,
海外·综合,yes,Caribbean Hot 7 TV,LC,1,,Caribbean Hot 7 TV (720p),02,
海外·综合,yes,Carlsbad City TV Channel (Carlsbad CA),US,1,,Carlsbad City TV Channel (Carlsbad CA) (720p),02,
海外·综合,yes,Caruban TV,ID,1,,Caruban TV (1080p),02,
海外·综合,yes,Casa Italia 53,IT,1,,Casa Italia 53 (720p);Casa Italia 53,02;11,
海外·综合,yes,Casa Sanremo Tv,IT,1,,Casa Sanremo Tv,11,
海外·综合,yes,Cascara TV,DO,1,,Cascara TV (720p),02,
海外·综合,yes,Case Pazzesche – Pluto TV,,1,,Case Pazzesche – Pluto TV,11,
海外·综合,yes,Casma TV,PE,1,,Casma TV (720p),02,
海外·综合,yes,Catatumbo TV,VE,1,,Catatumbo TV (406p),02,
海外·综合,yes,Catfish – Pluto TV,,1,,Catfish – Pluto TV,11,
海外·综合,yes,Cay TV,TR,1,,Cay TV (720p),02,
海外·综合,yes,Celebrity Scene TV,US,1,,Celebrity Scene TV (720p),02,
海外·综合,yes,Cenovision,DO,1,,Cenovision HD (720p),02,
海外·综合,yes,Center TV,GR,1,,Center TV (1080p);Center TV,02;11,
海外·综合,yes,Central,MN,1,,Central HD,11,
海外·综合,yes,Central TV,CL,1,,Central TV (720p),02,
海外·综合,yes,Cerritos TV3,US,1,,Cerritos TV3 (360p),02,
海外·综合,yes,Chacra TV,AR,1,,Chacra TV,02,
海外·综合,yes,Champaign Government Television (CGTV) (Champaign IL),US,1,,Champaign Government Television (CGTV) (Champaign IL) (720p),02,
海外·综合,yes,Champion TV,CI,1,,Champion TV,02,
海外·综合,yes,Channel 10 (RU),RU,1,,Channel 10 (576i),02,
海外·综合,yes,Channel 10 (US),US,1,,Channel 10 (720p),02,
海外·综合,yes,Channel 11,MN,1,,Channel 11,11,
海外·综合,yes,Channel 11 (Scottsdale AZ),US,1,,Channel 11 (Scottsdale AZ),02,
海外·综合,yes,Channel 13,IL,1,,Channel 13 (1080p),02,
海外·综合,yes,Channel 18 GAC,US,1,,Channel 18 GAC,02,
海外·综合,yes,Channel 24,IL,1,,Channel 24 (1080p),02,
海外·综合,yes,Channel 44,AU,1,,Channel 44 (480p),02,
海外·综合,yes,Channel 5 International,RU,1,,Channel 5 International (576p),02,
海外·综合,yes,Channel 7,KZ,1,,Channel 7 (576p),02,
海外·综合,yes,Channel 8 (GR),GR,1,,Channel 8 (1080p),02,
海外·综合,yes,Channel 8 (UA),UA,1,,Channel 8,02,
海外·综合,yes,Channel 8 Krasnoyarsk,RU,1,,Channel 8 Krasnoyarsk HD (1080p),02,
海外·综合,yes,Channel 8 Novosibirsk,RU,1,,Channel 8 Novosibirsk (480i),02,
海外·综合,yes,Channel S,UK,1,,Channel S (576p),02,
海外·综合,yes,Charlotte County CC-TV (Charlotte County FA),US,1,,Charlotte County CC-TV (Charlotte County FA) (720p),02,
海外·综合,yes,Charoen Cable 37 TV,TH,1,,Charoen Cable 37 TV,02,
海外·综合,yes,Chef Champion,US,1,,Chef Champion (720p) [Not 24/7],02,
海外·综合,yes,Chef Roc Show,US,1,,Chef Roc Show (720p) [Not 24/7],02,
海外·综合,yes,Chef TV,BR,1,,Chef TV (720p),02,
海外·综合,yes,Chemnitz Fernsehen,DE,1,,Chemnitz Fernsehen (1080p),02,
海外·综合,yes,ChileVision,CL,1,,ChileVision (1080p),02,
海外·综合,yes,China Channel,CL,1,,China Channel (720p),02,
海外·综合,yes,Chino Hills City TV Channel 3/41,US,1,,Chino Hills City TV Channel 3/41 (360p),02,
海外·综合,yes,Christian Youth Channel,,1,,Christian Youth Channel,14,
海外·综合,yes,Christmas – Pluto TV,,1,,Christmas – Pluto TV,11,
海外·综合,yes,CineView,,1,,CineView,14,
海外·综合,yes,Cinema (MN),MN,1,,Cinema,11,
海外·综合,yes,Cinema Italiano – Pluto TV,IT,1,,Cinema Italiano – Pluto TV,11,
海外·综合,yes,Cinevault Westerns,US,1,,Cinevault Westerns (540p) [Geo-blocked],02,
海外·综合,yes,Cinevision Canal 19,DO,1,,Cinevision Canal 19 (1080p) [Not 24/7],02,
海外·综合,yes,Cira TV,DE,1,,Cira TV (1080p),02,
海外·综合,yes,Ciracu TV,EC,1,,Ciracu TV (720p) [Not 24/7],02,
海外·综合,yes,Cittaceleste Tv,IT,1,,Cittaceleste Tv,11,
海外·综合,yes,City TV (HU),HU,1,,City TV;CityTV (Belváros Lipótváros),02;11,CityTV (Belváros Lipótváros)
海外·综合,yes,CityTV San Diego,US,1,,CityTV San Diego (360p),02,
海外·综合,yes,Citytv Bogota,CO,1,,Citytv Bogota (1080p),02,
海外·综合,yes,Ciudad Magica,AR,1,,Ciudad Magica (720p),02,
海外·综合,yes,Ciudadano Radio,CL,1,,Ciudadano Radio (720p),02,
海外·综合,yes,Claro Televisión Dominicana,DO,1,,Claro Televisión Dominicana (360p),02,
海外·综合,yes,Classic TV,IR,1,,Classic TV,02,
海外·综合,yes,Classic TV Crime Drama,US,1,,Classic TV Crime Drama,02,
海外·综合,yes,Classic TV Drama,US,1,,Classic TV Drama,02,
海外·综合,yes,Classic TV: Families,US,1,,Classic TV: Families,02,
海外·综合,yes,Club TV,CL,1,,Club TV,02,
海外·综合,yes,Code Fashion TV,BG,1,,Code Fashion TV (1080p),02,
海外·综合,yes,Code Health TV,BG,1,,Code Health TV (1080p),02,
海外·综合,yes,Codigo TV,DO,1,,Codigo TV (1080p) [Not 24/7],02,
海外·综合,yes,Colome TV,DO,1,,Colome TV [Not 24/7],02,
海外·综合,yes,Color Vision,DO,1,,Color Vision (1280p) [Not 24/7],02,
海外·综合,yes,Colors Rishtey Americas,IN,1,,Colors Rishtey Americas (396p),02,
海外·综合,yes,Columna TV,RO,1,,Columna TV,02,
海外·综合,yes,Concepcion TV,CL,1,,Concepcion TV (720p),02,
海外·综合,yes,Concerto,,1,,Concerto,01,
海外·综合,yes,Concord TV (Concord CA),US,1,,Concord TV (Concord CA) (720p),02,
海外·综合,yes,ConecTV Brasil,BR,1,,ConecTV Brasil (720p),02,
海外·综合,yes,ConstanzaTV,DO,1,,ConstanzaTV (1080p) [Not 24/7],02,
海外·综合,yes,Consulenze illegali – Pluto TV,,1,,Consulenze illegali – Pluto TV,11,
海外·综合,yes,Continent E,UA,1,,Continent E (1080p),02,
海外·综合,yes,Controversia TV,PE,1,,Controversia TV (720p) [Not 24/7],02,
海外·综合,yes,Cool Channel,TH,1,,Cool Channel,02,
海外·综合,yes,Cool TV,MK,1,,Cool TV (1080p) [Not 24/7];Cool TV,02;11,
海外·综合,yes,Cooperativa,CL,1,,Cooperativa (720p),02,
海外·综合,yes,Coral TV,BO,1,,Coral TV (720p),02,
海外·综合,yes,Correa Radiovision,AR,1,,Correa Radiovision,02,
海外·综合,yes,Cosmos TV (PY),PY,1,,Cosmos TV (720p),02,
海外·综合,yes,Cosmovision,CO,1,,Cosmovision (720p),02,
海外·综合,yes,Costa Mesa's Municipal Access Channel CMTV 3,US,1,,Costa Mesa's Municipal Access Channel CMTV 3 (720p),02,
海外·综合,yes,Costa Noroeste TV,ES,1,,Costa Noroeste TV (1080p) [Not 24/7],02,
海外·综合,yes,Costa Rica Channel,CR,1,,Costa Rica Channel (576p) [Not 24/7],02,
海外·综合,yes,Coto Brus TV,CR,1,,Coto Brus TV (720p),02,
海外·综合,yes,Cotubanama TV,DO,1,,Cotubanama TV (1080p),02,
海外·综合,yes,Cowboy Channel,CA,1,,Cowboy Channel (1080p),02,
海外·综合,yes,Coyhaique TV,CL,1,,Coyhaique TV (720p),02,
海外·综合,yes,CreaLaTV,MX,1,,CreaLaTV (1080p),02,
海外·综合,yes,Cremona 1,IT,1,,Cremona 1,11,
海外·综合,yes,Creta,GR,1,,Creta (540p) [Not 24/7];Creta,02;11,
海外·综合,yes,Crime – Pluto TV,IT,1,,Crime – Pluto TV,11,
海外·综合,yes,CromTV,DO,1,,CromTV (1080p) [Not 24/7],02,
海外·综合,yes,Cruz TV,US,1,,Cruz TV,02,
海外·综合,yes,Crímenes imperfectos,US,1,,Crímenes imperfectos,02,
海外·综合,yes,Cubavision Internacional,CU,1,,Cubavision Internacional (720p) [Not 24/7],02,
海外·综合,yes,Cucina – Pluto TV,IT,1,,Cucina – Pluto TV,11,
海外·综合,yes,Cultura 24,PE,1,,Cultura 24,02,
海外·综合,yes,Cultura Fast,BR,1,,Cultura Fast (720p),02,
海外·综合,yes,Cusano Italia TV,IT,1,,Cusano Italia TV (720p);Cusano Italia Tv,02;11,
海外·综合,yes,Cypress Public Access Channel 36 (Cypress CA),US,1,,Cypress Public Access Channel 36 (Cypress CA) (360p),02,
海外·综合,yes,Cà Mau TV,VN,1,,Cà Mau TV (720p) [Geo-blocked],02,
海外·综合,yes,Cần Thơ TV1,VN,1,,Cần Thơ TV1 (1080p),02,
海外·综合,yes,Cần Thơ TV3,VN,1,,Cần Thơ TV3 (1080p),02,
海外·综合,yes,DBS TV,LC,1,,DBS TV,02,
海外·综合,yes,DC.gov Council Hearing Room 120 (Washington DC),US,1,,DC.gov Council Hearing Room 120 (Washington DC) (1080p),02,
海外·综合,yes,DCCouncilChannel.htm,,1,,DCCouncilChannel.htm,14,
海外·综合,yes,DD Arun Prabha,IN,1,,DD Arun Prabha (360p),02,
海外·综合,yes,DD Assam,IN,1,,DD Assam (504p),02,
海外·综合,yes,DD Bangla,IN,1,,DD Bangla (504p),02,
海外·综合,yes,DD Bharati,IN,1,,DD Bharati (720p),02,
海外·综合,yes,DD Chandana,IN,1,,DD Chandana (504p),02,
海外·综合,yes,DD Chhattisgarh,IN,1,,DD Chhattisgarh (720p),02,
海外·综合,yes,DD Girnar,IN,1,,DD Girnar (504p),02,
海外·综合,yes,DD Goa,IN,1,,DD Goa (504p),02,
海外·综合,yes,DD Haryana,IN,1,,DD Haryana (504p),02,
海外·综合,yes,DD Himachal Pradesh,IN,1,,DD Himachal Pradesh (504p),02,
海外·综合,yes,DD India,IN,1,,DD India (1080p),02,
海外·综合,yes,DD Jharkhand,IN,1,,DD Jharkhand (504p),02,
海外·综合,yes,DD Kashir,IN,1,,DD Kashir (504p),02,
海外·综合,yes,DD Madhya Pradesh,IN,1,,DD Madhya Pradesh (720p),02,
海外·综合,yes,DD Manipur,IN,1,,DD Manipur (504p),02,
海外·综合,yes,DD Meghalaya,IN,1,,DD Meghalaya (504p),02,
海外·综合,yes,DD Nagaland,IN,1,,DD Nagaland (504p),02,
海外·综合,yes,DD Odia,IN,1,,DD Odia (504p),02,
海外·综合,yes,DD Punjabi,IN,1,,DD Punjabi (504p),02,
海外·综合,yes,DD Rajasthan,IN,1,,DD Rajasthan (720p),02,
海外·综合,yes,DD Sahyadri,IN,1,,DD Sahyadri (504p),02,
海外·综合,yes,DD Saptagiri,IN,1,,DD Saptagiri (504p),02,
海外·综合,yes,DD Tamil,IN,1,,DD Tamil HD (1080p),02,
海外·综合,yes,DD Tripura,IN,1,,DD Tripura (504p),02,
海外·综合,yes,DD Urdu,IN,1,,DD Urdu (720p),02,
海外·综合,yes,DD Uttarakhand,IN,1,,DD Uttarakhand (720p),02,
海外·综合,yes,DD Yadagiri,IN,1,,DD Yadagiri (576p),02,
海外·综合,yes,DELTA TV (GR),GR,1,,DELTA TV (720p),02,
海外·综合,yes,DI.TV 80,IT,1,,DI.TV 80 (720p);Di.Tv 80,02;11,
海外·综合,yes,DIM,UA,1,,DIM (576p),02,
海外·综合,yes,DMAX,IT,1,,DMAX,11,
海外·综合,yes,DRTV,DK,1,,DRTV (1080p),02,
海外·综合,yes,DRTV International,CG,1,,DRTV International,02,
海外·综合,yes,DTV (HU),HU,1,,DTV (720p) [Not 24/7];DTV,02;11,
海外·综合,yes,DTV (PE),PE,1,,DTV (720p),02,
海外·综合,yes,DTV Den Bosch,NL,1,,DTV Den Bosch (1080p),02,
海外·综合,yes,DTV Maashorst,NL,1,,DTV Maashorst (1080p),02,
海外·综合,yes,DVTV Extra,CZ,1,,DVTV Extra,02,
海外·综合,yes,Dac TV,PE,1,,Dac TV (720p),02,
海外·综合,yes,Dacha,UA,1,,Dacha (1080p),02,
海外·综合,yes,Dangal TV,IN,1,,Dangal TV (720p),02,
海外·综合,yes,Dao Lane Xang,LA,1,,Dao Lane Xang (720p) [Not 24/7],02,
海外·综合,yes,Dasturxon TV,UZ,1,,Dasturxon TV (576p),02,
海外·综合,yes,Datis TV,IR,1,,Datis TV,02,
海外·综合,yes,DeFiance Media,PR,1,,DeFiance Media (1080p),02,
海外·综合,yes,Deejay TV,IT,1,,Deejay TV (1080p);Deejay TV,02;11,
海外·综合,yes,Deen TV,UK,1,,Deen TV (576p),02,
海外·综合,yes,Dej TV,IR,1,,Dej TV,02,
海外·综合,yes,Del Pueblo TV,DO,1,,Del Pueblo TV [Not 24/7],02,
海外·综合,yes,Delfi TV,LT,1,,Delfi TV,02;11,
海外·综合,yes,Delta Evros,GR,1,,Delta Evros,11,
海外·综合,yes,Delta TV (BO),BO,1,,Delta TV,02,
海外·综合,yes,Delta TV Canal 50,DO,1,,Delta TV Canal 50 (720p) [Not 24/7],02,
海外·综合,yes,Delta Tv (IT),IT,1,,Delta Tv,11,
海外·综合,yes,DeltaTV (PE),PE,1,,DeltaTV,02,
海外·综合,yes,Deluxe 139,IT,1,,Deluxe 139 (480p);Deluxe 139,02;11,
海外·综合,yes,Deluxe Lounge – Pluto TV,,1,,Deluxe Lounge HD – Pluto TV,11,
海外·综合,yes,Dena,IR,1,,Dena,02,
海外·综合,yes,Deniz Postası TV,TR,1,,Deniz Postası TV (720p) [Not 24/7],02,
海外·综合,yes,Denver 8 TV (Denver CO),US,1,,Denver 8 TV (Denver CO) (720p),02,
海外·综合,yes,Der TV,UK,1,,Der TV,02,
海外·综合,yes,DerryTV 17,US,1,,DerryTV 17 (720p),02,
海外·综合,yes,DesheBideshe TV,CA,1,,DesheBideshe TV,02,
海外·综合,yes,Deshi TV,CA,1,,Deshi TV (720p),02,
海外·综合,yes,Detroit Channel 10,US,1,,Detroit Channel 10,02,
海外·综合,yes,Detroit Channel 21,US,1,,Detroit Channel 21,02,
海外·综合,yes,Detroit Channel 68,US,1,,Detroit Channel 68,02,
海外·综合,yes,Dhoho TV,ID,1,,Dhoho TV (720p),02,
海外·综合,yes,Di.Tv 92,IT,1,,Di.Tv 92,11,
海外·综合,yes,Diadora TV,HR,1,,Diadora TV;Diadora,02;11,Diadora
海外·综合,yes,Diaspora 24,SN,1,,Diaspora 24 [Geo-blocked],02,
海外·综合,yes,Dien Bien TV,VN,1,,Dien Bien TV (1080p),02,
海外·综合,yes,Diez TV Las Villas,ES,1,,Diez TV Las Villas (1080p),02,
海外·综合,yes,Diez TV Úbeda,ES,1,,Diez TV Úbeda (1080p),02,
海外·综合,yes,Digital 15,DO,1,,Digital 15 (1080p),02,
海外·综合,yes,Digital Vision 63,DO,1,,Digital Vision 63 (720p) [Geo-blocked],02,
海外·综合,yes,Dikaya okhota,RU,1,,Dikaya okhota HD (1080p),02,
海外·综合,yes,Dikaya rybalka,RU,1,,Dikaya rybalka HD (1080p),02,
海外·综合,yes,Dikh TV,HU,1,,Dikh TV,02,
海外·综合,yes,Dikij,RU,1,,Dikij (576p),02,
海外·综合,yes,Discover Pakistan,PK,1,,Discover Pakistan (1080p),02,
海外·综合,yes,Discovery Channel,IT,1,,Discovery Channel,11,
海外·综合,yes,Disha TV,IN,1,,Disha TV (396p),02,
海外·综合,yes,District of Columbia Network (DCN),US,1,,District of Columbia Network (DCN) (1080p),02,
海外·综合,yes,Distrito TV,ES,1,,Distrito TV (1080p),02,
海外·综合,yes,Dit is Helmond,NL,1,,Dit is Helmond (480p),02,
海外·综合,yes,Diya TV,US,1,,Diya TV (1080p),02,
海外·综合,yes,Dmoda Channel,BO,1,,Dmoda Channel (1080p),02,
海外·综合,yes,DniproTV,UA,1,,DniproTV (1080p);Дніпро TV,02;11,Дніпро TV
海外·综合,yes,Doble C Television,PE,1,,Doble C Television (720p),02,
海外·综合,yes,Docevision,CL,1,,Docevision (720p),02,
海外·综合,yes,Docsville,,1,,Docsville,01,
海外·综合,yes,Doctor Who – Pluto TV,,1,,Doctor Who – Pluto TV,11,
海外·综合,yes,Documentari – Pluto TV,IT,1,,Documentari – Pluto TV,11,
海外·综合,yes,Domashnie Zhivotnye,RU,1,,Domashnie Zhivotnye (576p),02,
海外·综合,yes,Domashniy,RU,1,,Domashniy SD (576p),02,
海外·综合,yes,Dong Nai TV 3,VN,1,,Dong Nai TV 3 (720p),02,
海外·综合,yes,Donna TV,IT,1,,Donna TV Ⓢ,11,
海外·综合,yes,Dopa Channel,TH,1,,Dopa Channel,02,
海外·综合,yes,Dove Channel,US,1,,Dove Channel (1080p),02,
海外·综合,yes,Doyel TV,CA,1,,Doyel TV,02,
海外·综合,yes,Dr G Medical Examiner,PL,1,,Dr G Medical Examiner,02,
海外·综合,yes,Dragon TV International,CN,1,,Dragon TV International,02,
海外·综合,yes,Dresden Fernsehen,DE,1,,Dresden Fernsehen (1080p) [Not 24/7],02,
海外·综合,yes,Drive,RU,1,,Drive (576i),02,
海外·综合,yes,DroneTV,US,1,,DroneTV (1080p),02,
海外·综合,yes,Dubai TV International,AE,1,,Dubai TV International (1080p),02,
海外·综合,yes,Duck Hunting TV,US,1,,Duck Hunting TV (1080p),02,
海外·综合,yes,Dudelange TV,LU,1,,Dudelange TV (720p),02,
海外·综合,yes,Due Fantagenitori – Pluto TV,,1,,Due Fantagenitori – Pluto TV,11,
海外·综合,yes,Dukh Nivaran,CA,1,,Dukh Nivaran (720p) [Not 24/7],02,
海外·综合,yes,Duma TV,RU,1,,Duma TV (720p),02,
海外·综合,yes,Duna,HU,1,,Duna,02,
海外·综合,yes,Duna TV,HU,1,,Duna TV Ⓖ,11,
海外·综合,yes,Duna World,HU,1,,Duna World,02,
海外·综合,yes,Duna World / M4+ Sport,HU,1,,Duna World / M4+ Sport,11,
海外·综合,yes,Dunya Naw TV,AF,1,,Dunya Naw TV (576p),02,
海外·综合,yes,Dunyo bo'ylab,UZ,1,,Dunyo bo'ylab (1080p),02,
海外·综合,yes,Durangaldeko Telebista,ES,1,,Durangaldeko Telebista (576p),02,
海外·综合,yes,Dushevnoe,RU,1,,Dushevnoe HD (1080p),02,
海外·综合,yes,Duta TV,ID,1,,Duta TV (360p) [Not 24/7],02,
海外·综合,yes,Décima TV (Ancud),CL,1,,Décima TV (Ancud) (720p),02,
海外·综合,yes,E International Asia,ID,1,,E International Asia (576p),02,
海外·综合,yes,E International Europe,ID,1,,E International Europe (576p),02,
海外·综合,yes,EBS,US,1,,EBS HD (1080p),02,
海外·综合,yes,EBS 키즈,,1,,EBS 키즈,14,
海外·综合,yes,EET TV,CA,1,,EET TV (1080p) [Not 24/7],02,
海外·综合,yes,EL DEBER,BO,1,,EL DEBER (1080p),02,
海外·综合,yes,EL TV,AZ,1,,EL TV,02,
海外·综合,yes,EPA! TV,CL,1,,EPA! TV (720p),02,
海外·综合,yes,ERT Cosmos,GR,1,,ERT Cosmos (1080p),02,
海外·综合,yes,ERi-TV 1,ER,1,,ERi-TV 1 (576p),02,
海外·综合,yes,ES TV,TR,1,,ES TV (720p),02,
海外·综合,yes,ES TV (Esztergom),HU,1,,ES TV (Esztergom),11,
海外·综合,yes,ETB Events 1,ES,1,,ETB Events 1 (1080p),02,
海外·综合,yes,ETB1 On,ES,1,,ETB1 On (1080p),02,
海外·综合,yes,ETV (GP),GP,1,,ETV (1080p),02,
海外·综合,yes,ETV (MN),MN,1,,ETV,11,
海外·综合,yes,ETV Kayseri,TR,1,,ETV Kayseri (720p),02,
海外·综合,yes,ETV Manisa,TR,1,,ETV Manisa (1080p) [Not 24/7],02,
海外·综合,yes,EUTV,BR,1,,EUTV (720p),02,
海外·综合,yes,EWTN TV,HU,1,,EWTN TV,11,
海外·综合,yes,East is East – Pluto TV,,1,,East is East – Pluto TV,11,
海外·综合,yes,Eawaz TV,CA,1,,Eawaz TV (720p) [Not 24/7],02,
海外·综合,yes,Ecclesia TV,GR,1,,Ecclesia TV (1080p),02,
海外·综合,yes,Eco TV,AR,1,,Eco TV,02,
海外·综合,yes,Ecos Canal 57,DO,1,,Ecos Canal 57 (1080p) [Not 24/7],02,
海外·综合,yes,Ecuador TV,EC,1,,Ecuador TV (1080p),02,
海外·综合,yes,Ecuavisa Guayaquil,EC,1,,Ecuavisa Guayaquil (1080p) [Not 24/7],02,
海外·综合,yes,Eden TV,BJ,1,,Eden TV (540p) [Not 24/7],02,
海外·综合,yes,Education TV,MN,1,,Education TV,11,
海外·综合,yes,Efarina TV,ID,1,,Efarina TV (720p),02,
海外·综合,yes,Egnatia,GR,1,,Egnatia,11,
海外·综合,yes,Eko TV,UA,1,,Eko TV (720p),02,
海外·综合,yes,El 3 de Conce,CL,1,,El 3 de Conce,02,
海外·综合,yes,El 33 Originals,ES,1,,El 33 Originals (1080p) [Not 24/7],02,
海外·综合,yes,El Gourmet,AR,1,,El Gourmet (1080p),02,
海外·综合,yes,El Gourmet South,AR,1,,El Gourmet South (1080p),02,
海外·综合,yes,El Mueble,ES,1,,El Mueble (720p),02,
海外·综合,yes,El Mundo del Campo,CO,1,,El Mundo del Campo (720p),02,
海外·综合,yes,El Nueve,AR,1,,El Nueve (1080p),02,
海外·综合,yes,El País,ES,1,,El País,11,
海外·综合,yes,El Radar,CL,1,,El Radar (720p),02,
海外·综合,yes,El Reino Infantil,US,1,,El Reino Infantil,02,
海外·综合,yes,El Toro TV,ES,1,,El Toro TV (720p),02,
海外·综合,yes,El Trece,AR,1,,El Trece,11,
海外·综合,yes,El Watania 1,TN,1,,El Watania 1 (1080i),02,
海外·综合,yes,El Watania 2,TN,1,,El Watania 2 (1080p),02,
海外·综合,yes,Elche 7 TV,ES,1,,Elche 7 TV (576p),02,
海外·综合,yes,Elektrika TV,CZ,1,,Elektrika TV (1080p),02,
海外·综合,yes,Elias Pina TV,DO,1,,Elias Pina TV (720p) [Not 24/7],02,
海外·综合,yes,Elive TV Brescia,IT,1,,Elive TV Brescia (720p) [Not 24/7];E'live Brescia Tv,02;11,E'live Brescia Tv
海外·综合,yes,Elsharq TV,TR,1,,Elsharq TV (1080p) [Not 24/7],02,
海外·综合,yes,EmanTv,IQ,1,,EmanTv (1080p),02,
海外·综合,yes,Emisora Comunitaria 104.1 FM,CO,1,,Emisora Comunitaria 104.1 FM,02,
海外·综合,yes,Empordà TV,ES,1,,Empordà TV (1080p),02,
海外·综合,yes,Energia TV,BQ,1,,Energia TV (720p) [Not 24/7],02,
海外·综合,yes,Enfoque Digital TV,CL,1,,Enfoque Digital TV,02,
海外·综合,yes,Enisey,RU,1,,Enisey (576p),02,
海外·综合,yes,Enjoy Television,IT,1,,Enjoy Television,11,
海外·综合,yes,Enntivision,DO,1,,Enntivision (1080p) [Not 24/7],02,
海外·综合,yes,Enterate RD,DO,1,,Enterate RD [Not 24/7],02,
海外·综合,yes,Entuno TV,DO,1,,Entuno TV (1080p) [Not 24/7],02,
海外·综合,yes,Epiloges TV,GR,1,,Epiloges TV,02,
海外·综合,yes,Epsilon,GR,1,,Epsilon,11,
海外·综合,yes,Erz-TV Stollberg,DE,1,,Erz-TV Stollberg (576p),02,
海外·综合,yes,Erzurum Web TV,TR,1,,Erzurum Web TV (720p),02,
海外·综合,yes,EsTuTele,ES,1,,EsTuTele (720p),02,
海外·综合,yes,Eshragh,IR,1,,Eshragh,02,
海外·综合,yes,Estacion TV,CL,1,,Estacion TV (720p),02,
海外·综合,yes,Estepona Televisión,ES,1,,Estepona Televisión (720p),02,
海外·综合,yes,Estrella TV (MX),MX,1,,Estrella TV,11,
海外·综合,yes,Euro,GR,1,,Euro,11,
海外·综合,yes,Euro D,TR,1,,Euro D (720p),02,
海外·综合,yes,Euro TV (IT),IT,1,,Euro TV (720p) [Not 24/7];Euro Tv,02;11,
海外·综合,yes,Eveo,FI,1,,Eveo (720p) [Not 24/7],02,
海外·综合,yes,Ex on the beach – Pluto TV,,1,,Ex on the beach – Pluto TV,11,
海外·综合,yes,Exploris,RO,1,,Exploris (576p) [Not 24/7],02,
海外·综合,yes,Expo Channel,AU,1,,Expo Channel (360p);TVSN,02;11,TVSN
海外·综合,yes,Expresa TV,MX,1,,Expresa TV (720p),02,
海外·综合,yes,Extra 86 TV,DO,1,,Extra 86 TV (720p) [Not 24/7],02,
海外·综合,yes,Extra TV 42,CR,1,,Extra TV 42 (720p),02,
海外·综合,yes,Extra Tv,IT,1,,Extra Tv,11,
海外·综合,yes,Extrema TV (US),US,1,,Extrema TV (720p),02,
海外·综合,yes,F10,BO,1,,F10 HD (720p),02,
海外·综合,yes,FAP TV,BO,1,,FAP TV (720p),02,
海外·综合,yes,FC Public Media (Fort Collins CO),US,1,,FC Public Media (Fort Collins CO) (1080p),02,
海外·综合,yes,FEM3 (TV2 Klub),HU,1,,FEM3 (TV2 Klub),11,
海外·综合,yes,FGTV (US),US,1,,FGTV,02,
海外·综合,yes,FOX 13 Seattle WA (KCPQ),US,1,,FOX 13 Seattle WA (KCPQ) (720p),02,
海外·综合,yes,FOX 2 San Francisco CA (KTVU),US,1,,FOX 2 San Francisco CA (KTVU) (720p),02,
海外·综合,yes,FOX 23 Cape Girardeau MO (KBSI-DT1),US,1,,FOX 23 Cape Girardeau MO (KBSI-DT1) (720p) [Not 24/7],02,
海外·综合,yes,FOX 45 Baltimore MD (WBFF),US,1,,FOX 45 Baltimore MD (WBFF) (1080p),02,
海外·综合,yes,FRATA TV,DO,1,,FRATA TV (1080p) [Not 24/7],02,
海外·综合,yes,FS1 Salzburg,AT,1,,FS1 Salzburg (720p) [Not 24/7],02,
海外·综合,yes,Fail army – Pluto TV,,1,,Fail army – Pluto TV,11,
海外·综合,yes,Faith TV,ZA,1,,Faith TV (576p),02,
海外·综合,yes,Fala Litoral,BR,1,,Fala Litoral (480p),02,
海外·综合,yes,Farg'ona MTRK,UZ,1,,Farg'ona MTRK,02,
海外·综合,yes,Faros TV2,GR,1,,Faros TV2 (480p) [Geo-blocked],02,
海外·综合,yes,Farovisión,DO,1,,Farovisión (720p),02,
海外·综合,yes,Fars,IR,1,,Fars,02,
海外·综合,yes,Fascino Tv,IT,1,,Fascino Tv,11,
海外·综合,yes,Fashion,UA,1,,Fashion (1080p),02,
海外·综合,yes,Fashion Finds,US,1,,Fashion Finds (720p),02,
海外·综合,yes,Fashion TV,UA,1,,Fashion TV (1080p),02,
海外·综合,yes,Fashion&LifeStyle,RU,1,,Fashion&LifeStyle (1080p),02,
海外·综合,yes,FashionBox,NL,1,,FashionBox,02,
海外·综合,yes,FashionTV Paris L'Original,FR,1,,FashionTV Paris L'Original (1080p),02,
海外·综合,yes,Fast1,IN,1,,Fast1 (576p),02,
海外·综合,yes,Feel Good TV,NL,1,,Feel Good TV (720p) [Not 24/7],02,
海外·综合,yes,FehérvárTV,HU,1,,FehérvárTV,11,
海外·综合,yes,Fernandina Beach City Meeting (Fernandina Beach FL),US,1,,Fernandina Beach City Meeting (Fernandina Beach FL) (720p) [Not 24/7],02,
海外·综合,yes,Fierro a Fondo TV,US,1,,Fierro a Fondo TV (1080p),02,
海外·综合,yes,Film Azione – Pluto TV,IT,1,,Film Azione – Pluto TV,11,
海外·综合,yes,Film Classici – Pluto TV,IT,1,,Film Classici – Pluto TV,11,
海外·综合,yes,Film Commedia – Pluto TV,IT,1,,Film Commedia – Pluto TV,11,
海外·综合,yes,Film Drama – Pluto TV,IT,1,,Film Drama – Pluto TV,11,
海外·综合,yes,Film Romantici – Pluto TV,IT,1,,Film Romantici – Pluto TV,11,
海外·综合,yes,Film Thriller – Pluto TV,IT,1,,Film Thriller – Pluto TV,11,
海外·综合,yes,Film – Pluto TV,IT,1,,Film – Pluto TV,11,
海外·综合,yes,FilmRise Classic TV,US,1,,FilmRise Classic TV (720p),02,
海外·综合,yes,Filstalwelle,DE,1,,Filstalwelle (1080p),02,
海外·综合,yes,Fireplace – Pluto TV,,1,,Fireplace – Pluto TV,11,
海外·综合,yes,Fish TV,BR,1,,Fish TV (720p),02,
海外·综合,yes,Flowers TV USA,US,1,,Flowers TV USA,02,
海外·综合,yes,Folcloreando TV,AR,1,,Folcloreando TV,02,
海外·综合,yes,Folketinget,DK,1,,Folketinget (1080p) [Not 24/7];Folketinget TV,02;11,Folketinget TV
海外·综合,yes,Food Food,IN,1,,Food Food (576p),02,
海外·综合,yes,Food Network,IT,1,,Food Network,11,
海外·综合,yes,FoodTime,RU,1,,FoodTime (1080p),02,
海外·综合,yes,Forensic Files – Pluto TV,,1,,Forensic Files – Pluto TV,11,
海外·综合,yes,Foro TV,PE,1,,Foro TV,02,
海外·综合,yes,Fort Pierce Live Stream (Fort Pierce FL),US,1,,Fort Pierce Live Stream (Fort Pierce FL) (720p),02,
海外·综合,yes,Fortis TV,NG,1,,Fortis TV,02,
海外·综合,yes,Fox Soul,US,1,,Fox Soul (1080p),02,
海外·综合,yes,Fox Weather,US,1,,Fox Weather (720p);Fox Weather,02;11,
海外·综合,yes,France 3 Cote d'Azur,FR,1,,France 3 Cote d'Azur;France 3,02;11,France 3
海外·综合,yes,Franken Fernsehen (Nürnberg),DE,1,,Franken Fernsehen (Nürnberg) (1080p) [Not 24/7],02,
海外·综合,yes,Frasier (SE),SE,1,,Frasier,02,
海外·综合,yes,Frecuencia 7 TV,CL,1,,Frecuencia 7 TV (720p),02,
海外·综合,yes,Freeform,US,1,,Freeform (720p),02,
海外·综合,yes,Frii,FI,1,,Frii,11,
海外·综合,yes,Frikanalen,NO,1,,Frikanalen (720p);Frikanalen,02;11,
海外·综合,yes,Fuerteventura TV,ES,1,,Fuerteventura TV (1080p),02,
海外·综合,yes,FunBox (NL),NL,1,,FunBox UHD,02,
海外·综合,yes,Future TV,LB,1,,Future TV (1080p),02,
海外·综合,yes,GH Television,DO,1,,GH Television (1080p) [Not 24/7],02,
海外·综合,yes,GMS TV,SN,1,,GMS TV,02,
海外·综合,yes,GRP Televisione,IT,1,,GRP Televisione,11,
海外·综合,yes,GRP VERATV,IT,1,,GRP VERATV (576p),02,
海外·综合,yes,GS My Shop,KR,1,,GS My Shop (1080p),02,
海外·综合,yes,GS Shop,KR,1,,GS Shop (1080p);GS Shop,02;14,
海外·综合,yes,GTN Canada,CA,1,,GTN Canada (1080i) [Geo-blocked],02,
海外·综合,yes,GTV,GH,1,,GTV (540p),02,
海外·综合,yes,Gainesville Community 12TV (Gainesville FL),US,1,,Gainesville Community 12TV (Gainesville FL) (720p),02,
海外·综合,yes,Galaxy4,HU,1,,Galaxy4,02,
海外·综合,yes,Galicia TV Europa,ES,1,,Galicia TV Europa (720p),02,
海外·综合,yes,Gamavision,EC,1,,Gamavision (1080p),02,
海外·综合,yes,Gandan TV,MN,1,,Gandan TV,11,
海外·综合,yes,Ganj e Hozour TV,US,1,,Ganj e Hozour TV (1080p),02,
海外·综合,yes,Garabito TV,CR,1,,Garabito TV (720p),02,
海外·综合,yes,Garage TV Latin America,AR,1,,Garage TV Latin America,02,
海外·综合,yes,Garuda TV,ID,1,,Garuda TV (1080p),02,
海外·综合,yes,Gaunda Punjab TV,CA,1,,Gaunda Punjab TV (720p),02,
海外·综合,yes,Gem Shopping Network,US,1,,Gem Shopping Network (720p),02,
海外·综合,yes,Gems TV,UK,1,,Gems TV (720p);GemsTV Ⓢ,02;11,
海外·综合,yes,Generations TV,FR,1,,Generations TV (576p),02,
海外·综合,yes,Genios TV,PE,1,,Genios TV (1080p),02,
海外·综合,yes,Geordie Shore – Pluto TV,,1,,Geordie Shore – Pluto TV,11,
海外·综合,yes,Giallo,IT,1,,Giallo,11,
海外·综合,yes,Gigavision,BO,1,,Gigavision (720p),02,
海外·综合,yes,Gillette Public Access Television Channel 190,US,1,,Gillette Public Access Television Channel 190,02,
海外·综合,yes,Gillette Public Access Television Channel 192,US,1,,Gillette Public Access Television Channel 192,02,
海外·综合,yes,Gilroy CMAP TV Channel 17,US,1,,Gilroy CMAP TV Channel 17 (720p),02,
海外·综合,yes,Gilroy CMAP TV Channel 18,US,1,,Gilroy CMAP TV Channel 18 (720p),02,
海外·综合,yes,Gilroy CMAP TV Channel 19,US,1,,Gilroy CMAP TV Channel 19 (720p),02,
海外·综合,yes,Gilroy CMAP TV Channel 20,US,1,,Gilroy CMAP TV Channel 20 (720p),02,
海外·综合,yes,Glazami Turista,RU,1,,Glazami Turista (576i),02,
海外·综合,yes,Glendale 11 AZ,US,1,,Glendale 11 AZ (360p),02,
海外·综合,yes,Global Fashion Channel,US,1,,Global Fashion Channel (1080p),02,
海外·综合,yes,Global TV,PE,1,,Global TV (1080p),02,
海外·综合,yes,Globetrotter,,1,,Globetrotter,01,
海外·综合,yes,Globo TV (HN),HN,1,,Globo TV,02,
海外·综合,yes,Globo Tv (IT),IT,1,,Globo Tv,11,
海外·综合,yes,Globovision,VE,1,,Globovision (576p);Globovisión,02;11,
海外·综合,yes,Gnomi TV,GR,1,,Gnomi TV (1080p);Gnomi,02;11,Gnomi
海外·综合,yes,Goiena Eus,ES,1,,Goiena Eus (720p),02,
海外·综合,yes,Gold Tv,IT,1,,Gold Tv,11,
海外·综合,yes,Golkhane TV,IR,1,,Golkhane TV,02,
海外·综合,yes,Gongyoung Shopping,KR,1,,Gongyoung Shopping (720p),02,
海外·综合,yes,Good Life,IL,1,,Good Life (576p),02,
海外·综合,yes,Gordon Ramsay,US,1,,Gordon Ramsay (720p),02,
海外·综合,yes,Gospel Broadcasting Network (GBN),US,1,,Gospel Broadcasting Network (GBN) (1080p),02,
海外·综合,yes,Grande TV,VE,1,,Grande TV,02,
海外·综合,yes,Great Commission TV,KE,1,,Great Commission TV,02,
海外·综合,yes,Grjngo,PL,1,,Grjngo,02,
海外·综合,yes,Groovia Kanal,ID,1,,Groovia Kanal (576p),02,
海外·综合,yes,Groznyj,RU,1,,Groznyj,02,
海外·综合,yes,Guangdong Satellite TV,CN,1,,Guangdong Satellite TV,02,
海外·综合,yes,Guangdong TV America,US,1,,Guangdong TV America,02,
海外·综合,yes,Guangxi Variety & Travel Channel,CN,1,,Guangxi Variety & Travel Channel,02,
海外·综合,yes,Guatuso TV,CR,1,,Guatuso TV,02,
海外·综合,yes,Guayape TV,HN,1,,Guayape TV,02,
海外·综合,yes,Guaymate TV,DO,1,,Guaymate TV (720p) [Not 24/7],02,
海外·综合,yes,Gugak TV,,1,,Gugak TV,14,
海外·综合,yes,Guide Love TV,CI,1,,Guide Love TV (720p),02,
海外·综合,yes,GunAz TV,US,1,,GunAz TV,02,
海外·综合,yes,Gustav & Linse på udebane,SE,1,,Gustav & Linse på udebane,02,
海外·综合,yes,Gyöngyös TV,HU,1,,Gyöngyös TV,11,
海外·综合,yes,HCTV Government Channel,US,1,,HCTV Government Channel,02,
海外·综合,yes,HCTV Public Access Channel,US,1,,HCTV Public Access Channel,02,
海外·综合,yes,HD365 TV,RO,1,,HD365 TV,02,
海外·综合,yes,HGTV,NZ,1,,HGTV (1080p),02,
海外·综合,yes,HGTV – Home & Garden Tv,IT,1,,HGTV – Home & Garden Tv,11,
海外·综合,yes,HOT Zone,IL,1,,HOT Zone (1080p),02,
海外·综合,yes,HR,DE,1,,HR Ⓖ,11,
海外·综合,yes,HSE,DE,1,,HSE (1080p),02,
海外·综合,yes,HSE24 Extra,DE,1,,HSE24 Extra (1080p),02,
海外·综合,yes,HSE24 Trend,DE,1,,HSE24 Trend (576p),02,
海外·综合,yes,HSN,US,1,,HSN (720p),02,
海外·综合,yes,HSN West,US,1,,HSN West (720p),02,
海外·综合,yes,HSN2,US,1,,HSN2 (720p),02,
海外·综合,yes,HTV 1 Houston Television,US,1,,HTV 1 Houston Television (720p);HTV 1 Houston Television,02;26,
海外·综合,yes,HTV Houston Television,,1,,HTV Houston Television,26,
海外·综合,yes,HTV1,VN,1,,HTV1 (720p),02,
海外·综合,yes,Ha Tinh TV,VN,1,,Ha Tinh TV (720p),02,
海外·综合,yes,Haarlem105 RTV,NL,1,,Haarlem105 RTV (720p),02,
海外·综合,yes,Haina Vision,DO,1,,Haina Vision (720p),02,
海外·综合,yes,Hala London,UK,1,,Hala London (1080p),02,
海外·综合,yes,Hala TV,IL,1,,Hala TV (1080p) [Not 24/7],02,
海外·综合,yes,Halal TV,TH,1,,Halal TV,02,
海外·综合,yes,Hamaika Telebista,ES,1,,Hamaika Telebista (1080p),02,
海外·综合,yes,Hamedan,IR,1,,Hamedan,02,
海外·综合,yes,Hamoon,IR,1,,Hamoon,02,
海外·综合,yes,Handystar,DE,1,,Handystar (404p) [Not 24/7],02,
海外·综合,yes,HanoiTV2,VN,1,,HanoiTV2 (1080p) [Geo-blocked],02,
海外·综合,yes,Hard Knocks Fighting Championship,PL,1,,Hard Knocks Fighting Championship,02,
海外·综合,yes,Hechos Ecuador,EC,1,,Hechos Ecuador (1080p) [Not 24/7],02,
海外·综合,yes,Heliconia Radio TV,CO,1,,Heliconia Radio TV (720p),02,
海外·综合,yes,Hellenic Parliament TV,GR,1,,Hellenic Parliament TV (1080p),02,
海外·综合,yes,Hellenic TV,UK,1,,Hellenic TV (720p) [Not 24/7],02,
海外·综合,yes,Hilando Fino TV,DO,1,,Hilando Fino TV (1080p),02,
海外·综合,yes,Hillsborough County TV HTV (Hillsborough County FL),US,1,,Hillsborough County TV HTV (Hillsborough County FL) (360p),02,
海外·综合,yes,Hirshabelle TV,,1,,Hirshabelle TV,11,
海外·综合,yes,His Glory TV,US,1,,His Glory TV (1080p),02,
海外·综合,yes,Historias de Ultratumba,US,1,,Historias de Ultratumba,02,
海外·综合,yes,History2,CZ,1,,History2,02,
海外·综合,yes,Hlektra,GR,1,,Hlektra,11,
海外·综合,yes,Hluttaw S & D,MM,1,,Hluttaw S & D,02,
海外·综合,yes,Hmong Star TV,US,1,,Hmong Star TV (720p) [Not 24/7],02,
海外·综合,yes,Hmong TV Network,US,1,,Hmong TV Network (720p),02,
海外·综合,yes,Hobby Maker,UK,1,,Hobby Maker (720p);Hobby Maker,02;11,
海外·综合,yes,Hogan's Heroes,US,1,,Hogan's Heroes,02,
海外·综合,yes,Holvoet TV (Copiapó),CL,1,,Holvoet TV (Copiapó) (720p) [Not 24/7],02,
海外·综合,yes,Home & Shopping,KR,1,,Home & Shopping (720p),02,
海外·综合,yes,Homeful,CA,1,,Homeful (1080p),02,
海外·综合,yes,Horror – Pluto TV,,1,,Horror – Pluto TV,11,
海外·综合,yes,Horse & Country TV,UK,1,,Horse & Country TV (1080p),02,
海外·综合,yes,Horse and Country,,1,,Horse and Country,14,
海外·综合,yes,House of Docs – Pluto TV,,1,,House of Docs – Pluto TV,11,
海外·综合,yes,Huacho Peru TV,PE,1,,Huacho Peru TV,02,
海外·综合,yes,Hunedoara 1,RO,1,,Hunedoara 1 (480p) [Not 24/7],02,
海外·综合,yes,Hyder TV,CA,1,,Hyder TV (720p),02,
海外·综合,yes,Hyundai Home Shopping,KR,1,,Hyundai Home Shopping (720p),02,
海外·综合,yes,Hyundai Home Shopping Plus,KR,1,,Hyundai Home Shopping Plus (720p),02,
海外·综合,yes,Hévízi TV,HU,1,,Hévízi TV (1080p);Héviz TV,02;11,Héviz TV
海外·综合,yes,IBC Tamil,UK,1,,IBC Tamil (1080p),02,
海外·综合,yes,ICI Montreal,CA,1,,ICI Montreal (720p);ICI Montreal,02;11,
海外·综合,yes,ICI Télé,CA,1,,ICI Télé HD Ⓖ,11,
海外·综合,yes,ICTV Serialy,UA,1,,ICTV Serialy,11,
海外·综合,yes,IDJTV,RS,1,,IDJTV,02,
海外·综合,yes,IERTBCS Canal 8 La Paz,MX,1,,IERTBCS Canal 8 La Paz (1080p) [Not 24/7],02,
海外·综合,yes,ILTV,FR,1,,ILTV (720p),02,
海外·综合,yes,INFAST,NL,1,,INFAST (1080p),02,
海外·综合,yes,IRIB,IR,1,,IRIB UHD (2160p);IRIB UHD-HDR,02;11,IRIB -HDR
海外·综合,yes,IRIB2,IR,1,,IRIB2;IRIB TV2,02;11,IRIB TV2
海外·综合,yes,IRIB4,IR,1,,IRIB4;IRIB TV4 Ⓢ,02;11,IRIB TV4
海外·综合,yes,IRT,UA,1,,IRT (720p),02,
海外·综合,yes,ISTV (LA),LA,1,,ISTV (480p),02,
海外·综合,yes,ITV Patagonia,CL,1,,ITV Patagonia (720p),02,
海外·综合,yes,Icaro TV,IT,1,,Icaro TV (720p) [Not 24/7];Icaro Tv Rimini,02;11,Icaro Tv Rimini
海外·综合,yes,Icel TV,TR,1,,Icel TV (720p) [Not 24/7],02,
海外·综合,yes,Ideaal TV,NL,1,,Ideaal TV (480p) [Not 24/7],02,
海外·综合,yes,Ignite Television,GY,1,,Ignite Television (1080p) [Not 24/7],02,
海外·综合,yes,Il Testimone – Pluto TV,,1,,Il Testimone – Pluto TV,11,
海外·综合,yes,Il banco dei pugni – Pluto TV,,1,,Il banco dei pugni – Pluto TV,11,
海外·综合,yes,Ilam,IR,1,,Ilam,02,
海外·综合,yes,Ilke TV,TR,1,,Ilke TV (1080p),02,
海外·综合,yes,Imagen TV,MX,1,,Imagen TV (1080p),02,
海外·综合,yes,Imagen Universal TV,DO,1,,Imagen Universal TV,02,
海外·综合,yes,Imedi TV,GE,1,,Imedi TV (1080p);Imedi TV,02;11,
海外·综合,yes,Imperial Television,PE,1,,Imperial Television (720p),02,
海外·综合,yes,In the kitchen,US,1,,In the kitchen (720p),02,
海外·综合,yes,InTravel,NL,1,,InTravel (1080p),02,
海外·综合,yes,InWonder,NL,1,,InWonder (1080p),02,
海外·综合,yes,Inazuma Eleven – Pluto TV,IT,1,,Inazuma Eleven – Pluto TV,11,
海外·综合,yes,Informe TV,DO,1,,Informe TV (1080p) [Not 24/7],02,
海外·综合,yes,Insayt TV,RU,1,,Insayt TV (2160p),02,
海外·综合,yes,Inter+,UA,1,,Inter+ (720p),02,
海外·综合,yes,Interactiva TV,CL,1,,Interactiva TV (720p),02,
海外·综合,yes,Interalmeria TV,ES,1,,Interalmeria TV (1080p),02,
海外·综合,yes,Intercomarcal TV,ES,1,,Intercomarcal TV (576p) [Not 24/7],02,
海外·综合,yes,Iran Nama,FR,1,,Iran Nama,02,
海外·综合,yes,Iran National Revolution TV,US,1,,Iran National Revolution TV,02,
海外·综合,yes,Iraq Future,IQ,1,,Iraq Future (480p);Iraq Future Ⓢ,02;11,
海外·综合,yes,Isfahan,IR,1,,Isfahan,02,
海外·综合,yes,Isla TV,VE,1,,Isla TV (480p),02,
海外·综合,yes,Islandia,UA,1,,Islandia (720p),02,
海外·综合,yes,Islita TV,CL,1,,Islita TV (1080p),02,
海外·综合,yes,Istoki,RU,1,,Istoki (1080p),02,
海外·综合,yes,Italia 2 TV,IT,1,,Italia 2 TV (480p) [Geo-blocked],02,
海外·综合,yes,Italia 7,IT,1,,Italia 7,11,
海外·综合,yes,Italian Fishing TV,IT,1,,Italian Fishing TV (1080p),02,
海外·综合,yes,Itel TV Canal 2,AR,1,,Itel TV Canal 2,02,
海外·综合,yes,Izmail TV,UA,1,,Izmail TV (384p),02,
海外·综合,yes,JNE TV,PE,1,,JNE TV (720p),02,
海外·综合,yes,JOB TV,RO,1,,JOB TV (1080p),02,
海外·综合,yes,JPD TV,DO,1,,JPD TV [Not 24/7],02,
海外·综合,yes,JTV,ID,1,,JTV (720p),02,
海外·综合,yes,JTV Kediri,ID,1,,JTV Kediri (1080p) [Not 24/7],02,
海外·综合,yes,JTV Madiun,ID,1,,JTV Madiun,02,
海外·综合,yes,JTV Madura,ID,1,,JTV Madura (480p) [Not 24/7],02,
海外·综合,yes,JTV Malang,ID,1,,JTV Malang,02,
海外·综合,yes,Jahanbin,IR,1,,Jahanbin,02,
海外·综合,yes,Jambi TV,ID,1,,Jambi TV,02,
海外·综合,yes,Jan TV,IN,1,,Jan TV (576p),02,
海外·综合,yes,Jawa Pos TV Jakarta,ID,1,,Jawa Pos TV Jakarta (720p),02,
海外·综合,yes,Jednotka,SK,1,,Jednotka,02;11,
海外·综合,yes,Jeevan TV,IN,1,,Jeevan TV (576p),02,
海外·综合,yes,Jek TV,ID,1,,Jek TV (720p) [Not 24/7],02,
海外·综合,yes,Jeremiah TV,PK,1,,Jeremiah TV,02,
海外·综合,yes,Jersey Shore – Pluto TV,,1,,Jersey Shore – Pluto TV,11,
海外·综合,yes,Jewellery Maker,UK,1,,Jewellery Maker,11,
海外·综合,yes,Jewelry TV 2,US,1,,Jewelry TV 2 (720p),02,
海外·综合,yes,Jewelry Television,US,1,,Jewelry Television (720p),02,
海外·综合,yes,Jibek Joly,KZ,1,,Jibek Joly HD (1080p),02,
海外·综合,yes,Jihočeská televize,CZ,1,,Jihočeská televize (1080p),02,
海外·综合,yes,Jilin City Channel,CN,1,,Jilin City Channel,02,
海外·综合,yes,Jilin Lifestyle Channel,CN,1,,Jilin Lifestyle Channel,02,
海外·综合,yes,Jimani TV,DO,1,,Jimani TV (360p) [Geo-blocked],02,
海外·综合,yes,Jin TV,NL,1,,Jin TV,02,
海外·综合,yes,Jogja Istimewa TV,ID,1,,Jogja Istimewa TV (720p),02,
海外·综合,yes,Jogja TV,ID,1,,Jogja TV (720p) [Not 24/7],02,
海外·综合,yes,Jonack,IN,1,,Jonack (576p),02,
海外·综合,yes,JonmoBhumi TV,AU,1,,JonmoBhumi TV (720p),02,
海外·综合,yes,Jordan Archive,JO,1,,Jordan Archive (1080p),02,
海外·综合,yes,Jordan Drama,JO,1,,Jordan Drama (1080p),02,
海外·综合,yes,Jordan Kitchen,JO,1,,Jordan Kitchen (1080p),02,
海外·综合,yes,Jordan Satellite Channel,JO,1,,Jordan Satellite Channel (1080p),02,
海外·综合,yes,Jordan Tourism,JO,1,,Jordan Tourism (1080p),02,
海外·综合,yes,Junior Technologia TV,DO,1,,Junior Technologia TV (1080p) [Not 24/7],02,
海外·综合,yes,Juntos TV (CL),CL,1,,Juntos TV (720p),02,
海外·综合,yes,Juntos TV (PE),PE,1,,Juntos TV (1080p),02,
海外·综合,yes,Just for laughs – Pluto TV,,1,,Just for laughs – Pluto TV,11,
海外·综合,yes,Justicia TV (MX),MX,1,,Justicia TV (720p),02,
海外·综合,yes,Justicia TV (PE),PE,1,,Justicia TV (1080p),02,
海外·综合,yes,Juwelo Italia,IT,1,,Juwelo Italia (480p),02,
海外·综合,yes,JČ1,CZ,1,,JČ1 (1080p),02,
海外·综合,yes,K-Pop – Pluto TV,,1,,K-Pop – Pluto TV,11,
海外·综合,yes,K24,KE,1,,K24 (1080p);K24 TV,02;11,K24 TV
海外·综合,yes,KANAL 58,TR,1,,KANAL 58 (720p) [Not 24/7],02,
海外·综合,yes,KBS LiveCam DokDo,,1,,KBS LiveCam DokDo,14,
海外·综合,yes,KBS World,KR,1,,KBS World (720p),02,
海外·综合,yes,KCTV 광주,,1,,KCTV 광주,14,
海外·综合,yes,KCTV 광주 CH05,KR,1,,KCTV 광주 CH05 (720p) [Not 24/7],02,
海外·综合,yes,KDFW-DT1,US,1,,KDFW-DT1 (1080p),02,
海外·综合,yes,KIIO-LD 10.1,US,1,,KIIO-LD 10.1,02,
海外·综合,yes,KIRO-DT1,US,1,,KIRO-DT1 (1080p),02,
海外·综合,yes,KMSP-DT1,US,1,,KMSP-DT1 (1080p),02,
海外·综合,yes,KNTV-DT1,US,1,,KNTV-DT1 (1080p),02,
海外·综合,yes,KPVM AWE Plus,US,1,,KPVM AWE Plus,02,
海外·综合,yes,KPVM Prime TV25,US,1,,KPVM Prime TV25,02,
海外·综合,yes,KQSL Channel 8,CA,1,,KQSL Channel 8 (720p),02,
海外·综合,yes,KRIS-DT1,US,1,,KRIS-DT1 (1080p),02,
海外·综合,yes,KRIV-DT1,US,1,,KRIV-DT1 (1080p),02,
海外·综合,yes,KSAZ-DT1,US,1,,KSAZ-DT1 (1080p),02,
海外·综合,yes,KSCE Vida Cristiana,BO,1,,KSCE Vida Cristiana (360p),02,
海外·综合,yes,KSHB 41 (Kansas City MO),US,1,,KSHB 41 (Kansas City MO) (720p),02,
海外·综合,yes,KTBC-DT1,US,1,,KTBC-DT1 (1080p),02,
海外·综合,yes,KTOO 360TV 3 (FNX),US,1,,KTOO 360TV 3 (FNX),02,
海外·综合,yes,KTTV-DT1,US,1,,KTTV-DT1 (1080p),02,
海外·综合,yes,KTV 1,KW,1,,KTV 1 (1080p),02,
海外·综合,yes,KTV Arabe,KW,1,,KTV Arabe (1080p),02,
海外·综合,yes,KTV Bangla,IN,1,,KTV Bangla (720p),02,
海外·综合,yes,KVF,FO,1,,KVF (720p) [Not 24/7];KVF Sjónvarp,02;11,KVF Sjónvarp
海外·综合,yes,KVIFF TV,CZ,1,,KVIFF TV,02,
海外·综合,yes,KXAS-DT1,US,1,,KXAS-DT1 (1080p),02,
海外·综合,yes,KZTV-DT1,US,1,,KZTV-DT1 (720p),02,
海外·综合,yes,Kairali TV,IN,1,,Kairali TV (576p),02,
海外·综合,yes,Kajou TV,US,1,,Kajou TV (720p) [Not 24/7],02,
海外·综合,yes,Kalac TV,GN,1,,Kalac TV (1080p),02,
海外·综合,yes,Kaloopy TV,US,1,,Kaloopy TV (1080p),02,
海外·综合,yes,Kalu TV,CO,1,,Kalu TV (1080p),02,
海外·综合,yes,Kan 11,IL,1,,Kan 11 (1080p);כאן 11,02;11,כאן 11
海外·综合,yes,Kanal 10 Sverige,SE,1,,Kanal 10 Sverige,11,
海外·综合,yes,Kanal 12,TR,1,,Kanal 12 (720p),02,
海外·综合,yes,Kanal 23,TR,1,,Kanal 23 (1080p),02,
海外·综合,yes,Kanal 26,TR,1,,Kanal 26 (720p) [Not 24/7],02,
海外·综合,yes,Kanal 3,TR,1,,Kanal 3 (1080p) [Not 24/7],02,
海外·综合,yes,Kanal 32,TR,1,,Kanal 32 (720p) [Not 24/7],02,
海外·综合,yes,Kanal 33,TR,1,,Kanal 33 (720p) [Not 24/7],02,
海外·综合,yes,Kanal 35,AZ,1,,Kanal 35 (720p),02,
海外·综合,yes,Kanal 5,MK,1,,Kanal 5 Ⓢ Ⓖ,11,
海外·综合,yes,Kanal D (RO),RO,1,,Kanal D (480p),02,
海外·综合,yes,Kanal D (TR),TR,1,,Kanal D (1080p),02,
海外·综合,yes,Kanal D2,RO,1,,Kanal D2 (1080i),02,
海外·综合,yes,Kanal Firat,TR,1,,Kanal Firat (720p) [Not 24/7],02,
海外·综合,yes,Kanal Hayat,TR,1,,Kanal Hayat (1080p),02,
海外·综合,yes,Kanal Hovedstaden,DK,1,,Kanal Hovedstaden (720p) [Not 24/7];Kanal Hovedstaden,02;11,
海外·综合,yes,Kanal Jadid,UK,1,,Kanal Jadid,02,
海外·综合,yes,Kanal Ri,HR,1,,Kanal Ri,11,
海外·综合,yes,Kanal S,AZ,1,,Kanal S,02;11,
海外·综合,yes,Kanal V,TR,1,,Kanal V (720p) [Not 24/7],02,
海外·综合,yes,Kangba TV,CN,1,,Kangba TV,02,
海外·综合,yes,Kanizsa TV,HU,1,,Kanizsa TV (400p);Kanizsa TV,02;11,
海外·综合,yes,Kappa TV,IN,1,,Kappa TV (576p),02,
海外·综合,yes,Karcag TV,HU,1,,Karcag TV (720p),02,
海外·综合,yes,KaufBei TV,DE,1,,KaufBei TV (576p),02,
海外·综合,yes,Kaumudy TV,IN,1,,Kaumudy TV (720p),02,
海外·综合,yes,Kawanua TV,ID,1,,Kawanua TV (720p),02,
海外·综合,yes,Kay TV,TR,1,,Kay TV (576p) [Geo-blocked],02,
海外·综合,yes,Kecskemeti TV,HU,1,,Kecskemeti TV (416p) [Not 24/7];Kecskemét TV,02;11,Kecskemét TV
海外·综合,yes,KempenTV,NL,1,,KempenTV (480p),02,
海外·综合,yes,Kent Türk TV,TR,1,,Kent Türk TV (1080p) [Not 24/7],02,
海外·综合,yes,Kerman,IR,1,,Kerman,02,
海外·综合,yes,Kern County Television,US,1,,Kern County Television,02,
海外·综合,yes,Keshet 12,IL,1,,Keshet 12 (1080p),02,
海外·综合,yes,Khabar,KZ,1,,Khabar (576p),02,
海外·综合,yes,Khalij TV,IR,1,,Khalij TV,02,
海外·综合,yes,Khalij-e Fars,IR,1,,Khalij-e Fars,02,
海外·综合,yes,Khanh Hoa TV,VN,1,,Khanh Hoa TV (1080p),02,
海外·综合,yes,Khavaran,IR,1,,Khavaran,02,
海外·综合,yes,Khorasan Razavi,IR,1,,Khorasan Razavi,02,
海外·综合,yes,Khozestan,IR,1,,Khozestan,02,
海外·综合,yes,Kibris TV,CY,1,,Kibris TV,11,
海外·综合,yes,Kids Ukraine – Pluto TV,,1,,Kids Ukraine – Pluto TV,11,
海外·综合,yes,Kids – Pluto TV,,1,,Kids – Pluto TV,11,
海外·综合,yes,Kilisuci TV,ID,1,,Kilisuci TV,02,
海外·综合,yes,Klasik,SK,1,,Klasik,11,
海外·综合,yes,Knesset,IL,1,,Knesset,11,
海外·综合,yes,Knesset Channel,IL,1,,Knesset Channel (576p),02,
海外·综合,yes,Kocaeli TV,TR,1,,Kocaeli TV (1080p),02,
海外·综合,yes,Koch'en på toppen,SE,1,,Koch'en på toppen,02,
海外·综合,yes,Komala TV,SE,1,,Komala TV,02,
海外·综合,yes,Komáromi Televízió,HU,1,,Komáromi Televízió (400p);Komáromi Televízió,02;11,
海外·综合,yes,Kongress TV,RU,1,,Kongress TV (1080p),02,
海外·综合,yes,Konkurent Ukraine,UA,1,,Konkurent Ukraine,02,
海外·综合,yes,Kontra Channel,GR,1,,Kontra Channel (1080p);Kontra,02;11,Kontra
海外·综合,yes,Konya Olay TV,TR,1,,Konya Olay TV (720p),02,
海外·综合,yes,Kordestan,IR,1,,Kordestan,02,
海外·综合,yes,Kordia TV,NZ,1,,Kordia TV (1080p),02,
海外·综合,yes,Korean Central Television,KP,1,,Korean Central Television (1080p);KCTV,02;11,KCTV
海外·综合,yes,Kos TV,GR,1,,Kos TV (720p),02,
海外·综合,yes,Kpop Mix,AR,1,,Kpop Mix (720p),02,
海外·综合,yes,Kriti TV,GR,1,,Kriti TV (1080p);Kriti TV,02;11,
海外·综合,yes,Kuhnya,RU,1,,Kuhnya (576p),02,
海外·综合,yes,Kulinar TV,RU,1,,Kulinar TV (576p),02,
海外·综合,yes,KulturMD,DE,1,,KulturMD (1080p),02,
海外·综合,yes,Kurd Channel,IQ,1,,Kurd Channel,02,
海外·综合,yes,Kurdistan TV,IQ,1,,Kurdistan TV (720p) [Not 24/7],02,
海外·综合,yes,Kurir TV,RS,1,,Kurir TV,11,
海外·综合,yes,Kus-Kus,UA,1,,Kus-Kus,02,
海外·综合,yes,Kutonen,FI,1,,Kutonen,11,
海外·综合,yes,L!ke,BR,1,,L!ke (1080p),02,
海外·综合,yes,L1,NL,1,,L1 Ⓢ,11,
海外·综合,yes,L1mburg TV,NL,1,,L1mburg TV (720p) [Not 24/7],02,
海外·综合,yes,LBC,SA,1,,LBC (576p),02,
海外·综合,yes,LBC International,LB,1,,LBC International (1080p),02,
海外·综合,yes,LEO Middelsé TV,NL,1,,LEO Middelsé TV (480p),02,
海外·综合,yes,LGTV,US,1,,LGTV (1080p),02,
海外·综合,yes,LHCAZTV,US,1,,LHCAZTV,02,
海外·综合,yes,LOE TV,NL,1,,LOE TV (720p),02,
海外·综合,yes,LON TV,NL,1,,LON TV (720p),02,
海外·综合,yes,LOZ (Lokale Omroep Zeewolde),NL,1,,LOZ (Lokale Omroep Zeewolde) (720p),02,
海外·综合,yes,LS TV,LA,1,,LS TV (480p),02,
海外·综合,yes,LTV1,LV,1,,LTV1 (1080p),02,
海外·综合,yes,La 1,ES,1,,La 1,11,
海外·综合,yes,La 1 (Canarias),ES,1,,La 1 (Canarias),11,
海外·综合,yes,La 1 (Catalunya),ES,1,,La 1 (Catalunya),11,
海外·综合,yes,La 8 Mediterraneo,ES,1,,La 8 Mediterraneo (1080p);La 8 Mediterráneo,02;11,
海外·综合,yes,La C TV,IT,1,,La C TV (720p);LaC Tv Calabria,02;11,LaC Tv Calabria
海外·综合,yes,La Caleta TV,DO,1,,La Caleta TV (720p) [Not 24/7],02,
海外·综合,yes,La Chilena TV,CL,1,,La Chilena TV,02,
海外·综合,yes,La Comarca TV,CL,1,,La Comarca TV (720p),02,
海外·综合,yes,La Descarga TV,DO,1,,La Descarga TV [Geo-blocked],02,
海外·综合,yes,La Hora TV,DO,1,,La Hora TV (720p) [Not 24/7],02,
海外·综合,yes,La Metro TV,CL,1,,La Metro TV (1080p),02,
海外·综合,yes,La Nuova TV,IT,1,,La Nuova TV;La Nuova Tv,02;11,
海外·综合,yes,La Popular TV,CL,1,,La Popular TV,02,
海外·综合,yes,La Reina TV,DO,1,,La Reina TV [Geo-blocked],02,
海外·综合,yes,La Ruta TV,DO,1,,La Ruta TV,02,
海外·综合,yes,La TR3 Marsala,IT,1,,La TR3 Marsala (720p);La tr3 Marsala,02;11,
海外·综合,yes,La Tenda Tv,IT,1,,La Tenda Tv,11,
海外·综合,yes,Labbayk TV,IR,1,,Labbayk TV,02,
海外·综合,yes,Laguna TV,DO,1,,Laguna TV (1080p) [Not 24/7],02,
海外·综合,yes,Lana TV,LB,1,,Lana TV (576p),02,
海外·综合,yes,Lancelot TV,ES,1,,Lancelot TV (404p),02,
海外·综合,yes,Langstraat TV,NL,1,,Langstraat TV (720p),02,
海外·综合,yes,Lansingerland TV,NL,1,,Lansingerland TV (720p),02,
海外·综合,yes,Lanthung TV,TH,1,,Lanthung TV,02,
海外·综合,yes,Lanzhou Culture & Tourism Channel,CN,1,,Lanzhou Culture & Tourism Channel,02,
海外·综合,yes,Lao Net TV,LA,1,,Lao Net TV (720p),02,
海外·综合,yes,Lao SV TV,VN,1,,Lao SV TV (480p),02,
海外·综合,yes,Lao-Thai TV,US,1,,Lao-Thai TV (720p),02,
海外·综合,yes,Las Estrellas,MX,1,,Las Estrellas (1080p);Las Estrellas,02;11,
海外·综合,yes,Latele (PY),PY,1,,Latele (1080p),02,
海外·综合,yes,Latest TV,UK,1,,Latest TV (480p),02,
海外·综合,yes,Latina Podcast,PE,1,,Latina Podcast (720p),02,
海外·综合,yes,Latina TV,VE,1,,Latina TV (1080p);Latina TV,02;11,
海外·综合,yes,Latina TV Internacional,DO,1,,Latina TV Internacional (720p),02,
海外·综合,yes,Laura Dave Media TV,CM,1,,Laura Dave Media TV (720p),02,
海外·综合,yes,Law TV,RU,1,,Law TV (1080p),02,
海外·综合,yes,Lazio Tv,IT,1,,Lazio Tv,11,
海外·综合,yes,Le Cronache TV,IT,1,,Le Cronache TV (720p),02,
海外·综合,yes,Le Figaro IDF,FR,1,,Le Figaro IDF (1080p),02,
海外·综合,yes,Le sorelle mcleod – Pluto TV,,1,,Le sorelle mcleod – Pluto TV,11,
海外·综合,yes,Le vite degli altri – Pluto TV,,1,,Le vite degli altri – Pluto TV,11,
海外·综合,yes,Legislative Assembly of El Salvador,SV,1,,Legislative Assembly of El Salvador (1080p) [Not 24/7],02,
海外·综合,yes,Legislative Assembly of Ontario,,1,,Legislative Assembly of Ontario,14,
海外·综合,yes,Leipzig Fernsehen,DE,1,,Leipzig Fernsehen (1080p),02,
海外·综合,yes,Lena TV,DO,1,,Lena TV [Not 24/7],02,
海外·综合,yes,Leomax 24,RU,1,,Leomax 24 (1080p),02,
海外·综合,yes,Leominster TV Government,US,1,,Leominster TV Government (720p),02,
海外·综合,yes,Leominster TV Public,US,1,,Leominster TV Public (720p) [Not 24/7],02,
海外·综合,yes,Lex TV,US,1,,Lex TV (720p),02,
海外·综合,yes,Libertas TV,HR,1,,Libertas TV (1080p);Libertas TV,02;11,
海外·综合,yes,Libya Al Wataniya,LY,1,,Libya Al Wataniya (360p),02,
海外·综合,yes,Life TV Estonia,EE,1,,Life TV Estonia,11,
海外·综合,yes,Life TV Europe,EE,1,,Life TV Europe,11,
海外·综合,yes,Light Channel (RO),RO,1,,Light Channel (480p) [Not 24/7],02,
海外·综合,yes,Lighting Lives Blessing Nations Smart Life Style TV (LLBN),US,1,,Lighting Lives Blessing Nations Smart Life Style TV (LLBN) (720p),02,
海外·综合,yes,Lila TV Pencahue,CL,1,,Lila TV Pencahue,02,
海外·综合,yes,Limón TV,CR,1,,Limón TV (1080p) [Not 24/7],02,
海外·综合,yes,Line TV,TR,1,,Line TV (720p) [Not 24/7],02,
海外·综合,yes,Litoral Atlántico,HN,1,,Litoral Atlántico HD (720p),02,
海外·综合,yes,Little Guyana TV,US,1,,Little Guyana TV (1080p),02,
海外·综合,yes,Litus TV,AR,1,,Litus TV (720p) [Not 24/7],02,
海外·综合,yes,Lombardia TV,IT,1,,Lombardia TV;Lombardia Tv,02;11,
海外·综合,yes,Lompoc TAP TV Channel 23,US,1,,Lompoc TAP TV Channel 23 (720p),02,
海外·综合,yes,Lompoc TAP TV Channel 24,US,1,,Lompoc TAP TV Channel 24 (720p),02,
海外·综合,yes,Lompoc TAP TV Channel 25,US,1,,Lompoc TAP TV Channel 25 (720p),02,
海外·综合,yes,Loreto TV,EC,1,,Loreto TV (720p),02,
海外·综合,yes,Los Santos TV,CR,1,,Los Santos TV (1080i),02,
海外·综合,yes,Los nuevos detectives,US,1,,Los nuevos detectives,02,
海外·综合,yes,Lotte Home Shopping,KR,1,,Lotte Home Shopping (720p),02,
海外·综合,yes,Lotte OneTV,KR,1,,Lotte OneTV (720p),02,
海外·综合,yes,Louga TV,SN,1,,Louga TV (480p),02,
海外·综合,yes,Love in Venice,IT,1,,Love in Venice,11,
海外·综合,yes,Luna TV Canal 53,DO,1,,Luna TV Canal 53 (720p),02,
海外·综合,yes,Lux TV,UA,1,,Lux TV (1080p),02,
海外·综合,yes,Luys TV,TR,1,,Luys TV (1080p),02,
海外·综合,yes,Lychnos,GR,1,,Lychnos,11,
海外·综合,yes,Ländle TV,AT,1,,Ländle TV (1080p) [Not 24/7],02,
海外·综合,yes,MAN-GA,IT,1,,MAN-GA,11,
海外·综合,yes,MAS TV,GT,1,,MAS TV,02,
海外·综合,yes,MBC 1,AE,1,,MBC 1 (1080p);MBC 1,02;11,
海外·综合,yes,MBC 1 Egypt,EG,1,,MBC 1 Egypt (1080p),02,
海外·综合,yes,MBC 1 USA,US,1,,MBC 1 USA (1080p) [Geo-blocked],02,
海外·综合,yes,MBC 5,AE,1,,MBC 5 (1080p);MBC 5,02;11,
海外·综合,yes,MBC Chuncheon (춘천 MBC),KR,1,,MBC Chuncheon (춘천 MBC) (480p) [Not 24/7],02,
海外·综合,yes,MBC Chungbuk (MBC 충북),KR,1,,MBC Chungbuk (MBC 충북) (720p) [Not 24/7],02,
海外·综合,yes,MBC Daejeon (대전 MBC),KR,1,,MBC Daejeon (대전 MBC) (720p) [Not 24/7],02,
海外·综合,yes,MBC Gangwon (MBC 강원영동),KR,1,,MBC Gangwon (MBC 강원영동) (1080p) [Not 24/7],02,
海外·综合,yes,MBC Iraq,IQ,1,,MBC Iraq (1080p),02,
海外·综合,yes,MBC Jeju (제주 MBC),KR,1,,MBC Jeju (제주 MBC) (352p) [Not 24/7],02,
海外·综合,yes,MBC Masr,EG,1,,MBC Masr (1080p);MBC Masr 1,02;11,MBC Masr 1
海外·综合,yes,MBC Masr 2,EG,1,,MBC Masr 2 (1080p);MBC Masr 2,02;11,
海外·综合,yes,MBC Masr USA,US,1,,MBC Masr USA (1080p),02,
海外·综合,yes,MBC Mokpo (목포 MBC),KR,1,,MBC Mokpo (목포 MBC) (720p) [Not 24/7];MBC,02;14,MBC
海外·综合,yes,MCOT,TH,1,,MCOT HD,02,
海外·综合,yes,MDF.1,DE,1,,MDF.1 (1080p),02,
海外·综合,yes,MDL,FR,1,,MDL (720p),02,
海外·综合,yes,MDR Fernsehen Thuringen,DE,1,,MDR Fernsehen Thuringen,02,
海外·综合,yes,MERU TV,KE,1,,MERU TV (720p) [Not 24/7],02,
海外·综合,yes,MI Turno TV,DO,1,,MI Turno TV,02,
海外·综合,yes,MMTV,MV,1,,MMTV (1080p),02,
海外·综合,yes,MN25,MN,1,,MN25,11,
海外·综合,yes,MNB,MN,1,,MNB HD,11,
海外·综合,yes,MNB International,MN,1,,MNB International,11,
海外·综合,yes,MNB Гэр бүл,MN,1,,MNB Гэр бүл,11,
海外·综合,yes,MNB Монголын Мэдээ,MN,1,,MNB Монголын Мэдээ,11,
海外·综合,yes,MNC,MN,1,,MNC,11,
海外·综合,yes,MNTV (MZ),MZ,1,,MNTV,02,
海外·综合,yes,MRTV,MM,1,,MRTV,02,
海外·综合,yes,MRTV NRC,MM,1,,MRTV NRC,02,
海外·综合,yes,MRVTV Channel 44,US,1,,MRVTV Channel 44 (720p),02,
海外·综合,yes,MRVTV Channel 45,US,1,,MRVTV Channel 45 (720p),02,
海外·综合,yes,MTC TV,US,1,,MTC TV,02,
海外·综合,yes,MTR,SK,1,,MTR (1080p),02,
海外·综合,yes,MTRK,KZ,1,,MTRK (576p),02,
海外·综合,yes,MTV Lebanon,LB,1,,MTV Lebanon (1080p);MTV Lebanon,02;11,
海外·综合,yes,MTürk TV,TR,1,,MTürk TV (1080p),02,
海外·综合,yes,MWD,MM,1,,MWD (720p) [Not 24/7],02,
海外·综合,yes,MaTele,BE,1,,MaTele (1080p) [Not 24/7],02,
海外·综合,yes,MacGyver – Pluto TV,,1,,MacGyver – Pluto TV,11,
海外·综合,yes,Mad Dog and Merrill,US,1,,Mad Dog and Merrill (540p) [Not 24/7],02,
海外·综合,yes,Madaniyat va ma'rifat,UZ,1,,Madaniyat va ma'rifat (576p),02,
海外·综合,yes,Made – Pluto TV,,1,,Made – Pluto TV,11,
海外·综合,yes,Madu TV,ID,1,,Madu TV (1080p) [Not 24/7],02,
海外·综合,yes,Magna Channel,ID,1,,Magna Channel (1080p) [Not 24/7],02,
海外·综合,yes,Mahabad,IR,1,,Mahabad,02,
海外·综合,yes,Mahalla,UZ,1,,Mahalla (576p),02,
海外·综合,yes,Mai dire sì – Pluto TV,,1,,Mai dire sì – Pluto TV,11,
海外·综合,yes,Makina TV,DO,1,,Makina TV (720p) [Not 24/7],02,
海外·综合,yes,Makkal TV,IN,1,,Makkal TV (576i),02,
海外·综合,yes,Makói Városi,HU,1,,Makói Városi (576p),02,
海外·综合,yes,Malchin TV,MN,1,,Malchin TV,11,
海外·综合,yes,Maldives TV,MV,1,,Maldives TV (720p),02,
海外·综合,yes,Manaclar Television,DO,1,,Manaclar Television [Not 24/7],02,
海外·综合,yes,Manavisión,EC,1,,Manavisión (480p),02,
海外·综合,yes,Maray TV,CL,1,,Maray TV,02,
海外·综合,yes,Marca TV,EC,1,,Marca TV (1080p),02,
海外·综合,yes,Marka TV,DO,1,,Marka TV (720p) [Not 24/7],02,
海外·综合,yes,Markíza,SK,1,,Markíza,11,
海外·综合,yes,Marla Vision,DO,1,,Marla Vision (576p) [Not 24/7],02,
海外·综合,yes,Marsella TV,CO,1,,Marsella TV,02,
海外·综合,yes,Martin County MCTV (Martin County FL),US,1,,Martin County MCTV (Martin County FL) (720p),02,
海外·综合,yes,Mas Norte TV,CO,1,,Mas Norte TV [Not 24/7],02,
海外·综合,yes,Master TV,PE,1,,Master TV (720p),02,
海外·综合,yes,MasterChef Danmarks største madtalenter,SE,1,,MasterChef Danmarks største madtalenter,02,
海外·综合,yes,Matrix TV Yogyakarta,ID,1,,Matrix TV Yogyakarta (720p),02,
海外·综合,yes,MaviKaradeniz,TR,1,,MaviKaradeniz (1080p) [Not 24/7],02,
海外·综合,yes,MaxTV/Dieu TV,CH,1,,MaxTV/Dieu TV (1080p),02,
海外·综合,yes,Med kniven for struben,SE,1,,Med kniven for struben,02,
海外·综合,yes,Media TV,PE,1,,Media TV (720p),02,
海外·综合,yes,Mediaset Italia,IT,1,,Mediaset Italia (1080p),02,
海外·综合,yes,Mediaset Italia - America,IT,1,,Mediaset Italia - America,11,
海外·综合,yes,Mediaset Italia - Australia e Asia,IT,1,,Mediaset Italia - Australia e Asia,11,
海外·综合,yes,Mediaset Italia - Europa e Africa,IT,1,,Mediaset Italia - Europa e Africa,11,
海外·综合,yes,Mediaset Italia Australia,IT,1,,Mediaset Italia Australia (1080p),02,
海外·综合,yes,Mediaset Italia USA,IT,1,,Mediaset Italia USA (1080p),02,
海外·综合,yes,Mega TV Jaen,PE,1,,Mega TV Jaen (720p),02,
海外·综合,yes,Megavisión Canal 19,SV,1,,Megavisión Canal 19 (720p),02,
海外·综合,yes,Megavisión Canal 21,SV,1,,Megavisión Canal 21 (720p),02,
海外·综合,yes,Megavisión TV,DO,1,,Megavisión TV (480p),02,
海外·综合,yes,Mei Alai TV,IN,1,,Mei Alai TV (576p),02,
海外·综合,yes,Melrose Place,US,1,,Melrose Place,02,
海外·综合,yes,Meltem TV,TR,1,,Meltem TV (1080p),02,
海外·综合,yes,Mercan TV,TR,1,,Mercan TV (576p) [Not 24/7],02,
海外·综合,yes,Merwe TV,NL,1,,Merwe TV (720p),02,
海外·综合,yes,Metro TV (IN),IN,1,,Metro TV (1080p),02,
海外·综合,yes,Metropola TV,RO,1,,Metropola TV (1080p) [Not 24/7],02,
海外·综合,yes,Mexiquense TV,MX,1,,Mexiquense TV (720p),02,
海外·综合,yes,Mh 1 Prime,IN,1,,Mh 1 Prime (576p),02,
海外·综合,yes,Mi Radio TV,CL,1,,Mi Radio TV,02,
海外·综合,yes,Miami Beach Tv (MBTV) (Miami Beach FL),US,1,,Miami Beach Tv (MBTV) (Miami Beach FL) (720p),02,
海外·综合,yes,Miavision TV,DO,1,,Miavision TV (1080p) [Not 24/7],02,
海外·综合,yes,Microvision 10,DO,1,,Microvision 10 (720p) [Not 24/7],02,
海外·综合,yes,MierschTV,LU,1,,MierschTV,02,
海外·综合,yes,Mijas 3.40TV,ES,1,,Mijas 3.40TV (720p),02,
海外·综合,yes,Milenial TV,PE,1,,Milenial TV,02,
海外·综合,yes,Milliy,UZ,1,,Milliy (1080p),02,
海外·综合,yes,Mir Kazakhstan,RU,1,,Mir Kazakhstan (576p),02,
海外·综合,yes,Miras,TM,1,,Miras (406p) [Not 24/7];Miras,02;11,
海外·综合,yes,Misiones Cuatro,AR,1,,Misiones Cuatro,02,
海外·综合,yes,Mithila Nepal TV,NP,1,,Mithila Nepal TV (1080p),02,
海外·综合,yes,Mixkurdy,IQ,1,,Mixkurdy (1080p),02,
海外·综合,yes,Moconomy (PL),PL,1,,Moconomy,02,
海外·综合,yes,Moconomy (US),US,1,,Moconomy,11,
海外·综合,yes,Moldova 1,MD,1,,Moldova 1 (1080p);Moldova 1,02;11,
海外·综合,yes,Moldova 2,MD,1,,Moldova 2 (1080p);Moldova 2,02;11,
海外·综合,yes,Moldova TV,MD,1,,Moldova TV (1080p),02,
海外·综合,yes,Mongolia Music,MN,1,,Mongolia Music,11,
海外·综合,yes,Mongolian Plus1,MN,1,,Mongolian Plus1,11,
海外·综合,yes,Monroe Community Media Public Access Channel,US,1,,Monroe Community Media Public Access Channel,02,
海外·综合,yes,Monroe County Television MCTV (Monroe County FL),US,1,,Monroe County Television MCTV (Monroe County FL) (1080p),02,
海外·综合,yes,Monster Jam – Pluto TV,,1,,Monster Jam – Pluto TV,11,
海外·综合,yes,Monte Carlo Digital Television,FR,1,,Monte Carlo Digital Television (1080p),02,
海外·综合,yes,Montecristi Digital 8,DO,1,,Montecristi Digital 8 [Geo-blocked],02,
海外·综合,yes,Monumental TV,PY,1,,Monumental TV (1080p),02,
海外·综合,yes,MorroTV,DO,1,,MorroTV (720p) [Not 24/7],02,
海外·综合,yes,Moskva 24,RU,1,,Moskva 24 (1080p),02,
海外·综合,yes,Moskva. Doveriye,RU,1,,Moskva. Doveriye (576p),02,
海外·综合,yes,Mostanad,IR,1,,Mostanad;IRIB Mostanad,02;11,IRIB Mostanad
海外·综合,yes,Motori Tv,IT,1,,Motori Tv,11,
海外·综合,yes,Motorvision,DE,1,,Motorvision (1080p),02,
海外·综合,yes,MovieBox,MN,1,,MovieBox,11,
海外·综合,yes,Moy mir,RU,1,,Moy mir (720p),02,
海外·综合,yes,Moya Planeta,RU,1,,Moya Planeta (1080p),02,
海外·综合,yes,Moya stikhiya,RU,1,,Moya stikhiya HD (1080p),02,
海外·综合,yes,Multimedios Bajío,MX,1,,Multimedios Bajío (720p) [Not 24/7],02,
海外·综合,yes,Multimedios CDMX,MX,1,,Multimedios CDMX (720p) [Not 24/7],02,
海外·综合,yes,Multimedios Ciudad Juárez,MX,1,,Multimedios Ciudad Juárez (720p) [Not 24/7],02,
海外·综合,yes,Multimedios Guadalajara,MX,1,,Multimedios Guadalajara (720p) [Not 24/7],02,
海外·综合,yes,Multimedios Laguna,MX,1,,Multimedios Laguna (720p) [Not 24/7],02,
海外·综合,yes,Multimedios Monterrey,MX,1,,Multimedios Monterrey (720p) [Not 24/7],02,
海外·综合,yes,Multimedios Puebla,MX,1,,Multimedios Puebla (720p) [Not 24/7];Canal 6 Multimedios,02;11,Canal 6 Multimedios
海外·综合,yes,Multimedios Saltillo,MX,1,,Multimedios Saltillo (720p) [Not 24/7],02,
海外·综合,yes,Multivisión Canal 3,GT,1,,Multivisión Canal 3 (720p) [Not 24/7],02,
海外·综合,yes,Mundos Lacustres TV,CL,1,,Mundos Lacustres TV (720p),02,
海外·综合,yes,Musavision,DO,1,,Musavision (1080p),02,
海外·综合,yes,MusawaChannel,PS,1,,MusawaChannel (1080p) [Not 24/7],02,
海外·综合,yes,Muscel TV,RO,1,,Muscel TV (720p),02,
海外·综合,yes,Music Channel,US,1,,Music Channel,11,
海外·综合,yes,Mutant X – Pluto TV,,1,,Mutant X – Pluto TV,11,
海外·综合,yes,My Radio,,1,,My Radio,14,
海外·综合,yes,My TV,BD,1,,My TV,02,
海外·综合,yes,My TV Channel,CM,1,,My TV Channel (720p) [Not 24/7],02,
海外·综合,yes,My Ukraina+,UA,1,,My Ukraina+,02,
海外·综合,yes,MyZen TV,FR,1,,MyZen TV (1080p),02,
海外·综合,yes,Myanmar International TV,MM,1,,Myanmar International TV,02,
海外·综合,yes,México Travel TV,MX,1,,México Travel TV,11,
海外·综合,yes,Móra-Net TV,HU,1,,Móra-Net TV (576p),02,
海外·综合,yes,München TV,DE,1,,München TV (1080p) [Not 24/7],02,
海外·综合,yes,Mňau TV,CZ,1,,Mňau TV (1080p),02,
海外·综合,yes,N Sports (MN),MN,1,,N Sports,11,
海外·综合,yes,NAT TV,US,1,,NAT TV (1080p),02,
海外·综合,yes,NBC,US,1,,NBC (1080p),02,
海外·综合,yes,NBC 10 Rochester NY (WHEC),US,1,,NBC 10 Rochester NY (WHEC) (1080p),02,
海外·综合,yes,NBC 11 Baltimore MD (WBAL),US,1,,NBC 11 Baltimore MD (WBAL) (720p),02,
海外·综合,yes,NBC 12 Winston-Salem NC (WXII),US,1,,NBC 12 Winston-Salem NC (WXII) (720p),02,
海外·综合,yes,NBC 13 Albany NY (WNYT),US,1,,NBC 13 Albany NY (WNYT) (1080p),02,
海外·综合,yes,NBC 3 Sacramento CA (KCRA),US,1,,NBC 3 Sacramento CA (KCRA) (720p),02,
海外·综合,yes,NBC 4 Albuquerque NM (KOB),US,1,,NBC 4 Albuquerque NM (KOB) (1080p),02,
海外·综合,yes,NBC 4 Milwaukee WI (WTMJ),US,1,,NBC 4 Milwaukee WI (WTMJ) (720p),02,
海外·综合,yes,NBC 6 Santa Barbara CA (KSBY),US,1,,NBC 6 Santa Barbara CA (KSBY) (720p),02,
海外·综合,yes,NBC 8 Lancaster PA (WGAL),US,1,,NBC 8 Lancaster PA (WGAL) (720p),02,
海外·综合,yes,NBC 8 Salinas CA (KSBW),US,1,,NBC 8 Salinas CA (KSBW) (720p),02,
海外·综合,yes,NBC 9 Steubenville OH (WTOV),US,1,,NBC 9 Steubenville OH (WTOV) (1080p),02,
海外·综合,yes,NBC TV,PG,1,,NBC TV (1080p) [Not 24/7],02,
海外·综合,yes,NBC WTMJ4,,1,,NBC WTMJ4,26,
海外·综合,yes,NBS,,1,,NBS,14,
海外·综合,yes,NBT 2,TH,1,,NBT 2 HD (1080p),02,
海外·综合,yes,NBT TV Chiang Mai,TH,1,,NBT TV Chiang Mai,02,
海外·综合,yes,NBT World,TH,1,,NBT World (1080p),02,
海外·综合,yes,NDR Fernsehen International,DE,1,,NDR Fernsehen International (720p);NDR International,02;11,NDR International
海外·综合,yes,NDR Hamburg,DE,1,,NDR Hamburg (720p);NDR Hamburg Ⓖ,02;11,
海外·综合,yes,NDR Mecklenburg-Vorpommern,DE,1,,NDR Mecklenburg-Vorpommern (720p);NDR Mecklenburg-Vorpommern Ⓖ,02;11,
海外·综合,yes,NDR Niedersachsen,DE,1,,NDR Niedersachsen (720p);NDR Niedersachsen Ⓖ,02;11,
海外·综合,yes,NDR Schleswig-Holstein,DE,1,,NDR Schleswig-Holstein (720p);NDR Schleswig-Holstein Ⓖ,02;11,
海外·综合,yes,NDTV India,IN,1,,NDTV India,11,
海外·综合,yes,NEA,GR,1,,NEA,11,
海外·综合,yes,NG Federal,AR,1,,NG Federal (720p),02,
海外·综合,yes,NH Nieuws,NL,1,,NH Nieuws,11,
海外·综合,yes,NKR TV Kannada,IN,1,,NKR TV Kannada (1080p),02,
海外·综合,yes,NOOS TV,NL,1,,NOOS TV (720p),02,
海外·综合,yes,NORTEvisión,ES,1,,NORTEvisión (1080p),02,
海外·综合,yes,NOTV New Orleans TV,US,1,,NOTV New Orleans TV (720p),02,
海外·综合,yes,NRBTV,,1,,NRBTV,14,
海外·综合,yes,NS Home Shopping,KR,1,,NS Home Shopping (720p),02,
海外·综合,yes,NS Shop Plus,KR,1,,NS Shop Plus (720p),02,
海外·综合,yes,NST,RU,1,,NST (576p),02,
海外·综合,yes,NSTV,CO,1,,NSTV (1080p),02,
海外·综合,yes,NTD TV,US,1,,NTD TV (1080p),02,
海外·综合,yes,NTD TV West,US,1,,NTD TV West (720p),02,
海外·综合,yes,NTI Canale 271,IT,1,,NTI Canale 271,11,
海外·综合,yes,NTK,KZ,1,,NTK (576p),02,
海外·综合,yes,NTK TV,UA,1,,NTK TV,11,
海外·综合,yes,NTN (IT),IT,1,,NTN (720p);Nuova TV Nazionale,02;11,Nuova TV Nazionale
海外·综合,yes,NTN (UA),UA,1,,NTN (1080i);NTN,02;11,
海外·综合,yes,NTV (BD),BD,1,,NTV (720p),02,
海外·综合,yes,NTV (MN),MN,1,,NTV,11,
海外·综合,yes,NTV (RU),RU,1,,NTV HD (1080p),02,
海外·综合,yes,NTV (TR),TR,1,,NTV,02,
海外·综合,yes,NTV Law,RU,1,,NTV Law (576p),02,
海外·综合,yes,NTV Mir,RU,1,,NTV Mir (576p),02,
海外·综合,yes,NTV Style,RU,1,,NTV Style (576p),02,
海外·综合,yes,NTV Vitrina,RU,1,,NTV Vitrina (720p),02,
海外·综合,yes,NTV+,CA,1,,NTV+,02,
海外·综合,yes,NW Economie,TG,1,,NW Economie (576p),02,
海外·综合,yes,NZK Television,PE,1,,NZK Television (720p),02,
海外·综合,yes,NZTV,SK,1,,NZTV,02,
海外·综合,yes,Nandighosha TV,IN,1,,Nandighosha TV (576p),02,
海外·综合,yes,Naranja TV,DO,1,,Naranja TV (720p),02,
海外·综合,yes,Nashua GTV Channel 16 Nashua NH,US,1,,Nashua GTV Channel 16 Nashua NH (720p),02,
海外·综合,yes,Nasul TV,RO,1,,Nasul TV (720p) [Not 24/7],02,
海外·综合,yes,Natick Government Channel,US,1,,Natick Government Channel (720p),02,
海外·综合,yes,Natick Public Access Channel,US,1,,Natick Public Access Channel (720p),02,
海外·综合,yes,National 24 Plus,RO,1,,National 24 Plus,02,
海外·综合,yes,National TV,RO,1,,National TV,02,
海外·综合,yes,Nativa,PE,1,,Nativa (720p),02,
海外·综合,yes,Nativa TV Satipo,PE,1,,Nativa TV Satipo (720p),02,
海外·综合,yes,Natura – Pluto TV,IT,1,,Natura – Pluto TV,11,
海外·综合,yes,Naturescape – Pluto TV,,1,,Naturescape – Pluto TV,11,
海外·综合,yes,Nauka,UA,1,,Nauka (576p),02,
海外·综合,yes,Navarrete Television,DO,1,,Navarrete Television (1080p) [Not 24/7],02,
海外·综合,yes,Navo,UZ,1,,Navo (576p),02,
海外·综合,yes,Navoiy MTRK,UZ,1,,Navoiy MTRK (576i),02,
海外·综合,yes,Naxcivan TV,AZ,1,,Naxcivan TV (720p),02,
海外·综合,yes,Nayarit Comunica,MX,1,,Nayarit Comunica (1080p);TELE 10 Nayarit,02;11,TELE 10 Nayarit
海外·综合,yes,Naša TV,MK,1,,Naša TV (1080p) [Not 24/7];Наша ТВ,02;11,Наша ТВ
海外·综合,yes,Nea TV,GR,1,,Nea TV (720p),02,
海外·综合,yes,Negocios TV,ES,1,,Negocios TV (1080p);Negocios,02;11,Negocios
海外·综合,yes,Nei Monggol TV,CN,1,,Nei Monggol TV (960p),02,
海外·综合,yes,Neo TV,AR,1,,Neo TV,02,
海外·综合,yes,Network 10,IN,1,,Network 10 (576p),02,
海外·综合,yes,Nevis Television,KN,1,,Nevis Television,02,
海外·综合,yes,New Canaan Television 79 (NCTV79) (New Canaan CT),US,1,,New Canaan Television 79 (NCTV79) (New Canaan CT) (1080p),02,
海外·综合,yes,Newfoundland Television,CA,1,,Newfoundland Television (480p),02,
海外·综合,yes,Nexo TV,CO,1,,Nexo TV,02,
海外·综合,yes,Nexus TV,BD,1,,Nexus TV (576p),02,
海外·综合,yes,Nexxo TV,DO,1,,Nexxo TV,02,
海外·综合,yes,Nghệ An TV,VN,1,,Nghệ An TV (1080p),02,
海外·综合,yes,Nicoya TV,CR,1,,Nicoya TV (720p) [Not 24/7],02,
海外·综合,yes,Niederbayern TV,DE,1,,Niederbayern TV (720p),02,
海外·综合,yes,Niederbayern TV Deggendorf & Straubing,DE,1,,Niederbayern TV Deggendorf & Straubing (1080p),02,
海外·综合,yes,Niederbayern TV Landshut,DE,1,,Niederbayern TV Landshut (1080p),02,
海外·综合,yes,Niederbayern TV Passau,DE,1,,Niederbayern TV Passau (1080p),02,
海外·综合,yes,Nigbati,NG,1,,Nigbati (720p) [Not 24/7],02,
海外·综合,yes,Nim TV,GT,1,,Nim TV (720p) [Not 24/7],02,
海外·综合,yes,Nina TV,CL,1,,Nina TV (720p),02,
海外·综合,yes,Nine,AU,1,,Nine,11,
海外·综合,yes,Ninh Thuan TV,VN,1,,Ninh Thuan TV (1080p),02,
海外·综合,yes,Noa 4 Hamburg,DE,1,,Noa 4 Hamburg (1080p),02,
海外·综合,yes,Noa 4 Norderstedt,DE,1,,Noa 4 Norderstedt (1080p),02,
海外·综合,yes,Noor,IR,1,,Noor,02,
海外·综合,yes,NorCast Weather,US,1,,NorCast Weather (1080p),02,
海外·综合,yes,North Miami Beach TV (NMBTV) (North Miami Beach FL),US,1,,North Miami Beach TV (NMBTV) (North Miami Beach FL) (720p),02,
海外·综合,yes,NosTV Bonaire 2,BQ,1,,NosTV Bonaire 2,02,
海外·综合,yes,Nostalgia,RU,1,,Nostalgia (576p),02,
海外·综合,yes,Notele,BE,1,,Notele (576p) [Not 24/7],02,
海外·综合,yes,Nothing Scripted,,1,,Nothing Scripted,26,
海外·综合,yes,Notigram TV (XHFGL-TDT),MX,1,,Notigram TV (XHFGL-TDT) (1080p),02,
海外·综合,yes,Notioi TV,GR,1,,Notioi TV (1080p),02,
海外·综合,yes,Nova,RS,1,,Nova (1080p),02,
海外·综合,yes,Nova Era TV,BR,1,,Nova Era TV (1080p) [Not 24/7],02,
海外·综合,yes,Nove,IT,1,,Nove,11,
海外·综合,yes,Novoe televidenie,KZ,1,,Novoe televidenie (576p),02,
海外·综合,yes,Novyi Kanal,UA,1,,Novyi Kanal,11,
海外·综合,yes,Now 14,IL,1,,Now 14 (1080p);ערוץ 14,02;11,ערוץ 14
海外·综合,yes,Nuestra Imagen TV,GT,1,,Nuestra Imagen TV,02,
海外·综合,yes,Nuestra Tele Internacional,CO,1,,Nuestra Tele Internacional (720p),02,
海外·综合,yes,Nueve TV San Luís Potosí,MX,1,,Nueve TV San Luís Potosí (720p),02,
海外·综合,yes,Nuova Tv 1,IT,1,,Nuova Tv 1,11,
海外·综合,yes,Nurafshon TV,UZ,1,,Nurafshon TV,02,
海外·综合,yes,Nusantara TV,ID,1,,Nusantara TV (1080p),02,
海外·综合,yes,Nuvola Tv,IT,1,,Nuvola Tv,11,
海外·综合,yes,NärTV,FI,1,,NärTV (360p);När-TV Ⓢ,02;11,
海外·综合,yes,O Dia TV,BR,1,,O Dia TV,02,
海外·综合,yes,O'zbekiston,UZ,1,,O'zbekiston (576p),02,
海外·综合,yes,OEPM TV,DO,1,,OEPM TV (720p),02,
海外·综合,yes,OF-TV Offenbach,DE,1,,OF-TV Offenbach (720p),02,
海外·综合,yes,OK Dessau,DE,1,,OK Dessau (1080p) [Not 24/7],02,
海外·综合,yes,OK Flensburg,DE,1,,OK Flensburg (576p),02,
海外·综合,yes,OK Kiel,DE,1,,OK Kiel (576p),02,
海外·综合,yes,OK Magdeburg,DE,1,,OK Magdeburg (1080p),02,
海外·综合,yes,OK Merseburg-Querfurt,DE,1,,OK Merseburg-Querfurt (1080p) [Not 24/7],02,
海外·综合,yes,OK Salzwedel,DE,1,,OK Salzwedel (1080p) [Not 24/7],02,
海外·综合,yes,OK Stendal,DE,1,,OK Stendal (1080p),02,
海外·综合,yes,OK Wernigerode,DE,1,,OK Wernigerode (1080p),02,
海外·综合,yes,ON Life,VN,1,,ON Life (720p),02,
海外·综合,yes,OOG TV,NL,1,,OOG TV (720p),02,
海外·综合,yes,ORBIT TV,DO,1,,ORBIT TV (1080p),02,
海外·综合,yes,ORF 2,AT,1,,ORF 2 (720p),02,
海外·综合,yes,ORF III,AT,1,,ORF III HD (720p),02,
海外·综合,yes,ORTB TV,BJ,1,,ORTB TV (1080i),02,
海外·综合,yes,ORTS,NL,1,,ORTS (480p) [Not 24/7],02,
海外·综合,yes,OSBC TV,NG,1,,OSBC TV (480p),02,
海外·综合,yes,OTR,RU,1,,OTR (576p),02,
海外·综合,yes,OTV (LB),LB,1,,OTV (1080p),02,
海外·综合,yes,OTV (UA),UA,1,,OTV,02,
海外·综合,yes,Oberpfalz TV,DE,1,,Oberpfalz TV (1080p),02,
海外·综合,yes,Ocean-TV,RU,1,,Ocean-TV (576p),02,
海外·综合,yes,Oceanside Community Television (KOCT) Community Channel 18,US,1,,Oceanside Community Television (KOCT) Community Channel 18 (720p),02,
海外·综合,yes,Odeon 24,IT,1,,Odeon 24 (576p),02,
海外·综合,yes,Odisha TV,IN,1,,Odisha TV (720p),02,
海外·综合,yes,Ofogh,IR,1,,Ofogh;IRIB Ofogh,02;11,IRIB Ofogh
海外·综合,yes,Oh Muang Lao TV,LA,1,,Oh Muang Lao TV (720p),02,
海外·综合,yes,Okhota i rybalka,RU,1,,Okhota i rybalka (576p),02,
海外·综合,yes,Olelo Community Media Channel 49,US,1,,Olelo Community Media Channel 49 (720p),02,
海外·综合,yes,Olelo Community Media Channel 53,US,1,,Olelo Community Media Channel 53 (720p),02,
海外·综合,yes,Olelo Community Media Channel 54,US,1,,Olelo Community Media Channel 54 (720p),02,
海外·综合,yes,Oli TV (CL),CL,1,,Oli TV (1080p),02,
海外·综合,yes,Oman Althakafia,OM,1,,Oman Althakafia (1080p),02,
海外·综合,yes,Oman TV,OM,1,,Oman TV (1080p),02,
海外·综合,yes,Omroep Brabant Radio,NL,1,,Omroep Brabant Radio (1080p),02,
海外·综合,yes,Omroep Dommelland,NL,1,,Omroep Dommelland (720p),02,
海外·综合,yes,Omroep Flevoland,NL,1,,Omroep Flevoland (720p) [Not 24/7];Omroep Flevoland Ⓢ,02;11,
海外·综合,yes,Omroep Gelderland,NL,1,,Omroep Gelderland HD (1080p);Omroep Gelderland,02;11,
海外·综合,yes,Omroep Hoeksche Waard,NL,1,,Omroep Hoeksche Waard (480p),02,
海外·综合,yes,Omroep Land van Cuijk,NL,1,,Omroep Land van Cuijk (720p),02,
海外·综合,yes,Omroep Lingewaard,NL,1,,Omroep Lingewaard (720p),02,
海外·综合,yes,Omroep Peelrand,NL,1,,Omroep Peelrand (720p),02,
海外·综合,yes,Omroep Súdwest,NL,1,,Omroep Súdwest (720p),02,
海外·综合,yes,Omroep Tilburg TV,NL,1,,Omroep Tilburg TV (480p),02,
海外·综合,yes,Omroep Venlo,NL,1,,Omroep Venlo (720p),02,
海外·综合,yes,Omroep Venray,NL,1,,Omroep Venray (720p),02,
海外·综合,yes,Omroep West,NL,1,,Omroep West (1080p) [Not 24/7];Omroep West,02;11,
海外·综合,yes,Omrop Fryslân,NL,1,,Omrop Fryslân,11,
海外·综合,yes,Onda Algeciras TV,ES,1,,Onda Algeciras TV (576p),02,
海外·综合,yes,Onda Cádiz 24h,ES,1,,Onda Cádiz 24h (720p),02,
海外·综合,yes,Onda TV (IT),IT,1,,Onda TV (568p),02,
海外·综合,yes,Onda TV (PE),PE,1,,Onda TV (720p),02,
海外·综合,yes,Onda Tv Sicilia,IT,1,,Onda Tv Sicilia,11,
海外·综合,yes,Onda Web Radio,IT,1,,Onda Web Radio,11,
海外·综合,yes,One,MT,1,,One,02;11,
海外·综合,yes,One Planet,UA,1,,One Planet (1080p),02,
海外·综合,yes,Ontario Parliamentary Network,CA,1,,Ontario Parliamentary Network (720p),02,
海外·综合,yes,Ontario Public Access Channel,US,1,,Ontario Public Access Channel (360p),02,
海外·综合,yes,Open Rotterdam,NL,1,,Open Rotterdam (480p) [Not 24/7],02,
海外·综合,yes,Open TV,GR,1,,Open TV,11,
海外·综合,yes,Orange Government Access TV (Orange CT),US,1,,Orange Government Access TV (Orange CT) (720p),02,
海外·综合,yes,Oromar TV,EC,1,,Oromar TV (1080p),02,
海外·综合,yes,Oromar TV+,EC,1,,Oromar TV+ (720p),02,
海外·综合,yes,Oroszlányi Városi Televízió,HU,1,,Oroszlányi Városi Televízió (720p);Oroszlányi Városi Televízió,02;11,
海外·综合,yes,Outdoor America,US,1,,Outdoor America (1080p),02,
海外·综合,yes,Outside TV,US,1,,Outside TV (1080p),02,
海外·综合,yes,Overcomers TV,US,1,,Overcomers TV (720p),02,
海外·综合,yes,Ozone TV,HU,1,,Ozone TV,02,
海外·综合,yes,PAT La Paz,BO,1,,PAT La Paz (576p),02,
海外·综合,yes,PBC Tapesh TV,US,1,,PBC Tapesh TV (720p),02,
海外·综合,yes,PBS Antiques Road Trip,US,1,,PBS Antiques Road Trip (1080p),02,
海外·综合,yes,PBS MPT Baltimore MD (WMPB),US,1,,PBS MPT Baltimore MD (WMPB) (1080p),02,
海外·综合,yes,PFL MMA – Pluto TV,,1,,PFL MMA – Pluto TV,11,
海外·综合,yes,PHLgovTV,US,1,,PHLgovTV (720p),02,
海外·综合,yes,PHXTV,US,1,,PHXTV,02,
海外·综合,yes,PKTV,ID,1,,PKTV (480p),02,
海外·综合,yes,PMI TV,PK,1,,PMI TV (720p) [Not 24/7],02,
海外·综合,yes,PONTV,ID,1,,PONTV (720p),02,
海外·综合,yes,PROFI 24 TV,RO,1,,PROFI 24 TV,02,
海外·综合,yes,PTC Punjabi Canada,CA,1,,PTC Punjabi Canada (1080p),02,
海外·综合,yes,PTV (BO),BO,1,,PTV (720p),02,
海外·综合,yes,PUNKTum Fernsehen,DE,1,,PUNKTum Fernsehen (1080p) [Not 24/7],02,
海外·综合,yes,Paci Contemporary Channel,IT,1,,Paci Contemporary Channel (720p),02,
海外·综合,yes,Pacific Coast TV HMB Coastside Channel 27,US,1,,Pacific Coast TV HMB Coastside Channel 27 (720p),02,
海外·综合,yes,Pacific Coast TV MWSD Channel 26,US,1,,Pacific Coast TV MWSD Channel 26 (720p),02,
海外·综合,yes,Padang TV,ID,1,,Padang TV (720p) [Not 24/7],02,
海外·综合,yes,Palenque TV,BO,1,,Palenque TV (576p),02,
海外·综合,yes,Palestine,IR,1,,Palestine,02,
海外·综合,yes,Palestine Mubasher,PS,1,,Palestine Mubasher (1080p),02,
海外·综合,yes,Palestine Satellite Channel,PS,1,,Palestine Satellite Channel (1080p),02,
海外·综合,yes,Palm Beaches TV,US,1,,Palm Beaches TV (720p),02,
海外·综合,yes,Palmar TV,DO,1,,Palmar TV [Not 24/7],02,
海外·综合,yes,Panamericana TV,PE,1,,Panamericana TV (1080p);Panamericana TV,02;11,
海外·综合,yes,Panche Television,CO,1,,Panche Television,02,
海外·综合,yes,Panico,MX,1,,Panico (576p),02,
海外·综合,yes,Paravision,PY,1,,Paravision,02,
海外·综合,yes,Pardesi TV,CA,1,,Pardesi TV (720p),02,
海外·综合,yes,Parlamenti TAB közvetítés,HU,1,,Parlamenti TAB közvetítés,11,
海外·综合,yes,Parlamento de Navarra,ES,1,,Parlamento de Navarra (368p) [Not 24/7],02,
海外·综合,yes,Parlamentsfernsehen 1,DE,1,,Parlamentsfernsehen 1 (1080p) [Not 24/7],02,
海外·综合,yes,Parliament TV (MN),MN,1,,Parliament TV,11,
海外·综合,yes,Parliament TV (NZ),NZ,1,,Parliament TV (1080p),02,
海外·综合,yes,Pars TV,US,1,,Pars TV,02,
海外·综合,yes,Pasco TV (Pasco County FL),US,1,,Pasco TV (Pasco County FL) (480p),02,
海外·综合,yes,Payam-e-Afghan TV,US,1,,Payam-e-Afghan TV (480p) [Not 24/7],02,
海外·综合,yes,Peer TV Alto Adige,IT,1,,Peer TV Alto Adige (1280p);Peer Tv Alto Adige,02;11,
海外·综合,yes,Peer TV Südtirol,IT,1,,Peer TV Südtirol (1080p);Peer TV Südtirol,02;11,
海外·综合,yes,Pella,GR,1,,Pella,11,
海外·综合,yes,Pella TV,GR,1,,Pella TV (576p) [Not 24/7],02,
海外·综合,yes,People are awesome – Pluto TV,,1,,People are awesome – Pluto TV,11,
海外·综合,yes,Pershyi,UA,1,,Pershyi (1080p);Pershyi,02;11,
海外·综合,yes,Pershyi Zahidnyi,UA,1,,Pershyi Zahidnyi (1080p),02,
海外·综合,yes,Pershyi avtomobilnyi,UA,1,,Pershyi avtomobilnyi (1080p),02,
海外·综合,yes,Pervyy Muzykal'nyy BY,BY,1,,Pervyy Muzykal'nyy BY Ⓢ,11,
海外·综合,yes,Pervyy gorodskoy Odessa,UA,1,,Pervyy gorodskoy Odessa,11,
海外·综合,yes,PhillyCAM,US,1,,PhillyCAM (720p),02,
海外·综合,yes,Pichilemu TV,CL,1,,Pichilemu TV (1080p),02,
海外·综合,yes,Pimp My Ride – Pluto TV,,1,,Pimp My Ride – Pluto TV,11,
海外·综合,yes,Pinole Community Television (PCTV) Channel 26 (Pinole CA),US,1,,Pinole Community Television (PCTV) Channel 26 (Pinole CA) (480p),02,
海外·综合,yes,Pinole Community Television (PCTV) Channel 28 (Pinole CA),US,1,,Pinole Community Television (PCTV) Channel 28 (Pinole CA) (480p),02,
海外·综合,yes,PiuraTV,PE,1,,PiuraTV (720p),02,
海外·综合,yes,Planea TV,PE,1,,Planea TV (720p),02,
海外·综合,yes,Play TV (BR),BR,1,,Play TV (720p),02,
海外·综合,yes,Plous TV,VE,1,,Plous TV (1080p),02,
海外·综合,yes,Plus TLT,BO,1,,Plus TLT (720p),02,
海外·综合,yes,Pluto TV Backcountry,US,1,,Pluto TV Backcountry,02,
海外·综合,yes,Pluto TV Classic TV,DE,1,,Pluto TV Classic TV,02,
海外·综合,yes,Pluto TV Classic TV Families,US,1,,Pluto TV Classic TV Families,02,
海外·综合,yes,Pluto TV Classic TV Variety,US,1,,Pluto TV Classic TV Variety,02,
海外·综合,yes,Pluto TV Cocina,DE,1,,Pluto TV Cocina,02,
海外·综合,yes,Pluto TV Competencias,US,1,,Pluto TV Competencias,02,
海外·综合,yes,Pluto TV Cozinha,US,1,,Pluto TV Cozinha,02,
海外·综合,yes,Pluto TV Cucina,DE,1,,Pluto TV Cucina,02,
海外·综合,yes,Pluto TV Cuisine,DE,1,,Pluto TV Cuisine,02,
海外·综合,yes,Pluto TV Desenhos Clássicos,US,1,,Pluto TV Desenhos Clássicos,02,
海外·综合,yes,Pluto TV Diseño,DE,1,,Pluto TV Diseño,02,
海外·综合,yes,Pluto TV Estilo de Vida,US,1,,Pluto TV Estilo de Vida,02,
海外·综合,yes,Pluto TV Humor (US),US,1,,Pluto TV Humor,02,
海外·综合,yes,Pluto TV KFOOD,US,1,,Pluto TV KFOOD,02,
海外·综合,yes,Pluto TV Motor (DE),DE,1,,Pluto TV Motor,02,
海外·综合,yes,Pluto TV Peleas,US,1,,Pluto TV Peleas,02,
海外·综合,yes,Pluto TV Real Life,DE,1,,Pluto TV Real Life,02,
海外·综合,yes,Pluto TV Retro Crime Action,US,1,,Pluto TV Retro Crime Action,02,
海外·综合,yes,Pluto TV Retro Crime Drama,US,1,,Pluto TV Retro Crime Drama,02,
海外·综合,yes,Pluto TV Series Retro,US,1,,Pluto TV Series Retro,02,
海外·综合,yes,Pluto TV Sherlock,DE,1,,Pluto TV Sherlock,02,
海外·综合,yes,Pluto TV Velocidad,US,1,,Pluto TV Velocidad,02,
海外·综合,yes,Pluto TV Viagens,US,1,,Pluto TV Viagens,02,
海外·综合,yes,Pluto TV Viaggi,DE,1,,Pluto TV Viaggi,02,
海外·综合,yes,Plzeň TV,CZ,1,,Plzeň TV (1080p),02,
海外·综合,yes,Pocono Television Network,US,1,,Pocono Television Network (1080p),02,
海外·综合,yes,Podium.TV,NL,1,,Podium.TV (1080p) [Not 24/7],02,
海外·综合,yes,Podium.TV 2,NL,1,,Podium.TV 2 (1080p) [Not 24/7],02,
海外·综合,yes,Podium.TV 3,NL,1,,Podium.TV 3 (1080p) [Not 24/7],02,
海外·综合,yes,Pointe TV,AG,1,,Pointe TV,02,
海外·综合,yes,Polar TV (CL),CL,1,,Polar TV,02,
海外·综合,yes,Polar TV (CZ),CZ,1,,Polar TV (1080p),02,
海外·综合,yes,Police TV,TH,1,,Police TV (1080p),02,
海外·综合,yes,Pompano Beach Web Streaming (Pompano Beach FL),US,1,,Pompano Beach Web Streaming (Pompano Beach FL) (720p),02,
海外·综合,yes,Pop,UK,1,,Pop (1080p);Pop Ⓢ,02;11,
海外·综合,yes,Port St Lucie PSL TV (Port St Lucie FL),US,1,,Port St Lucie PSL TV (Port St Lucie FL) (360p),02,
海外·综合,yes,Porto Canal,PT,1,,Porto Canal (720p);Porto Canal Ⓢ,02;11,
海外·综合,yes,PortuTV,VE,1,,PortuTV (480p) [Not 24/7],02,
海外·综合,yes,Positiv TV,US,1,,Positiv TV (1080p),02,
海外·综合,yes,Power TV (TR),TR,1,,Power TV (1080p),02,
海外·综合,yes,PowerHD,AR,1,,PowerHD,02,
海外·综合,yes,PowerNation,US,1,,PowerNation (1080p),02,
海外·综合,yes,PowerTürk TV,TR,1,,PowerTürk TV (720p),02,
海外·综合,yes,Praha TV,CZ,1,,Praha TV,11,
海外·综合,yes,Praise TV,PK,1,,Praise TV (720p),02,
海外·综合,yes,Prarthana TV,IN,1,,Prarthana TV (720p),02,
海外·综合,yes,Pravasi Channel,IN,1,,Pravasi Channel (1080p),02,
海外·综合,yes,Presumiendo México,MX,1,,Presumiendo México (720p),02,
海外·综合,yes,Prima,CZ,1,,Prima (1080p);Prima,02;11,
海外·综合,yes,Prima Cool,CZ,1,,Prima Cool,02;11,
海外·综合,yes,Prima Cool SK,SK,1,,Prima Cool SK (1080p),02,
海外·综合,yes,Prima Krimi,CZ,1,,Prima Krimi,02,
海外·综合,yes,Prima Krimi SK,SK,1,,Prima Krimi SK,02,
海外·综合,yes,Prima Love,CZ,1,,Prima Love,02;11,
海外·综合,yes,Prima Max,CZ,1,,Prima Max,02,
海外·综合,yes,Prima SK,SK,1,,Prima SK,02,
海外·综合,yes,Prima Show,CZ,1,,Prima Show (1080p);Prima Show,02;11,
海外·综合,yes,Prima Star,CZ,1,,Prima Star (1080p);Prima STAR,02;11,
海外·综合,yes,Prima TV Sicilia,IT,1,,Prima TV Sicilia (720p);Prima Tv Sicilia,02;11,
海外·综合,yes,Prima Tv Napoli,IT,1,,Prima Tv Napoli,11,
海外·综合,yes,Prima Zoom,CZ,1,,Prima Zoom (1080p);Prima Zoom,02;11,
海外·综合,yes,Prima love SK,SK,1,,Prima love SK (1080p),02,
海外·综合,yes,PrimaFree,IT,1,,PrimaFree;PrimaFREE,02;11,
海外·综合,yes,Primavera 15,PE,1,,Primavera 15,02,
海外·综合,yes,Prime (HU),HU,1,,Prime,02,
海外·综合,yes,Prime Asia TV,CA,1,,Prime Asia TV (1080p),02,
海外·综合,yes,Primer TV,BR,1,,Primer TV (1080p),02,
海外·综合,yes,Primitivos TV,CL,1,,Primitivos TV (720p),02,
海外·综合,yes,Primocanale,IT,1,,Primocanale (1080p) [Not 24/7];Primocanale,02;11,
海外·综合,yes,Privesc.Eu TV,MD,1,,Privesc.Eu TV (2160p),02,
海外·综合,yes,Pro Business,RU,1,,Pro Business (720p),02,
海外·综合,yes,Pro Lyubov,RU,1,,Pro Lyubov (1080p),02,
海外·综合,yes,ProSieben,DE,1,,ProSieben (1080p),02,
海外·综合,yes,Productiva TV,PY,1,,Productiva TV,02,
海外·综合,yes,Prodvizhenie,RU,1,,Prodvizhenie (1080p),02,
海外·综合,yes,PromarTV,VE,1,,PromarTV (576p),02,
海外·综合,yes,Promovideo TV,IT,1,,Promovideo TV (486p);Promovideo Tv,02;11,
海外·综合,yes,Prosveshchenie,RU,1,,Prosveshchenie (576p),02,
海外·综合,yes,Pucon TV,CL,1,,Pucon TV (1080p),02,
海外·综合,yes,Puissance TV,FR,1,,Puissance TV,02,
海外·综合,yes,Puls 2,PL,1,,Puls 2 (1080p),02,
海外·综合,yes,Pulse Documentaries,,1,,Pulse Documentaries,01,
海外·综合,yes,Pulse95 Radio,AE,1,,Pulse95 Radio (1080p),02,
海外·综合,yes,Punta Cana TV,DO,1,,Punta Cana TV (720p) [Not 24/7],02,
海外·综合,yes,Punto TV,DO,1,,Punto TV (1080p) [Not 24/7],02,
海外·综合,yes,Punto TV Digital 40,DO,1,,Punto TV Digital 40 [Geo-blocked],02,
海外·综合,yes,Pura Palabra,PR,1,,Pura Palabra (718p) [Not 24/7],02,
海外·综合,yes,Puringla TV,HN,1,,Puringla TV,02,
海外·综合,yes,Pursuit Channel,US,1,,Pursuit Channel (720p),02,
海外·综合,yes,Pursuit UP,US,1,,Pursuit UP (1080p),02,
海外·综合,yes,Puruwa TV,EC,1,,Puruwa TV (1080p),02,
海外·综合,yes,Puthuyugam TV,IN,1,,Puthuyugam TV (576p),02,
海外·综合,yes,Puto TV Classic TV Crime Drama,US,1,,Puto TV Classic TV Crime Drama,02,
海外·综合,yes,QTV-2,CN,1,,QTV-2,02,
海外·综合,yes,QTV-4,CN,1,,QTV-4,02,
海外·综合,yes,QTV-5,CN,1,,QTV-5,02,
海外·综合,yes,QVC (US),US,1,,QVC (720p),02,
海外·综合,yes,QVC 2,US,1,,QVC 2 (720p),02,
海外·综合,yes,QVC 3,US,1,,QVC 3 (1080p),02,
海外·综合,yes,QVC Beauty,UK,1,,QVC Beauty Ⓢ,11,
海外·综合,yes,QVC Extra,UK,1,,QVC Extra Ⓢ,11,
海外·综合,yes,QVC Germany,DE,1,,QVC Germany (720p),02,
海外·综合,yes,QVC Italia,IT,1,,QVC Italia (540p);QVC,02;11,QVC
海外·综合,yes,QVC Style,UK,1,,QVC Style Ⓢ,11,
海外·综合,yes,QVC UK Beauty,UK,1,,QVC UK Beauty (540p),02,
海外·综合,yes,QVC UK Extra,UK,1,,QVC UK Extra (540p),02,
海外·综合,yes,QVC UK Style,UK,1,,QVC UK Style (540p),02,
海外·综合,yes,Qaraqalpaqstan,UZ,1,,Qaraqalpaqstan (720p),02,
海外·综合,yes,Qatar Television The Holy Quran,QA,1,,Qatar Television The Holy Quran,11,
海外·综合,yes,Qausain TV,NG,1,,Qausain TV (720p),02,
海外·综合,yes,Qazaqstan International,KZ,1,,Qazaqstan International,02,
海外·综合,yes,Qazvin,IR,1,,Qazvin,02,
海外·综合,yes,Qollasuyo TV,PE,1,,Qollasuyo TV (720p),02,
海外·综合,yes,Qub TV,RO,1,,Qub TV,02,
海外·综合,yes,Quiero TV,MX,1,,Quiero TV,11,
海外·综合,yes,Quảng Ngãi TV1,VN,1,,Quảng Ngãi TV1 (1080p),02,
海外·综合,yes,R Plus,IN,1,,R Plus (768p),02,
海外·综合,yes,R Plus Gold,IN,1,,R Plus Gold (720p),02,
海外·综合,yes,R Television,DO,1,,R Television [Not 24/7],02,
海外·综合,yes,R101 TV,IT,1,,R101 TV Ⓖ,11,
海外·综合,yes,R9,AT,1,,R9 (720p) [Not 24/7];R9,02;11,
海外·综合,yes,RAN1,DE,1,,RAN1 (1080p),02,
海外·综合,yes,RASD TV,EH,1,,RASD TV (1080i),02,
海外·综合,yes,RAZ 3,UA,1,,RAZ 3 (720p),02,
海外·综合,yes,RAZ 3 International,UA,1,,RAZ 3 International,02,
海外·综合,yes,RB TV,PY,1,,RB TV (1080p),02,
海外·综合,yes,RBATV,BR,1,,RBATV (720p),02,
海外·综合,yes,RBK-TV,RU,1,,RBK-TV SD (576p),02,
海外·综合,yes,RBW,DE,1,,RBW (1080p),02,
海外·综合,yes,RCG TV,MX,1,,RCG TV (1080p),02,
海外·综合,yes,RCN HD2,CO,1,,RCN HD2 (1080p),02,
海外·综合,yes,RCTV,ID,1,,RCTV (720p) [Not 24/7],02,
海外·综合,yes,REFLET TV,CI,1,,REFLET TV (1080p),02,
海外·综合,yes,REN TV International,RU,1,,REN TV International (576p),02,
海外·综合,yes,RFH,DE,1,,RFH (1080p),02,
海外·综合,yes,RFO,DE,1,,RFO (1080p),02,
海外·综合,yes,RIK,CY,1,,RIK HD,02;11,
海外·综合,yes,RIK 1,CY,1,,RIK 1;RIK 1 Ⓢ,02;11,
海外·综合,yes,RIK 2,CY,1,,RIK 2;RIK 2 Ⓢ,02;11,
海外·综合,yes,RMC Story,FR,1,,RMC Story (1080p),02,
海外·综合,yes,RMTV,BG,1,,RMTV (288p),02,
海外·综合,yes,RN Televisión,PE,1,,RN Televisión (720p) [Not 24/7],02,
海外·综合,yes,RN7 TV,NL,1,,RN7 TV (1080p),02,
海外·综合,yes,RNE para todos,ES,1,,RNE para todos (720p);RNE para todos,02;11,
海外·综合,yes,RPL TV Woerden,NL,1,,RPL TV Woerden (720p),02,
海外·综合,yes,RRI Net,ID,1,,RRI Net (1080p),02,
海外·综合,yes,RTA,AF,1,,RTA (1080p),02,
海外·综合,yes,RTC Quarta Rete,IT,1,,RTC Quarta Rete,11,
海外·综合,yes,RTC Telecalabria,IT,1,,RTC Telecalabria,11,
海外·综合,yes,RTC Television,CL,1,,RTC Television,02,
海外·综合,yes,RTG TV,RU,1,,RTG TV HD (1080p),02,
海外·综合,yes,RTI 1,CI,1,,RTI 1 (1080p),02,
海外·综合,yes,RTI Calabria,IT,1,,RTI Calabria,11,
海外·综合,yes,RTL (DE),DE,1,,RTL,02,
海外·综合,yes,RTL (HU),HU,1,,RTL,02,
海外·综合,yes,RTL 102.5,IT,1,,RTL 102.5,11,
海外·综合,yes,RTL 102.5 + Plus,IT,1,,RTL 102.5 + Plus,11,
海外·综合,yes,RTL Gold (HU),HU,1,,RTL Gold,02,
海外·综合,yes,RTL Harom,HU,1,,RTL Harom,02,
海外·综合,yes,RTL Ketto,HU,1,,RTL Ketto,02,
海外·综合,yes,RTL Klub,HU,1,,RTL Klub,11,
海外·综合,yes,RTL Radio Web TV,LU,1,,RTL Radio Web TV (1080p),02,
海外·综合,yes,RTL Super,DE,1,,RTL Super,02,
海外·综合,yes,RTL Télé Lëtzebuerg,LU,1,,RTL Télé Lëtzebuerg (1080p);RTL Télé Lëtzebuerg,02;11,
海外·综合,yes,RTL Zwee,LU,1,,RTL Zwee (1080p);RTL Zwee,02;11,
海外·综合,yes,RTL Zwei,DE,1,,RTL Zwei,02,
海外·综合,yes,RTM TV,IT,1,,RTM TV (1080p);RTM Manduria,02;11,RTM Manduria
海外·综合,yes,RTN Napoli,IT,1,,RTN Napoli,11,
海外·综合,yes,RTP (BO),BO,1,,RTP (576p),02,
海外·综合,yes,RTP (IT),IT,1,,RTP (404p);Rtp Tv,02;11,Rtp Tv
海外·综合,yes,RTP 1,PT,1,,RTP 1 (720p) [Not 24/7],02,
海外·综合,yes,RTP Madeira,PT,1,,RTP Madeira (504p) [Not 24/7],02,
海外·综合,yes,RTP Memória,PT,1,,RTP Memória (504p) [Not 24/7],02,
海外·综合,yes,RTP Mundo,PT,1,,RTP Mundo (504p) [Not 24/7],02,
海外·综合,yes,RTP África,PT,1,,RTP África (504p) [Not 24/7],02,
海外·综合,yes,RTQ Querétaro,MX,1,,RTQ Querétaro (1080p),02,
海外·综合,yes,RTR Planeta Europe,RU,1,,RTR Planeta Europe (720p) [Geo-blocked],02,
海外·综合,yes,RTR Planeta USA,RU,1,,RTR Planeta USA (720p) [Geo-blocked],02,
海外·综合,yes,RTR-Planeta,RU,1,,RTR-Planeta (576p),02,
海外·综合,yes,RTRS Plus,BA,1,,RTRS Plus (576p) [Not 24/7];RTRS PLUS Ⓢ,02;11,
海外·综合,yes,RTRS TV,BA,1,,RTRS TV (576p) [Not 24/7],02,
海外·综合,yes,RTRTV,EC,1,,RTRTV (1080p),02,
海外·综合,yes,RTS 2,RS,1,,RTS 2,11,
海外·综合,yes,RTS Svet,RS,1,,RTS Svet,11,
海外·综合,yes,RTTR Trento,IT,1,,RTTR Trento (720p);Rttr,02;11,Rttr
海外·综合,yes,RTV (AT),AT,1,,RTV (1080p) [Not 24/7];RTV,02;11,
海外·综合,yes,RTV (BD),BD,1,,RTV (720p),02,
海外·综合,yes,RTV 1,NL,1,,RTV 1 (720p),02,
海外·综合,yes,RTV BN,BA,1,,RTV BN,11,
海外·综合,yes,RTV Bap,RS,1,,RTV Bap (480p),02,
海外·综合,yes,RTV Canal 57,SV,1,,RTV Canal 57 (720p),02,
海外·综合,yes,RTV Drenthe,NL,1,,RTV Drenthe (1080p);RTV Drenthe,02;11,
海外·综合,yes,RTV Herceg-Bosne,BA,1,,RTV Herceg-Bosne (576p) [Not 24/7];RTV HB Ⓢ,02;11,RTV HB
海外·综合,yes,RTV LOVE,NL,1,,RTV LOVE (720p),02,
海外·综合,yes,RTV Maastricht,NL,1,,RTV Maastricht (720p) [Not 24/7],02,
海外·综合,yes,RTV Manilva,ES,1,,RTV Manilva (1080p) [Not 24/7],02,
海外·综合,yes,RTV Marbella,ES,1,,RTV Marbella (720p),02,
海外·综合,yes,RTV Meppel,NL,1,,RTV Meppel (720p),02,
海外·综合,yes,RTV Noord Extra,NL,1,,RTV Noord Extra (1080p) [Not 24/7],02,
海外·综合,yes,RTV Noordoost Friesland,NL,1,,RTV Noordoost Friesland (720p) [Not 24/7],02,
海外·综合,yes,RTV Nuble,CL,1,,RTV Nuble,02,
海外·综合,yes,RTV Oost,NL,1,,RTV Oost (720p);RTV Oost,02;11,
海外·综合,yes,RTV Parkstad,NL,1,,RTV Parkstad (1080p),02,
海外·综合,yes,RTV Purmerend,NL,1,,RTV Purmerend (720p),02,
海外·综合,yes,RTV Rijnmond,NL,1,,RTV Rijnmond (1080p);RTV Rijnmond,02;11,
海外·综合,yes,RTV Rijnmond Extra,NL,1,,RTV Rijnmond Extra (1080p),02,
海外·综合,yes,RTV Riobamba,EC,1,,RTV Riobamba (720p) [Not 24/7],02,
海外·综合,yes,RTV Rwanda,RW,1,,RTV Rwanda (480p) [Not 24/7],02,
海外·综合,yes,RTV SLOS,NL,1,,RTV SLOS (720p),02,
海外·综合,yes,RTV Veluwezoom,NL,1,,RTV Veluwezoom (720p),02,
海外·综合,yes,RTV Westerwolde,NL,1,,RTV Westerwolde (432p),02,
海外·综合,yes,RTV Zenica,BA,1,,RTV Zenica (720p);RTV ZE Ⓢ,02;11,RTV ZE
海外·综合,yes,RTV Zulthe,NL,1,,RTV Zulthe (720p),02,
海外·综合,yes,RTV38,IT,1,,RTV38 (576p),02,
海外·综合,yes,RTVi US,US,1,,RTVi US (1080p),02,
海外·综合,yes,RTÉ One,IE,1,,RTÉ One,11,
海外·综合,yes,RTÉ2,IE,1,,RTÉ2,11,
海外·综合,yes,RVTV,US,1,,RVTV (1080p),02,
海外·综合,yes,RVTV Civic,US,1,,RVTV Civic (720p),02,
海外·综合,yes,RVTV Grants Pass,US,1,,RVTV Grants Pass (720p),02,
海外·综合,yes,RVTV Prime,US,1,,RVTV Prime (720p),02,
海外·综合,yes,RVTV Voices,US,1,,RVTV Voices (720p),02,
海外·综合,yes,Raajje TV,MV,1,,Raajje TV,02,
海外·综合,yes,Rada TV,UA,1,,Rada TV (1080p),02,
海外·综合,yes,Radar Lampung TV,ID,1,,Radar Lampung TV (480p),02,
海外·综合,yes,Radar Tasikmalaya TV,ID,1,,Radar Tasikmalaya TV (720p) [Not 24/7],02,
海外·综合,yes,Radio 1 (BE),BE,1,,Radio 1 (720p),02,
海外·综合,yes,Radio 1 (RU),RU,1,,Radio 1 (720p) [Geo-blocked],02,
海外·综合,yes,Radio 10,NL,1,,Radio 10 (720p),02,
海外·综合,yes,Radio 105 TV,IT,1,,Radio 105 TV Ⓖ,11,
海外·综合,yes,Radio 2,BE,1,,Radio 2 (720p),02,
海外·综合,yes,Radio 3,ES,1,,Radio 3 (720p),02,
海外·综合,yes,Radio 350,NL,1,,Radio 350 (360p) [Not 24/7],02,
海外·综合,yes,Radio 3M InBlu,IT,1,,Radio 3M InBlu,11,
海外·综合,yes,Radio 3i,CH,1,,Radio 3i (720p),02,
海外·综合,yes,Radio 538,NL,1,,Radio 538 (270p),02,
海外·综合,yes,Radio Aalsmeer TV,NL,1,,Radio Aalsmeer TV (720p) [Not 24/7],02,
海外·综合,yes,Radio Albalad TV,PS,1,,Radio Albalad TV (720p),02,
海外·综合,yes,Radio America TV,CL,1,,Radio America TV (720p),02,
海外·综合,yes,Radio Ancoa TV,CL,1,,Radio Ancoa TV (720p),02,
海外·综合,yes,Radio Arancia TV,IT,1,,Radio Arancia TV,11,
海外·综合,yes,Radio Bianconera TV,IT,1,,Radio Bianconera TV,11,
海外·综合,yes,Radio Bruno Tv,IT,1,,Radio Bruno Tv,11,
海外·综合,yes,Radio Centro,BO,1,,Radio Centro (720p),02,
海外·综合,yes,Radio Coatan Canal 21,GT,1,,Radio Coatan Canal 21,02,
海外·综合,yes,Radio Contemporanea Coihueco,CL,1,,Radio Contemporanea Coihueco (720p),02,
海外·综合,yes,Radio Delta 1 TV,IT,1,,Radio Delta 1 TV,11,
海外·综合,yes,Radio Digiesse TV,IT,1,,Radio Digiesse TV,11,
海外·综合,yes,Radio Fann Jordan Studio,JO,1,,Radio Fann Jordan Studio (1080p) [Not 24/7],02,
海外·综合,yes,Radio Fantasia TV,CL,1,,Radio Fantasia TV (720p),02,
海外·综合,yes,Radio Frecuencia Uno,CL,1,,Radio Frecuencia Uno (720p),02,
海外·综合,yes,Radio Guaira TV,PY,1,,Radio Guaira TV,02,
海外·综合,yes,Radio Ibiza,IT,1,,Radio Ibiza,11,
海外·综合,yes,Radio Ibiza TV,IT,1,,Radio Ibiza TV (720p) [Not 24/7],02,
海外·综合,yes,Radio Iglesias Sardegna,IT,1,,Radio Iglesias Sardegna (576p) [Geo-blocked];Radio Iglesias Visual Radio,02;11,Radio Iglesias Visual Radio
海外·综合,yes,Radio Italia Cina Tv,IT,1,,Radio Italia Cina Tv,11,
海外·综合,yes,Radio Juke Box TV,IT,1,,Radio Juke Box TV,11,
海外·综合,yes,Radio KISS KISS TV,IT,1,,Radio KISS KISS TV,11,
海外·综合,yes,Radio Kiss Kiss Italia TV,IT,1,,Radio Kiss Kiss Italia TV,11,
海外·综合,yes,Radio Kollasuyo,BO,1,,Radio Kollasuyo (720p),02,
海外·综合,yes,Radio Las Nieves,CL,1,,Radio Las Nieves (720p),02,
海外·综合,yes,Radio Libertà,IT,1,,Radio Libertà,11,
海外·综合,yes,Radio Mir,BY,1,,Radio Mir (720p),02,
海外·综合,yes,Radio Monte Kronio Tv (R.M.K.),IT,1,,Radio Monte Kronio Tv (R.M.K.),11,
海外·综合,yes,Radio Montecarlo TV,IT,1,,Radio Montecarlo TV Ⓖ,11,
海外·综合,yes,Radio Napoli Emme,IT,1,,Radio Napoli Emme,11,
海外·综合,yes,Radio Number One,IT,1,,Radio Number One (720p) [Not 24/7];Radio Number One TV,02;11,Radio Number One TV
海外·综合,yes,Radio Padova TV,IT,1,,Radio Padova TV,11,
海外·综合,yes,Radio Panoramica,CL,1,,Radio Panoramica (720p),02,
海外·综合,yes,Radio Popular TV,CL,1,,Radio Popular TV,02,
海外·综合,yes,Radio Punto Zero TV,IT,1,,Radio Punto Zero TV,11,
海外·综合,yes,Radio Radio Tv,IT,1,,Radio Radio Tv,11,
海外·综合,yes,Radio Radiosa Tv,IT,1,,Radio Radiosa Tv,11,
海外·综合,yes,Radio Rancagua FM,CL,1,,Radio Rancagua FM (720p),02,
海外·综合,yes,Radio Ritmo,CL,1,,Radio Ritmo (1080p) [Not 24/7],02,
海外·综合,yes,Radio Ritmo 80 TV,IT,1,,Radio Ritmo 80 TV,11,
海外·综合,yes,Radio Rossii,RU,1,,Radio Rossii (720p),02,
海外·综合,yes,Radio Studio Delta TV,IT,1,,Radio Studio Delta TV (1080p) [Not 24/7],02,
海外·综合,yes,Radio Studio TV,IT,1,,Radio Studio TV,11,
海外·综合,yes,Radio TV Basse-Terre,GP,1,,Radio TV Basse-Terre (720p),02,
海外·综合,yes,Radio TV Serie A,IT,1,,Radio TV Serie A,11,
海外·综合,yes,Radio Taormina Sicilia,IT,1,,Radio Taormina Sicilia (720p) [Not 24/7];Radio Taormina TV,02;11,Radio Taormina TV
海外·综合,yes,Radio Tele Ginen,HT,1,,Radio Tele Ginen,02,
海外·综合,yes,Radio Televizija Banovina,HR,1,,Radio Televizija Banovina (1080p) [Not 24/7],02,
海外·综合,yes,Radio Tivù Azzurra,IT,1,,Radio Tivù Azzurra,11,
海外·综合,yes,Radio UC,CL,1,,Radio UC (720p),02,
海外·综合,yes,Radio UNIACC,CL,1,,Radio UNIACC (720p),02,
海外·综合,yes,Radio UP,AR,1,,Radio UP (1080p),02,
海外·综合,yes,Radio USACH,CL,1,,Radio USACH (720p),02,
海外·综合,yes,Radio Universal,CL,1,,Radio Universal (720p),02,
海外·综合,yes,Radio Via Libre,CL,1,,Radio Via Libre (720p),02,
海外·综合,yes,Radio Vida Curico,CL,1,,Radio Vida Curico (720p),02,
海外·综合,yes,Radio Yaqeen Jordan City View,JO,1,,Radio Yaqeen Jordan City View (1080p) [Not 24/7],02,
海外·综合,yes,Radio ZETA,IT,1,,Radio ZETA,11,
海外·综合,yes,Radio y Televisión Martí,US,1,,Radio y Televisión Martí (720p),02,
海外·综合,yes,Radio24-IlSole24OreTV,IT,1,,Radio24-IlSole24OreTV,11,
海外·综合,yes,RadioFreccia,IT,1,,RadioFreccia,11,
海外·综合,yes,RadioItaliaTV,IT,1,,RadioItaliaTV,11,
海外·综合,yes,RadioTV Oriente,PE,1,,RadioTV Oriente (720p),02,
海外·综合,yes,Radiocanal San Francisco,AR,1,,Radiocanal San Francisco (1080p),02,
海外·综合,yes,Radiotele Morelia,MX,1,,Radiotele Morelia (352p),02,
海外·综合,yes,Raftaar Media,IN,1,,Raftaar Media (576p),02,
海外·综合,yes,Rai Italia,IT,1,,Rai Italia (1080p),02,
海外·综合,yes,Rai Italia Asia e Australia,IT,1,,Rai Italia Asia e Australia,11,
海外·综合,yes,Rai Italia Australia,IT,1,,Rai Italia Australia (1080p),02,
海外·综合,yes,Rai Italia Europa e Africa,IT,1,,Rai Italia Europa e Africa,11,
海外·综合,yes,Rai Italia Nord America,IT,1,,Rai Italia Nord America,11,
海外·综合,yes,Rai Italia North Americas,IT,1,,Rai Italia North Americas (1080p),02,
海外·综合,yes,Rai Italia South Americas,IT,1,,Rai Italia South Americas (1080p),02,
海外·综合,yes,Rai Italia Sud America,IT,1,,Rai Italia Sud America,11,
海外·综合,yes,Rai Sudtirol,IT,1,,Rai Sudtirol,02,
海外·综合,yes,Rajeen TV,PS,1,,Rajeen TV (1080p) [Not 24/7],02,
海外·综合,yes,Raly TV,MX,1,,Raly TV (720p),02,
海外·综合,yes,Rama Channel,TH,1,,Rama Channel,02,
海外·综合,yes,Ran Friul,IT,1,,Ran Friul,11,
海外·综合,yes,Rancho Cucamonga RCTV3 (Rancho Cucamonga CA),US,1,,Rancho Cucamonga RCTV3 (Rancho Cucamonga CA) (480p),02,
海外·综合,yes,Rang,IN,1,,Rang (576p),02,
海外·综合,yes,Rapid TV,NG,1,,Rapid TV (480p),02,
海外·综合,yes,Rave TV,NG,1,,Rave TV (576p);Rave TV,02;11,
海外·综合,yes,Razavi TV,IR,1,,Razavi TV,02,
海外·综合,yes,Ready TV Canal 6,DO,1,,Ready TV Canal 6 (720p) [Not 24/7],02,
海外·综合,yes,Real America's Voice,US,1,,Real America's Voice (1080p),02,
海外·综合,yes,Real America's Voice KPVM-LD,US,1,,Real America's Voice KPVM-LD,02,
海外·综合,yes,Real Television,PE,1,,Real Television (720p),02,
海外·综合,yes,Real Time,IT,1,,Real Time,11,
海外·综合,yes,Real Wild,UK,1,,Real Wild (1080p),02,
海外·综合,yes,Real life – Pluto TV,IT,1,,Real life – Pluto TV,11,
海外·综合,yes,Realitatea Plus,RO,1,,Realitatea Plus (720p),02,
海外·综合,yes,Realitatea Star,RO,1,,Realitatea Star (576i),02,
海外·综合,yes,Reality – Pluto TV,IT,1,,Reality – Pluto TV,11,
海外·综合,yes,RecordTV Interior SP,BR,1,,RecordTV Interior SP,02,
海外·综合,yes,Red ADvenir TV,BO,1,,Red ADvenir TV (360p) [Not 24/7],02,
海外·综合,yes,Red America TV,BO,1,,Red America TV (1080p),02,
海外·综合,yes,Red Carpet TV International,PL,1,,Red Carpet TV International (1080p),02,
海外·综合,yes,Red DTV,BO,1,,Red DTV (1080p),02,
海外·综合,yes,Red Digital,PY,1,,Red Digital (1080p) [Not 24/7],02,
海外·综合,yes,Red Rubi,BO,1,,Red Rubi (720p),02,
海外·综合,yes,Red TV Shop,BO,1,,Red TV Shop (720p),02,
海外·综合,yes,Red TVE Ventanas,EC,1,,Red TVE Ventanas (432p),02,
海外·综合,yes,Red Uno,BO,1,,Red Uno (1080p) [Geo-blocked],02,
海外·综合,yes,Red Uno La Paz,BO,1,,Red Uno La Paz (1080p) [Geo-blocked],02,
海外·综合,yes,Red Uno Santa Cruz,BO,1,,Red Uno Santa Cruz (1080p),02,
海外·综合,yes,Rede CNT Rio de Janeiro,BR,1,,Rede CNT Rio de Janeiro (720p),02,
海外·综合,yes,Rede Familia,BR,1,,Rede Familia (720p),02,
海外·综合,yes,Rede Globo,BR,1,,Rede Globo (720p),02,
海外·综合,yes,Rede Meio Norte,BR,1,,Rede Meio Norte (720p),02,
海外·综合,yes,Rede SPTV,BR,1,,Rede SPTV (360p),02,
海外·综合,yes,Rede TV!,BR,1,,Rede TV! (720p),02,
海外·综合,yes,Rede TV! Mais,BR,1,,Rede TV! Mais,02,
海外·综合,yes,RedeTV! Parana,BR,1,,RedeTV! Parana,02,
海外·综合,yes,ReggioTV,IT,1,,ReggioTV (480p) [Not 24/7];Reggio Tv,02;11,
海外·综合,yes,Regio TV Bodensee,DE,1,,Regio TV Bodensee (1080p),02,
海外·综合,yes,Regio TV Stuttgart,DE,1,,Regio TV Stuttgart (1080p),02,
海外·综合,yes,Regio90 TV,NL,1,,Regio90 TV (720p),02,
海外·综合,yes,Region TV Callao,PE,1,,Region TV Callao (720p),02,
海外·综合,yes,Regional TV Yaguaron,PY,1,,Regional TV Yaguaron (1080p),02,
海外·综合,yes,Reload Play,GR,1,,Reload Play (720p),02,
海外·综合,yes,Renegade – Pluto TV,,1,,Renegade – Pluto TV,11,
海外·综合,yes,Renessans TV,UZ,1,,Renessans TV (576p),02,
海外·综合,yes,Renome,UA,1,,Renome (576p),02,
海外·综合,yes,Reportero TV,DO,1,,Reportero TV [Not 24/7],02,
海外·综合,yes,República TV,PY,1,,República TV (720p),02,
海外·综合,yes,Resurrection TV,GH,1,,Resurrection TV (720p),02,
海外·综合,yes,Rete 55,IT,1,,Rete 55,02;11,
海外·综合,yes,Rete 7 Tv,IT,1,,Rete 7 Tv,11,
海外·综合,yes,Rete 8,IT,1,,Rete 8;Rete 8 Vga,02;11,Rete 8 Vga
海外·综合,yes,Rete 8 Sport,IT,1,,Rete 8 Sport,11,
海外·综合,yes,Rete Biella TV,IT,1,,Rete Biella TV (720p) [Not 24/7];Rete Biella Tv,02;11,
海外·综合,yes,Rete Mia,IT,1,,Rete Mia,11,
海外·综合,yes,Rete Oro,IT,1,,Rete Oro (720p) [Not 24/7];Rete Oro Tv,02;11,Rete Oro Tv
海外·综合,yes,Rete Sole,IT,1,,Rete Sole,11,
海外·综合,yes,Rete TV Italia,IT,1,,Rete TV Italia (1080p);Rete Tv Italia,02;11,
海外·综合,yes,Retro Music TV,CZ,1,,Retro Music TV Ⓢ,11,
海外·综合,yes,Rev and Roll,US,1,,Rev and Roll (720p),02,
海外·综合,yes,Revolt,US,1,,Revolt (720p),02,
海外·综合,yes,Revry Queer,US,1,,Revry Queer (720p),02,
海外·综合,yes,Rial TV,CL,1,,Rial TV (720p),02,
海外·综合,yes,Rialto Classic Movies (RCM),,1,,Rialto Classic Movies (RCM),01,
海外·综合,yes,Riau TV,ID,1,,Riau TV (1080p) [Not 24/7],02,
海外·综合,yes,Ribera TV,ES,1,,Ribera TV (576p),02,
海外·综合,yes,Ridiculousness – Pluto TV,,1,,Ridiculousness – Pluto TV,11,
海外·综合,yes,Rifle Community TV RCTV (Rifle CO),US,1,,Rifle Community TV RCTV (Rifle CO) (720p),02,
海外·综合,yes,Riigikogu,EE,1,,Riigikogu (720p);Riigikogu,02;11,
海外·综合,yes,Rika TV,KZ,1,,Rika TV (480p),02,
海外·综合,yes,Robot Wars by MECH+ – Pluto TV,,1,,Robot Wars by MECH+ – Pluto TV,11,
海外·综合,yes,Rocavision TV,DO,1,,Rocavision TV [Not 24/7],02,
海外·综合,yes,Rocco TV,CL,1,,Rocco TV,02,
海外·综合,yes,Rodja TV,ID,1,,Rodja TV (720p),02,
海外·综合,yes,Rojava TV,SY,1,,Rojava TV (1080p),02,
海外·综合,yes,Romance – Rakuten TV,,1,,Romance – Rakuten TV,11,
海外·综合,yes,Romantica TV,IT,1,,Romantica TV (1080p),02,
海外·综合,yes,Ronahi TV,SY,1,,Ronahi TV (1080p),02,
海外·综合,yes,Rossini Tv,IT,1,,Rossini Tv,11,
海外·综合,yes,Rossiya 1 Vainah,RU,1,,Rossiya 1 Vainah (576i),02,
海外·综合,yes,Rotana Classic,SA,1,,Rotana Classic (1080p) [Geo-blocked],02,
海外·综合,yes,Rotana Clip,SA,1,,Rotana Clip (1080p) [Geo-blocked],02,
海外·综合,yes,Rotana Radio Jordan Studio,JO,1,,Rotana Radio Jordan Studio (1080p) [Not 24/7],02,
海外·综合,yes,Rotana Tarab Jordan City View,JO,1,,Rotana Tarab Jordan City View (720p) [Not 24/7],02,
海外·综合,yes,Roya TV,IR,1,,Roya TV,02,
海外·综合,yes,Royalworld,PL,1,,Royalworld,02,
海外·综合,yes,Rtv 38 Toscana,IT,1,,Rtv 38 Toscana,11,
海外·综合,yes,Rumbo Minero TV,PE,1,,Rumbo Minero TV (1080p),02,
海外·综合,yes,Russia-1,RU,1,,Russia-1 HD (1080p),02,
海外·综合,yes,Rustavi 2,GE,1,,Rustavi 2,11,
海外·综合,yes,Ruta 66 TV,DO,1,,Ruta 66 TV (1080p) [Not 24/7],02,
海外·综合,yes,Rybalka,UA,1,,Rybalka (1080p),02,
海外·综合,yes,Rybolov,RU,1,,Rybolov (576p),02,
海外·综合,yes,RÚV,IS,1,,RÚV (720p);RÚV,02;11,
海外·综合,yes,RÚV 2,IS,1,,RÚV 2 (1080p);RÚV 2,02;11,
海外·综合,yes,Ràdio Bocairent TV,ES,1,,Ràdio Bocairent TV (1080p) [Not 24/7],02,
海外·综合,yes,Rádio Sines,PT,1,,Rádio Sines (720p) [Geo-blocked],02,
海外·综合,yes,Régió TV,SK,1,,Régió TV (406p),02,
海外·综合,yes,RΙΚ Sat (CYBC S),CY,1,,RΙΚ Sat (CYBC S) (720p) [Not 24/7];RIK Sat,02;11,RIK Sat
海外·综合,yes,S Free!,US,1,,S Free! (360p),02,
海外·综合,yes,S Premium!,US,1,,S Premium! (360p),02,
海外·综合,yes,SAT.1 Gold,DE,1,,SAT.1 Gold (576p),02,
海外·综合,yes,SBB TV,TH,1,,SBB TV,02,
海外·综合,yes,SBC,SA,1,,SBC (1080p);SBC Saudi Arabia,02;11,SBC Saudi Arabia
海外·综合,yes,SBN,MN,1,,SBN,11,
海外·综合,yes,SBS,,1,,SBS,14,
海外·综合,yes,SBS CJB,KR,1,,SBS CJB (540p) [Not 24/7];CJB TV,02;11,CJB TV
海外·综合,yes,SBS KNN,KR,1,,SBS KNN (1080p) [Not 24/7],02,
海外·综合,yes,SBS TBC,KR,1,,SBS TBC (540p),02,
海外·综合,yes,SBS UBC,KR,1,,SBS UBC (540p) [Not 24/7];UBC TV,02;11,UBC TV
海外·综合,yes,SBT Interior,BR,1,,SBT Interior (720p),02,
海外·综合,yes,SBT TV,TH,1,,SBT TV,02,
海外·综合,yes,SBTV,HR,1,,SBTV (1080p) [Not 24/7];SBTV,02;11,
海外·综合,yes,SCTV11,VN,1,,SCTV11 (720p),02,
海外·综合,yes,SCTV13,VN,1,,SCTV13 (720p),02,
海外·综合,yes,SCTV14,VN,1,,SCTV14 (720p),02,
海外·综合,yes,SCTV16,VN,1,,SCTV16 (720p),02,
海外·综合,yes,SCTV18,VN,1,,SCTV18 (720p),02,
海外·综合,yes,SCTV19,VN,1,,SCTV19 (720p),02,
海外·综合,yes,SCTV20,VN,1,,SCTV20 (720p),02,
海外·综合,yes,SCTV3,VN,1,,SCTV3 (720p),02,
海外·综合,yes,SCTV4,VN,1,,SCTV4 (720p),02,
海外·综合,yes,SCTV6,VN,1,,SCTV6 (720p),02,
海外·综合,yes,SCTV7,VN,1,,SCTV7 (720p),02,
海外·综合,yes,SCTV9,VN,1,,SCTV9 (720p),02,
海外·综合,yes,SEATV,KH,1,,SEATV (1080p),02,
海外·综合,yes,SEC Network,US,1,,SEC Network (1080p),02,
海外·综合,yes,SET Televisión Canal 26.1,MX,1,,SET Televisión Canal 26.1 (720p) [Not 24/7],02,
海外·综合,yes,SFGovTV San Francisco The Government Channel,US,1,,SFGovTV San Francisco The Government Channel (720p),02,
海外·综合,yes,SFGovTV2 San Francisco The City Channel,US,1,,SFGovTV2 San Francisco The City Channel (720p),02,
海外·综合,yes,SIC Alta Definição,PT,1,,SIC Alta Definição (1080p);SIC,02;11,SIC
海外·综合,yes,SIC Replay,PT,1,,SIC Replay (1080p),02,
海外·综合,yes,SIC TV,BR,1,,SIC TV (720p),02,
海外·综合,yes,SIL TV,GT,1,,SIL TV (1080p),02,
海外·综合,yes,SIPSE TV 8.1,MX,1,,SIPSE TV 8.1 (1080p) [Not 24/7],02,
海外·综合,yes,SIPSE TVCUN 8.1,MX,1,,SIPSE TVCUN 8.1 (1080p) [Not 24/7],02,
海外·综合,yes,SIXO TV,HU,1,,SIXO TV (360p),02,
海外·综合,yes,SIZART Canal 24 (XHZHZ-TDT),MX,1,,SIZART Canal 24 (XHZHZ-TDT) (720p),02,
海外·综合,yes,SLO County Channel 21,US,1,,SLO County Channel 21 (360p),02,
海外·综合,yes,SMNI,PH,1,,SMNI (720p),02,
海外·综合,yes,SMTV,ID,1,,SMTV (720p),02,
海外·综合,yes,SNT,PY,1,,SNT (480p),02,
海外·综合,yes,SNTV Daljir,SO,1,,SNTV Daljir Ⓢ,11,
海外·综合,yes,SOL 2,NL,1,,SOL 2 (1080p),02,
海外·综合,yes,SOU TV,BR,1,,SOU TV,02,
海外·综合,yes,SR Fernsehen,DE,1,,SR Fernsehen (720p);SR Ⓖ,02;11,SR
海外·综合,yes,SRC TV,NL,1,,SRC TV (720p),02,
海外·综合,yes,STB,UA,1,,STB (1080p),02,
海外·综合,yes,STOU Channel,TH,1,,STOU Channel (720p),02,
海外·综合,yes,STS International,RU,1,,STS International (576p),02,
海外·综合,yes,STV (BY),BY,1,,STV HD (720p);СТВ,02;11,СТВ
海外·综合,yes,STV (HR),HR,1,,STV (720p);Televizija Slavonije i Baranje (STV),02;11,Televizija Slavonije i Baranje (STV)
海外·综合,yes,STV (ID),ID,1,,STV (720p) [Not 24/7],02,
海外·综合,yes,STV (US),US,1,,STV (360p),02,
海外·综合,yes,SUR TV Itapua,PY,1,,SUR TV Itapua,02,
海外·综合,yes,SV+,SV,1,,SV+ (720p),02,
海外·综合,yes,SWR Fernsehen,DE,1,,SWR Fernsehen HD,02,
海外·综合,yes,Saab TV,SO,1,,Saab TV Ⓢ,11,
海外·综合,yes,Saam TV,IN,1,,Saam TV,02,
海外·综合,yes,Saarland Fernsehen 1,DE,1,,Saarland Fernsehen 1 (1080p),02,
海外·综合,yes,Saarland Fernsehen 2,DE,1,,Saarland Fernsehen 2 (720p) [Not 24/7],02,
海外·综合,yes,Sabalan,IR,1,,Sabalan,02,
海外·综合,yes,Sabz,IR,1,,Sabz,02,
海外·综合,yes,Sachsen Eins,DE,1,,Sachsen Eins (1080p),02,
海外·综合,yes,Sahand,IR,1,,Sahand,02,
海外·综合,yes,Sai TV,IN,1,,Sai TV (576p),02,
海外·综合,yes,Salam TV,ID,1,,Salam TV (720p),02,
海外·综合,yes,Salamat,IR,1,,Salamat;IRIB Salamat Ⓢ,02;11,IRIB Salamat
海外·综合,yes,Salira TV,ID,1,,Salira TV (720p),02,
海外·综合,yes,Salt TV,UA,1,,Salt TV (1080p),02,
海外·综合,yes,Salto 2,NL,1,,Salto 2 (720p),02,
海外·综合,yes,Salvation TV (NG),NG,1,,Salvation TV (576p),02,
海外·综合,yes,Samarra TV,IQ,1,,Samarra TV,02,
海外·综合,yes,Samiaki TV,GR,1,,Samiaki TV (540p) [Not 24/7];Samiaki TV,02;11,
海外·综合,yes,Sampit TV,ID,1,,Sampit TV (720p) [Not 24/7],02,
海外·综合,yes,San Isidro TV,DO,1,,San Isidro TV (720p) [Not 24/7],02,
海外·综合,yes,San Luis +,AR,1,,San Luis +,02,
海外·综合,yes,Sanctuary – Pluto TV,,1,,Sanctuary – Pluto TV,11,
海外·综合,yes,Sandzak TV,RS,1,,Sandzak TV (576p),02,
海外·综合,yes,Sangaji TV,ID,1,,Sangaji TV (720p),02,
海外·综合,yes,Sangat TV,UK,1,,Sangat TV (576p),02,
海外·综合,yes,Sankt-Peterburg,RU,1,,Sankt-Peterburg HD (720p),02,
海外·综合,yes,Sansad TV 1,IN,1,,Sansad TV 1 HD (1080p),02,
海外·综合,yes,Santa Cruz TV,DO,1,,Santa Cruz TV (1080p) [Not 24/7],02,
海外·综合,yes,Santa Fe Canal,AR,1,,Santa Fe Canal (1080p),02,
海外·综合,yes,Santa Maria Community Television Government Channel,US,1,,Santa Maria Community Television Government Channel (720p),02,
海外·综合,yes,Santa Maria Community Television Public Access Channel,US,1,,Santa Maria Community Television Public Access Channel (720p),02,
海外·综合,yes,Santa María Televisión,CL,1,,Santa María Televisión (720p) [Not 24/7],02,
海外·综合,yes,Santa Monica City TV 20 (Santa Monica CA),US,1,,Santa Monica City TV 20 (Santa Monica CA) (360p) [Not 24/7],02,
海外·综合,yes,Santiago TV,DO,1,,Santiago TV (720p) [Not 24/7],02,
海外·综合,yes,Santvani Channel,IN,1,,Santvani Channel (576p),02,
海外·综合,yes,Sarafan,RU,1,,Sarafan (576p),02,
海外·综合,yes,Sarapiqui TV,CR,1,,Sarapiqui TV (720p) [Not 24/7],02,
海外·综合,yes,Sardari TV,CA,1,,Sardari TV (1080p) [Not 24/7],02,
海外·综合,yes,Sat 7 Arabic,CY,1,,Sat 7 Arabic (240p),02,
海外·综合,yes,Sat7 Türk,CY,1,,Sat7 Türk (1080p),02,
海外·综合,yes,Satran TV,,1,,Satran TV,14,
海外·综合,yes,Satranç TV,TR,1,,Satranç TV (480p) [Not 24/7],02,
海外·综合,yes,Saudi Thaqafiya TV,SA,1,,Saudi Thaqafiya TV (1080p),02,
海外·综合,yes,Saudia Radio,SA,1,,Saudia Radio (1080p),02,
海外·综合,yes,Savane TV,BF,1,,Savane TV,02,
海外·综合,yes,Scherzi e risate – Pluto TV,,1,,Scherzi e risate – Pluto TV,11,
海外·综合,yes,Schie TV,NL,1,,Schie TV (576i),02,
海外·综合,yes,Schladming-Dachstein TV,AT,1,,Schladming-Dachstein TV (720p),02,
海外·综合,yes,Schwab Network,US,1,,Schwab Network (1080p),02,
海外·综合,yes,Sci Fi (RS),RS,1,,Sci Fi,02,
海外·综合,yes,Sci-Fi – Pluto TV,IT,1,,Sci-Fi – Pluto TV,11,
海外·综合,yes,Scientology Network,US,1,,Scientology Network (1080p),02,
海外·综合,yes,Scientology Network KSCN-TV,US,1,,Scientology Network KSCN-TV,02,
海外·综合,yes,Scientology Network WFTT-TV,US,1,,Scientology Network WFTT-TV,02,
海外·综合,yes,Seenluft24,DE,1,,Seenluft24 (1080p),02,
海外·综合,yes,Selaparang TV,ID,1,,Selaparang TV (720p) [Not 24/7],02,
海外·综合,yes,Semerkand TV,TR,1,,Semerkand TV (1080p) [Not 24/7],02,
海外·综合,yes,Semillitas TV,US,1,,Semillitas TV (576p),02,
海外·综合,yes,Semnan,IR,1,,Semnan,02,
海外·综合,yes,SenJeunes TV,SN,1,,SenJeunes TV (480p) [Not 24/7],02,
海外·综合,yes,Senal Digital TV,DO,1,,Senal Digital TV [Not 24/7],02,
海外·综合,yes,Senal U,AR,1,,Senal U,02,
海外·综合,yes,Senales TV,DO,1,,Senales TV,02,
海外·综合,yes,Senato TV,IT,1,,Senato TV (1080p);Senato TV,02;11,
海外·综合,yes,Sender Neu Jerusalem,DE,1,,Sender Neu Jerusalem (576p),02,
海外·综合,yes,Seneweb TV,SN,1,,Seneweb TV [Geo-blocked],02,
海外·综合,yes,Senillosa TV,AR,1,,Senillosa TV,02,
海外·综合,yes,Senses TV,LB,1,,Senses TV (1080p),02,
海外·综合,yes,Sent TV Global Network Atlanta (SGTN-49),US,1,,Sent TV Global Network Atlanta (SGTN-49) (720p),02,
海外·综合,yes,Senzi,SK,1,,Senzi (720p),02,
海外·综合,yes,Serie – Pluto TV,IT,1,,Serie – Pluto TV,11,
海外·综合,yes,Sesta Rete,IT,1,,Sesta Rete,11,
海外·综合,yes,Set Tv Cilento,IT,1,,Set Tv Cilento,11,
海外·综合,yes,Setareh TV,UK,1,,Setareh TV,02,
海外·综合,yes,Settimo Cielo – Pluto TV,,1,,Settimo Cielo – Pluto TV,11,
海外·综合,yes,Seven Channel,MN,1,,Seven Channel,11,
海外·综合,yes,Sevimli TV,UZ,1,,Sevimli TV (1080p),02,
海外·综合,yes,Sextavision,CL,1,,Sextavision (1080p),02,
海外·综合,yes,Sfera TV,PL,1,,Sfera TV (480p) [Not 24/7],02,
海外·综合,yes,Shant TV,AM,1,,Shant TV (1080p),02,
海外·综合,yes,Sharjah Radio,AE,1,,Sharjah Radio (1080p),02,
海外·综合,yes,Sharnam TV,IN,1,,Sharnam TV (576p),02,
海外·综合,yes,Shekinah TV,IN,1,,Shekinah TV (1080p),02,
海外·综合,yes,Shemaroo Bollywood,US,1,,Shemaroo Bollywood (1080p),02,
海外·综合,yes,Shinsegae Shopping TV,KR,1,,Shinsegae Shopping TV (720p),02,
海外·综合,yes,Shopping Live,RU,1,,Shopping Live (720p),02,
海外·综合,yes,Shopping NT,KR,1,,Shopping NT (720p),02,
海外·综合,yes,Showtime,US,1,,Showtime (1080p),02,
海外·综合,yes,Showtime Family Zone,US,1,,Showtime Family Zone (720p),02,
海外·综合,yes,Shubh TV,IN,1,,Shubh TV (1080p),02,
海外·综合,yes,Sicardi TV,AR,1,,Sicardi TV (720p),02,
海外·综合,yes,Sicilia 24 Tv,IT,1,,Sicilia 24 Tv,11,
海外·综合,yes,Siembra TV (VE),VE,1,,Siembra TV [Not 24/7],02,
海外·综合,yes,Sienatv,IT,1,,Sienatv,11,
海外·综合,yes,Sigma TV,CY,1,,Sigma TV (576p) [Not 24/7],02,
海外·综合,yes,Sikh Spiritual Centre Rexdale,CA,1,,Sikh Spiritual Centre Rexdale (720p),02,
海外·综合,yes,Silk Way,KZ,1,,Silk Way (1080p),02,
海外·综合,yes,Simon,UA,1,,Simon (720p) [Geo-blocked],02,
海外·综合,yes,Siping TV,CN,1,,Siping TV,02,
海外·综合,yes,Sistema Michoacano de TV,MX,1,,Sistema Michoacano de TV (1080p) [Not 24/7],02,
海外·综合,yes,Sitel,MK,1,,Sitel Ⓢ Ⓖ,11,
海外·综合,yes,Siyatha TV,LK,1,,Siyatha TV (576p),02,
海外·综合,yes,Sky Folk,MK,1,,Sky Folk,11,
海外·综合,yes,Skønne ombygninger,SE,1,,Skønne ombygninger,02,
海外·综合,yes,Smash TV,MT,1,,Smash TV,11,
海外·综合,yes,Sochi Live,RU,1,,Sochi Live HD (720p) [Not 24/7],02,
海外·综合,yes,Sohail TV,CA,1,,Sohail TV (1080p),02,
海外·综合,yes,Sol TV (GT),GT,1,,Sol TV (720p),02,
海外·综合,yes,SolTV (PE),PE,1,,SolTV,02,
海外·综合,yes,Solidaria TV,ES,1,,Solidaria TV (720p),02,
海外·综合,yes,Solive TV,AR,1,,Solive TV,02,
海外·综合,yes,Solovyov Live,RU,1,,Solovyov Live (1080p),02,
海外·综合,yes,Somali National TV,SO,1,,Somali National TV Ⓢ,11,
海外·综合,yes,Somos Entre Rios,AR,1,,Somos Entre Rios (360p),02,
海外·综合,yes,Somos TV,VE,1,,Somos TV (720p) [Not 24/7],02,
海外·综合,yes,Sonnenklar TV,DE,1,,Sonnenklar TV (1080p),02,
海外·综合,yes,Sono Onda TV,EC,1,,Sono Onda TV (720p),02,
海外·综合,yes,Sony Channel (AR),AR,1,,Sony Channel (1080p),02,
海外·综合,yes,Sony Channel (BR),BR,1,,Sony Channel (720p),02,
海外·综合,yes,Sony Channel Andes,US,1,,Sony Channel Andes (1080p),02,
海外·综合,yes,Soona TV,CO,1,,Soona TV,02,
海外·综合,yes,Sophia TV Español,DE,1,,Sophia TV Español (720p),02,
海外·综合,yes,Sophia TV Italy,IT,1,,Sophia TV Italy (720p);Sophia Tv,02;11,Sophia Tv
海外·综合,yes,Sor TV,MD,1,,Sor TV (720p);Sor TV,02;11,
海外·综合,yes,Sorozat+,HU,1,,Sorozat+,02,
海外·综合,yes,Sound View Community Media Education,US,1,,Sound View Community Media Education (480p),02,
海外·综合,yes,South Park – Pluto TV,,1,,South Park – Pluto TV,11,
海外·综合,yes,Soyon Geegerulch,MN,1,,Soyon Geegerulch,11,
海外·综合,yes,So… Real,US,1,,So… Real (720p),02,
海外·综合,yes,Space Live powered by sen,UK,1,,Space Live powered by sen (1080p),02,
海外·综合,yes,Spark TV,UK,1,,Spark TV (1080p),02,
海外·综合,yes,Speedline TV,BJ,1,,Speedline TV,02,
海外·综合,yes,Spike Outdoors,US,1,,Spike Outdoors,02,
海外·综合,yes,Sport – Pluto TV,IT,1,,Sport – Pluto TV,11,
海外·综合,yes,Sport2U,,1,,Sport2U,11,
海外·综合,yes,SportOutdoor.tv,,1,,SportOutdoor.tv,11,
海外·综合,yes,Sportitalia Plus,IT,1,,Sportitalia Plus,11,
海外·综合,yes,Squadra Speciale Cobra 11 – Pluto TV,,1,,Squadra Speciale Cobra 11 – Pluto TV,11,
海外·综合,yes,Sriwijaya TV,ID,1,,Sriwijaya TV (720p) [Not 24/7],02,
海外·综合,yes,St. Pete TV (SPTV) (St Petersburg FL),US,1,,St. Pete TV (SPTV) (St Petersburg FL) (360p),02,
海外·综合,yes,Star TV (MN),MN,1,,Star TV,11,
海外·综合,yes,Star TV (TR),TR,1,,Star TV (720p),02,
海外·综合,yes,Star Trek: The Original Series – Pluto TV,,1,,Star Trek: The Original Series – Pluto TV,11,
海外·综合,yes,Stara TV,ID,1,,Stara TV (720p),02,
海外·综合,yes,Stara TV Bandung,ID,1,,Stara TV Bandung (1080p),02,
海外·综合,yes,Stara TV Bojonegoro,ID,1,,Stara TV Bojonegoro (720p),02,
海外·综合,yes,Stara TV Cianjur,ID,1,,Stara TV Cianjur (720p),02,
海外·综合,yes,Stara TV Jakarta,ID,1,,Stara TV Jakarta (1080p),02,
海外·综合,yes,Stara TV Malang,ID,1,,Stara TV Malang (1080p),02,
海外·综合,yes,Stara TV Parahyangan,ID,1,,Stara TV Parahyangan (720p),02,
海外·综合,yes,Starnet,IN,1,,Starnet (480p),02,
海外·综合,yes,Steiermark TV,AT,1,,Steiermark TV (1080p),02,
海外·综合,yes,Stereo 5 TV,IT,1,,Stereo 5 TV (720p),02,
海外·综合,yes,Stiletv,IT,1,,Stiletv,11,
海外·综合,yes,Stingray ZenLIFE,CA,1,,Stingray ZenLIFE (1080p),02,
海外·综合,yes,Storia – Pluto TV,,1,,Storia – Pluto TV,11,
海外·综合,yes,Story Television,US,1,,Story Television,02,
海外·综合,yes,Story Television KPVM-LD,US,1,,Story Television KPVM-LD,02,
海外·综合,yes,Story4,HU,1,,Story4,02,
海外·综合,yes,Story4 Czechia,HU,1,,Story4 Czechia,02,
海外·综合,yes,StoryChannel TV,MA,1,,StoryChannel TV (720p),02,
海外·综合,yes,Streek TV,NL,1,,Streek TV (720p) [Not 24/7],02,
海外·综合,yes,Streekstad Alkmaar Centraal,NL,1,,Streekstad Alkmaar Centraal (1080p),02,
海外·综合,yes,Studio 100,IT,1,,Studio 100,11,
海外·综合,yes,Studio Pasco TV,PE,1,,Studio Pasco TV (720p),02,
海外·综合,yes,Studio Rheden,NL,1,,Studio Rheden (1080p),02,
海外·综合,yes,Studio Universal Latin America,US,1,,Studio Universal Latin America (1080p),02,
海外·综合,yes,Studio Universal Latin America Brazil,US,1,,Studio Universal Latin America Brazil (720p),02,
海外·综合,yes,Studio040 TV,NL,1,,Studio040 TV (720p),02,
海外·综合,yes,Stugfixarna Norge,SE,1,,Stugfixarna Norge,02,
海外·综合,yes,Sucremanta TV,BO,1,,Sucremanta TV (720p),02,
海外·综合,yes,Sudan TV,SD,1,,Sudan TV (360p),02,
海外·综合,yes,Sula TV,HN,1,,Sula TV (1080p),02,
海外·综合,yes,Suld TV,MN,1,,Suld TV,11,
海外·综合,yes,Sultra TV,ID,1,,Sultra TV (720p) [Not 24/7],02,
海外·综合,yes,Sun RTV,TR,1,,Sun RTV (720p) [Not 24/7],02,
海外·综合,yes,Sundskanalen,SE,1,,Sundskanalen,11,
海外·综合,yes,Sunna TV,NG,1,,Sunna TV (576p),02,
海外·综合,yes,Super Canal (DO),DO,1,,Super Canal (1080p) [Not 24/7],02,
海外·综合,yes,Super Canal (PE),PE,1,,Super Canal (720p),02,
海外·综合,yes,Super Channel 12,MX,1,,Super Channel 12 (1080p),02,
海外·综合,yes,Super J Tv,IT,1,,Super J Tv,11,
海外·综合,yes,Super TV 55,DO,1,,Super TV 55 (720p) [Geo-blocked],02,
海外·综合,yes,Super TV2,HU,1,,Super TV2,02,
海外·综合,yes,Super! Brothers and Sisters – Pluto TV,,1,,Super! Brothers and Sisters – Pluto TV,11,
海外·综合,yes,Super! Gaming – Pluto TV,,1,,Super! Gaming – Pluto TV,11,
海外·综合,yes,Super! Girl Power – Pluto TV,,1,,Super! Girl Power – Pluto TV,11,
海外·综合,yes,Super! Icarly – Pluto TV,,1,,Super! Icarly – Pluto TV,11,
海外·综合,yes,Super! Intervallo – Pluto TV,,1,,Super! Intervallo – Pluto TV,11,
海外·综合,yes,Super! POP – Pluto TV,,1,,Super! POP – Pluto TV,11,
海外·综合,yes,Super! Risate – Pluto TV,,1,,Super! Risate – Pluto TV,11,
海外·综合,yes,Super! Rugrats – Pluto TV,,1,,Super! Rugrats – Pluto TV,11,
海外·综合,yes,Super! Spongebob – Pluto TV,,1,,Super! Spongebob – Pluto TV,11,
海外·综合,yes,Super! Spyders – Pluto TV,,1,,Super! Spyders – Pluto TV,11,
海外·综合,yes,Super! Star – Pluto TV,,1,,Super! Star – Pluto TV,11,
海外·综合,yes,Super! Victorious – Pluto TV,,1,,Super! Victorious – Pluto TV,11,
海外·综合,yes,Super! Zoey 101 – Pluto TV,,1,,Super! Zoey 101 – Pluto TV,11,
海外·综合,yes,SuperChannel Orlando (WACX-DT1),US,1,,SuperChannel Orlando (WACX-DT1) (720p),02,
海外·综合,yes,SuperSix Lombardia,IT,1,,SuperSix Lombardia (720p);Super Six,02;11,Super Six
海外·综合,yes,Superscreen TV,NG,1,,Superscreen TV (412p);Superscreen TV,02;11,
海外·综合,yes,Superyacht TV,MC,1,,Superyacht TV (1080p),02,
海外·综合,yes,Sur TV,DO,1,,Sur TV (720p) [Not 24/7],02,
海外·综合,yes,Suram TV,CO,1,,Suram TV (720p),02,
海外·综合,yes,Suspilne. Donbas,UA,1,,Suspilne. Donbas (576p),02,
海外·综合,yes,Suspilne. Krym,UA,1,,Suspilne. Krym (1080p),02,
海外·综合,yes,Suspilne. Kultura,UA,1,,Suspilne. Kultura (1080p);Suspilne Kultura,02;11,
海外·综合,yes,Suspilne. Kyiv,UA,1,,Suspilne. Kyiv (360p);Суспільне Київ,02;11,Суспільне Київ
海外·综合,yes,Suwannabhumi Channel,TH,1,,Suwannabhumi Channel (720p),02,
海外·综合,yes,Svit+,UA,1,,Svit+ (1080p),02,
海外·综合,yes,Svoboda,RU,1,,Svoboda,02,
海外·综合,yes,Swarnavahini,LK,1,,Swarnavahini (480p),02,
海外·综合,yes,Syfy,FR,1,,Syfy,02,
海外·综合,yes,Synagogue TV,NG,1,,Synagogue TV (576p),02,
海外·综合,yes,Syros TV1,GR,1,,Syros TV1 (720p);Syros TV1,02;11,
海外·综合,yes,Szolnok TV,HU,1,,Szolnok TV (1080p),02,
海外·综合,yes,T-Vinet,CL,1,,T-Vinet (480p),02,
海外·综合,yes,T24,RU,1,,T24 (576p),02,
海外·综合,yes,T5 Satelital,AR,1,,T5 Satelital,02,
海外·综合,yes,T9,IT,1,,T9 (288p);T9,02;11,
海外·综合,yes,TAG TV,CA,1,,TAG TV (1080p) [Not 24/7],02,
海外·综合,yes,TATV,ID,1,,TATV (720p) [Not 24/7],02,
海外·综合,yes,TBC1,TZ,1,,TBC1,02,
海外·综合,yes,TBMM TV,TR,1,,TBMM TV (720p),02,
海外·综合,yes,TBN Armenia,US,1,,TBN Armenia,02,
海外·综合,yes,TBN Nejat TV,IR,1,,TBN Nejat TV,02,
海外·综合,yes,TBN Pacific,US,1,,TBN Pacific,02,
海外·综合,yes,TBN TV,SR,1,,TBN TV (720p) [Not 24/7],02,
海外·综合,yes,TBN UK,UK,1,,TBN UK (1080p);TBN UK Ⓢ,02;11,
海外·综合,yes,TBN Україна,US,1,,TBN Україна (720p),02,
海外·综合,yes,TBS Seoul,KR,1,,TBS Seoul (720p);TBS Seoul,02;14,
海外·综合,yes,TC Television,EC,1,,TC Television (1080p),02,
海外·综合,yes,TCT,US,1,,TCT (1080p),02,
海外·综合,yes,TDK 42,KZ,1,,TDK 42,02,
海外·综合,yes,TDtv,CR,1,,TDtv (720p),02,
海外·综合,yes,TELE 6,BO,1,,TELE 6 (720p),02,
海外·综合,yes,TELESIGLO,DO,1,,TELESIGLO (1080p) [Not 24/7],02,
海外·综合,yes,TG Norba 24,IT,1,,TG Norba 24,11,
海外·综合,yes,TG4,IE,1,,TG4 (1080p);TG4,02;11,
海外·综合,yes,TGS Telegiornale di Sicilia,IT,1,,TGS Telegiornale di Sicilia,11,
海外·综合,yes,TIS TV,UA,1,,TIS TV (720p),02,
海外·综合,yes,TIV Television,AR,1,,TIV Television (720p),02,
海外·综合,yes,TJC,UK,1,,TJC (1080p);TJC,02;11,
海外·综合,yes,TL Estrella,BO,1,,TL Estrella (720p),02,
海外·综合,yes,TLC Finland,FI,1,,TLC Finland,11,
海外·综合,yes,TLT Molise,IT,1,,TLT Molise (1080p);TLT Molise,02;11,
海外·综合,yes,TM TV,US,1,,TM TV (720p),02,
海外·综合,yes,TN8,NI,1,,TN8 (1080p),02,
海外·综合,yes,TNA Wrestling,PL,1,,TNA Wrestling (720p),02,
海外·综合,yes,TNV-Planet,RU,1,,TNV-Planet (576p),02,
海外·综合,yes,TNV-Tatarstan,RU,1,,TNV-Tatarstan (720p),02,
海外·综合,yes,TOP Barca,PL,1,,TOP Barca (1080p),02,
海外·综合,yes,TRC Santeramo,IT,1,,TRC Santeramo,11,
海外·综合,yes,TRC Televisión,MX,1,,TRC Televisión (720p),02,
海外·综合,yes,TRG Media,IT,1,,TRG Media,11,
海外·综合,yes,TRL Tele Radio Leo,IT,1,,TRL Tele Radio Leo,11,
海外·综合,yes,TRSP Tele Radio San Pietro,IT,1,,TRSP Tele Radio San Pietro,11,
海外·综合,yes,TRT,VE,1,,TRT (410p) [Not 24/7],02,
海外·综合,yes,TRT 1,TR,1,,TRT 1 (1440p);TRT 1,02;11,
海外·综合,yes,TRT Avaz,TR,1,,TRT Avaz (720p);TRT Avaz,02;11,
海外·综合,yes,TRT Genc,TR,1,,TRT Genc (1440p) [Geo-blocked],02,
海外·综合,yes,TRT Kurdî,TR,1,,TRT Kurdî (720p);TRT Kurdî,02;11,
海外·综合,yes,TRT Türk,TR,1,,TRT Türk (720p);TRT Türk,02;11,
海外·综合,yes,TSTV,US,1,,TSTV (720p),02,
海外·综合,yes,TSV,MD,1,,TSV (1080p),02,
海外·综合,yes,TV 1 (TR),TR,1,,TV 1 (720p),02,
海外·综合,yes,TV 1 Oberösterreich,AT,1,,TV 1 Oberösterreich (1080p),02,
海外·综合,yes,TV 10 San Juan,DO,1,,TV 10 San Juan (720p) [Not 24/7],02,
海外·综合,yes,TV 100,GR,1,,TV 100 (720p),02,
海外·综合,yes,TV 2/Bornholm,DK,1,,TV 2/Bornholm (1080p) [Not 24/7];TV 2/Bornholm,02;11,
海外·综合,yes,TV 21 (MK),MK,1,,TV 21 Ⓢ Ⓖ,11,
海外·综合,yes,TV 264,TR,1,,TV 264 (1080p),02,
海外·综合,yes,TV 52,TR,1,,TV 52 (720p) [Not 24/7],02,
海外·综合,yes,TV 7 Albania,AL,1,,TV 7 Albania,11,
海外·综合,yes,TV 8 (TR),TR,1,,TV 8 (1080p),02,
海外·综合,yes,TV A Critica,BR,1,,TV A Critica,02,
海外·综合,yes,TV ASTA,PL,1,,TV ASTA (720p),02,
海外·综合,yes,TV Aire,PY,1,,TV Aire,02,
海外·综合,yes,TV Aldeia,BR,1,,TV Aldeia (720p),02,
海外·综合,yes,TV Alsace,FR,1,,TV Alsace (1080p);TV Alsace,02;11,
海外·综合,yes,TV Alternativa,BR,1,,TV Alternativa (410p),02,
海外·综合,yes,TV Apollon,AL,1,,TV Apollon Ⓢ,11,
海外·综合,yes,TV Arapuan,BR,1,,TV Arapuan (720p),02,
海外·综合,yes,TV Artequatre,ES,1,,TV Artequatre (576p),02,
海外·综合,yes,TV Assembleia Piaui,BR,1,,TV Assembleia Piaui,02,
海外·综合,yes,TV BRICS Africa,ZA,1,,TV BRICS Africa (1080p),02,
海外·综合,yes,TV BRICS Chinese,CN,1,,TV BRICS Chinese (1080p);TV BRICS Chinese,02;11,
海外·综合,yes,TV BRICS English,IN,1,,TV BRICS English (1080p),02,
海外·综合,yes,TV BRICS Portuguese,BR,1,,TV BRICS Portuguese (1080p),02,
海外·综合,yes,TV BRICS Russian,RU,1,,TV BRICS Russian (1080p),02,
海外·综合,yes,TV BRICS Spanish,ES,1,,TV BRICS Spanish (1080p),02,
海外·综合,yes,TV Bahia,BR,1,,TV Bahia (1080i),02,
海外·综合,yes,TV Barrandov,CZ,1,,TV Barrandov,02,
海外·综合,yes,TV Bella Asuncion,PE,1,,TV Bella Asuncion,02,
海外·综合,yes,TV Brasil,BR,1,,TV Brasil (720p),02,
海外·综合,yes,TV Brasil Oeste,BR,1,,TV Brasil Oeste (720p),02,
海外·综合,yes,TV Brno 1,CZ,1,,TV Brno 1 (1080p),02,
海外·综合,yes,TV Buzau,RO,1,,TV Buzau (576p),02,
海外·综合,yes,TV Camara (PY),PY,1,,TV Camara (1080p),02,
海外·综合,yes,TV Campane 1,IT,1,,TV Campane 1 (720p),02,
海外·综合,yes,TV Canal 72,AR,1,,TV Canal 72,02,
海外·综合,yes,TV Cancao Nova,BR,1,,TV Cancao Nova (720p),02,
海外·综合,yes,TV Canindeyu,PY,1,,TV Canindeyu (1080p),02,
海外·综合,yes,TV Centr,RU,1,,TV Centr (576p),02,
海外·综合,yes,TV Central,SK,1,,TV Central (540p),02,
海外·综合,yes,TV Centro,HN,1,,TV Centro HD (720p),02,
海外·综合,yes,TV Chile,CL,1,,TV Chile,02,
海外·综合,yes,TV Chosun,KR,1,,TV Chosun (720p),02,
海外·综合,yes,TV Chosun 2,KR,1,,TV Chosun 2 (720p),02,
海外·综合,yes,TV Cidade Verde Cuiaba,BR,1,,TV Cidade Verde Cuiaba,02,
海外·综合,yes,TV Clube,BR,1,,TV Clube (720p),02,
海外·综合,yes,TV Color Canal 36,EC,1,,TV Color Canal 36 (720p),02,
海外·综合,yes,TV Copán,HN,1,,TV Copán (720p) [Not 24/7],02,
海外·综合,yes,TV Cosmos,PE,1,,TV Cosmos (720p);Cosmos TV,02;11,Cosmos TV
海外·综合,yes,TV Cotui Canal 31,DO,1,,TV Cotui Canal 31 (1080p) [Not 24/7],02,
海外·综合,yes,TV Cuatro 4.1,MX,1,,TV Cuatro 4.1 (1080p),02,
海外·综合,yes,TV Cuatro 4.2,MX,1,,TV Cuatro 4.2 (1080p),02,
海外·综合,yes,TV Cultura,BR,1,,TV Cultura (720p),02,
海外·综合,yes,TV Culturas,BO,1,,TV Culturas (576p),02,
海外·综合,yes,TV Câmara (BR),BR,1,,TV Câmara (1080p);TV Câmara,02;11,
海外·综合,yes,TV Daja,DO,1,,TV Daja (1080p) [Not 24/7],02,
海外·综合,yes,TV Den,TR,1,,TV Den (576p) [Not 24/7],02,
海外·综合,yes,TV Difusao,BR,1,,TV Difusao (720p),02,
海外·综合,yes,TV Direct 13,CW,1,,TV Direct 13 (480p) [Not 24/7],02,
海外·综合,yes,TV Eger,HU,1,,TV Eger (1080p);TV Eger,02;11,
海外·综合,yes,TV Florencia,GT,1,,TV Florencia (720p),02,
海外·综合,yes,TV Fronteira,BR,1,,TV Fronteira (480i),02,
海外·综合,yes,TV Futuro,BR,1,,TV Futuro (1080p),02,
海外·综合,yes,TV Gazeta,BR,1,,TV Gazeta (720p),02,
海外·综合,yes,TV Higuey Digital,DO,1,,TV Higuey Digital (720p) [Not 24/7],02,
海外·综合,yes,TV Hispanic,US,1,,TV Hispanic [Not 24/7],02,
海外·综合,yes,TV Hram,RS,1,,TV Hram (576p) [Not 24/7],02,
海外·综合,yes,TV Ingolstadt,DE,1,,TV Ingolstadt (1080p),02,
海外·综合,yes,TV Johaniter,AL,1,,TV Johaniter (720p),02,
海外·综合,yes,TV Justica,BR,1,,TV Justica (720p),02,
海外·综合,yes,TV Keszthely,HU,1,,TV Keszthely (360p),02,
海外·综合,yes,TV Kujawy,PL,1,,TV Kujawy (576p) [Not 24/7],02,
海外·综合,yes,TV Latina,BO,1,,TV Latina (1080p),02,
海外·综合,yes,TV Legislativa,EC,1,,TV Legislativa (1080p) [Not 24/7],02,
海外·综合,yes,TV Life America,BR,1,,TV Life America (720p),02,
海外·综合,yes,TV Litoral RN,BR,1,,TV Litoral RN (720p),02,
海外·综合,yes,TV Lobo Durango,MX,1,,TV Lobo Durango (720p),02,
海外·综合,yes,TV LocAll,SK,1,,TV LocAll (406p),02,
海外·综合,yes,TV MAX,PE,1,,TV MAX (720p),02,
海外·综合,yes,TV Mainfranken,DE,1,,TV Mainfranken (1080p) [Not 24/7],02,
海外·综合,yes,TV Mais Maricá,BR,1,,TV Mais Maricá (1080p),02,
海外·综合,yes,TV Mar La Paz,MX,1,,TV Mar La Paz (1080p),02,
海外·综合,yes,TV Mar Los Cabos,MX,1,,TV Mar Los Cabos (1080p),02,
海外·综合,yes,TV Mar Puerto Vallarta,MX,1,,TV Mar Puerto Vallarta (1080p),02,
海外·综合,yes,TV Marajoara,BR,1,,TV Marajoara (720p),02,
海外·综合,yes,TV Metropole,BR,1,,TV Metropole (720p) [Not 24/7],02,
海外·综合,yes,TV Migrante,MX,1,,TV Migrante (720p),02,
海外·综合,yes,TV Mistral,SK,1,,TV Mistral,02,
海外·综合,yes,TV Monaco,MC,1,,TV Monaco (1080p);TV Monaco,02;11,
海外·综合,yes,TV Mu,ID,1,,TV Mu (720p) [Not 24/7],02,
海外·综合,yes,TV Mulhouse,FR,1,,TV Mulhouse (1080p);TV Mulhouse,02;11,
海外·综合,yes,TV NOVA 12,MK,1,,TV NOVA 12 (576p) [Not 24/7];ТВ НОВА 12,02;11,ТВ НОВА 12
海外·综合,yes,TV NRSR,SK,1,,TV NRSR (720p) [Not 24/7];NR SR,02;11,NR SR
海外·综合,yes,TV Niksic,ME,1,,TV Niksic (720p),02,
海外·综合,yes,TV Nitricka,SK,1,,TV Nitricka,02,
海外·综合,yes,TV Noe,CZ,1,,TV Noe (720p) [Geo-blocked],02,
海外·综合,yes,TV Noe+,CZ,1,,TV Noe+ (720p) [Geo-blocked],02,
海外·综合,yes,TV Norte Chiclayo,PE,1,,TV Norte Chiclayo (720p),02,
海外·综合,yes,TV OFF,BO,1,,TV OFF (1080p),02,
海外·综合,yes,TV Oasis Monay,VE,1,,TV Oasis Monay (720p),02,
海外·综合,yes,TV Oberfranken (TVO),DE,1,,TV Oberfranken (TVO) (1080p) [Not 24/7],02,
海外·综合,yes,TV Opoja,XK,1,,TV Opoja (720p) [Not 24/7],02,
海外·综合,yes,TV PRO,RU,1,,TV PRO,02,
海外·综合,yes,TV Panon,RS,1,,TV Panon;Pannon RTV,02;11,Pannon RTV
海外·综合,yes,TV Panorama,SK,1,,TV Panorama,02,
海外·综合,yes,TV Panou,HT,1,,TV Panou (720p) [Not 24/7],02,
海外·综合,yes,TV Pantanal MS,BR,1,,TV Pantanal MS (360p) [Not 24/7],02,
海外·综合,yes,TV Paprika (CZ),CZ,1,,TV Paprika,02,
海外·综合,yes,TV Paprika (HU),HU,1,,TV Paprika,02,
海外·综合,yes,TV Paraná Turismo,BR,1,,TV Paraná Turismo (720p) [Not 24/7],02,
海外·综合,yes,TV Passo Fundo,BR,1,,TV Passo Fundo (720p),02,
海外·综合,yes,TV Peru,PE,1,,TV Peru (1080p),02,
海外·综合,yes,TV Petropolis,BR,1,,TV Petropolis (720p),02,
海外·综合,yes,TV Pi Kanal,RS,1,,TV Pi Kanal (576p) [Not 24/7],02,
海外·综合,yes,TV Pirveli,GE,1,,TV Pirveli,02;11,
海外·综合,yes,TV Plata,DO,1,,TV Plata (720p) [Geo-blocked],02,
海外·综合,yes,TV Povazie,SK,1,,TV Povazie (1080p),02,
海外·综合,yes,TV Publica Fueguina,AR,1,,TV Publica Fueguina (1080p),02,
海外·综合,yes,TV Puls,PL,1,,TV Puls (1080p),02,
海外·综合,yes,TV QUISQUEYA,US,1,,TV QUISQUEYA (720p),02,
海外·综合,yes,TV Quellón,CL,1,,TV Quellón (1080p) [Not 24/7],02,
海外·综合,yes,TV Qui (Modena),IT,1,,TV Qui (Modena) (480p);Tv Qui Modena,02;11,
海外·综合,yes,TV Ra Tim Bum,BR,1,,TV Ra Tim Bum (720p),02,
海外·综合,yes,TV Regionalna Lubin,PL,1,,TV Regionalna Lubin (1080p),02,
海外·综合,yes,TV Rivne 1,UA,1,,TV Rivne 1 (720p),02,
海外·综合,yes,TV Romana,SK,1,,TV Romana (720p),02,
海外·综合,yes,TV Ružinov,SK,1,,TV Ružinov (1080p) [Not 24/7],02,
海外·综合,yes,TV SLO 1,SI,1,,TV SLO 1 HD,02,
海外·综合,yes,TV SLO 2,SI,1,,TV SLO 2 HD,02,
海外·综合,yes,TV Sabadell-Vallès,ES,1,,TV Sabadell-Vallès (1080p),02,
海外·综合,yes,TV Senado,BR,1,,TV Senado (720p),02,
海外·综合,yes,TV Show Fortaleza,BR,1,,TV Show Fortaleza (720p),02,
海外·综合,yes,TV Solidaria,AR,1,,TV Solidaria (576p),02,
海外·综合,yes,TV Spravedliva Bulgariya,BG,1,,TV Spravedliva Bulgariya,02,
海外·综合,yes,TV Sul Bahia,BR,1,,TV Sul Bahia (320p),02,
海外·综合,yes,TV Sur Canal 14,CR,1,,TV Sur Canal 14 (1080p),02,
海外·综合,yes,TV Syd+,DK,1,,TV Syd+,11,
海外·综合,yes,TV São Raimundo,BR,1,,TV São Raimundo (268p),02,
海外·综合,yes,TV Tabalong,ID,1,,TV Tabalong (720p) [Not 24/7],02,
海外·综合,yes,TV Teuta,ME,1,,TV Teuta,02,
海外·综合,yes,TV Toruń,PL,1,,TV Toruń (1080p) [Not 24/7],02,
海外·综合,yes,TV Veseljak Golica,SI,1,,TV Veseljak Golica HD,02,
海外·综合,yes,TV Vila Real,BR,1,,TV Vila Real (720p),02,
海外·综合,yes,TV Vita,SK,1,,TV Vita,02,
海外·综合,yes,TV West (UG),UG,1,,TV West (720p),02,
海外·综合,yes,TV Zdravkin,MK,1,,TV Zdravkin (400p);Телевизија Здравкин,02;11,Телевизија Здравкин
海外·综合,yes,TV Zimbo,AO,1,,TV Zimbo (1080p),02,
海外·综合,yes,TV Østfold,NO,1,,TV Østfold (1080p),02,
海外·综合,yes,TV+,CL,1,,TV+ (1080p);TV+,02;11,
海外·综合,yes,TV-WEST (NG),NG,1,,TV-WEST (720p) [Not 24/7],02,
海外·综合,yes,TV1 (BG),BG,1,,TV1,11,
海外·综合,yes,TV1 (RW),RW,1,,TV1,02,
海外·综合,yes,TV10,RW,1,,TV10 (720p),02,
海外·综合,yes,TV2 (DZ),DZ,1,,TV2 (1080p),02,
海外·综合,yes,TV2 Sef,HU,1,,TV2 Sef,02,
海外·综合,yes,TV3 (GH),GH,1,,TV3 (540p),02,
海外·综合,yes,TV3 La Plata,CO,1,,TV3 La Plata (480p),02,
海外·综合,yes,TV38 Südost-Niedersachen,DE,1,,TV38 Südost-Niedersachen (1080p),02,
海外·综合,yes,TV3Cat,ES,1,,TV3Cat Ⓖ,11,
海外·综合,yes,TV3V,FR,1,,TV3V (720p),02,
海外·综合,yes,TV4 (HU),HU,1,,TV4,02,
海外·综合,yes,TV4 (TR),TR,1,,TV4 (720p),02,
海外·综合,yes,TV4 (US),US,1,,TV4 (360p),02,
海外·综合,yes,TV5,MN,1,,TV5,11,
海外·综合,yes,TV5 Cambodia,KH,1,,TV5 Cambodia,02,
海外·综合,yes,TV5 Finland,FI,1,,TV5 Finland,11,
海外·综合,yes,TV5 Linares,CL,1,,TV5 Linares (720p),02,
海外·综合,yes,TV5MONDE Chefs,FR,1,,TV5MONDE Chefs (1080p),02,
海外·综合,yes,TV5Monde Africa,FR,1,,TV5Monde Africa (720p),02,
海外·综合,yes,TV5Monde Europe,FR,1,,TV5Monde Europe (1080p),02,
海外·综合,yes,TV7 Bekescsaba,HU,1,,TV7 Bekescsaba (360p);TV7 Békéscsaba,02;11,
海外·综合,yes,TV7 Benevento,IT,1,,TV7 Benevento (288p) [Not 24/7];Digital Tv7 Benevento,02;11,Digital Tv7 Benevento
海外·综合,yes,TV7 Colmar,FR,1,,TV7 Colmar (576p),02,
海外·综合,yes,TV8 (MN),MN,1,,TV8 HD,11,
海外·综合,yes,TV9 (MN),MN,1,,TV9,11,
海外·综合,yes,TV9 (SK),SK,1,,TV9,02,
海外·综合,yes,TV9 Nusantara,ID,1,,TV9 Nusantara (720p),02,
海外·综合,yes,TVA (DE),DE,1,,TVA (1080p) [Not 24/7],02,
海外·综合,yes,TVA (Vicenza),IT,1,,TVA (Vicenza) (720p);Tva Vicenza,02;11,
海外·综合,yes,TVC (EC),EC,1,,TVC (1080p),02,
海外·综合,yes,TVC (NG),NG,1,,TVC (1080p),02,
海外·综合,yes,TVC Bénin,BJ,1,,TVC Bénin (720p),02,
海外·综合,yes,TVC Network,SV,1,,TVC Network (720p) [Not 24/7],02,
海外·综合,yes,TVCG MNE,ME,1,,TVCG MNE (1080p);TVCG MNE,02;11,
海外·综合,yes,TVCOM DF,BR,1,,TVCOM DF (360p),02,
海外·综合,yes,TVCOM Maceió,BR,1,,TVCOM Maceió (480p),02,
海外·综合,yes,TVJ,JM,1,,TVJ (720p) [Not 24/7],02,
海外·综合,yes,TVK,KH,1,,TVK (720p),02,
海外·综合,yes,TVL (TV Libera Pistoia),IT,1,,TVL (TV Libera Pistoia),11,
海外·综合,yes,TVM 3,CH,1,,TVM 3,11,
海外·综合,yes,TVM para ti,VE,1,,TVM para ti (1080p),02,
海外·综合,yes,TVMarineret,DK,1,,TVMarineret (1080p),02,
海外·综合,yes,TVMÁS (XHGV-TDT),MX,1,,TVMÁS (XHGV-TDT) (360p) [Not 24/7],02,
海外·综合,yes,TVN (CL),CL,1,,TVN (1080p),02,
海外·综合,yes,TVN (DO),DO,1,,TVN (1080p) [Not 24/7],02,
海外·综合,yes,TVN 3,CL,1,,TVN 3,11,
海外·综合,yes,TVNBN,BR,1,,TVNBN (720p),02,
海外·综合,yes,TVNET (LV),LV,1,,TVNET (360p),02,
海外·综合,yes,TVNET (TR),TR,1,,TVNET (1080p),02,
海外·综合,yes,TVO,DO,1,,TVO (720p) [Not 24/7],02,
海外·综合,yes,TVO Jesus,ES,1,,TVO Jesus (720p),02,
海外·综合,yes,TVO San Vicente,CL,1,,TVO San Vicente (720p),02,
海外·综合,yes,TVP 3 Warszawa,PL,1,,TVP 3 Warszawa (1080p) [Not 24/7],02,
海外·综合,yes,TVP Culiacán,MX,1,,TVP Culiacán (720p) [Not 24/7],02,
海外·综合,yes,TVP Info,PL,1,,TVP Info (1080p);TVP Info,02;11,
海外·综合,yes,TVP Mazatlán,MX,1,,TVP Mazatlán (720p) [Not 24/7],02,
海外·综合,yes,TVP Polonia,PL,1,,TVP Polonia (1080p);TVP Polonia,02;11,
海外·综合,yes,TVPlus Suceava,RO,1,,TVPlus Suceava (576p),02,
海外·综合,yes,TVR 1,RO,1,,TVR 1;TVR 1 Ⓖ,02;11,
海外·综合,yes,TVR 2,RO,1,,TVR 2;TVR 2 Ⓖ,02;11,
海外·综合,yes,TVR 3,RO,1,,TVR 3;TVR 3 Ⓖ,02;11,
海外·综合,yes,TVR Cluj,RO,1,,TVR Cluj;TVR Cluj Ⓖ,02;11,
海外·综合,yes,TVR Craiova,RO,1,,TVR Craiova;TVR Craiova Ⓖ,02;11,
海外·综合,yes,TVR Cultural,RO,1,,TVR Cultural,02,
海外·综合,yes,TVR International,RO,1,,TVR International;TVR International Ⓖ,02;11,
海外·综合,yes,TVR Moldova,MD,1,,TVR Moldova HD (1440p);TVR Moldova Ⓖ,02;11,
海外·综合,yes,TVR Targu-Mures,RO,1,,TVR Targu-Mures;TVR Tîrgu-Mureș Ⓖ,02;11,TVR Tîrgu-Mureș
海外·综合,yes,TVR Timisoara,RO,1,,TVR Timisoara;TVR Timișoara Ⓖ,02;11,
海外·综合,yes,TVRI,ID,1,,TVRI (1080i),02,
海外·综合,yes,TVRI Aceh,ID,1,,TVRI Aceh (720p),02,
海外·综合,yes,TVRI Bali,ID,1,,TVRI Bali (480p),02,
海外·综合,yes,TVRI Bangka Belitung,ID,1,,TVRI Bangka Belitung (480p),02,
海外·综合,yes,TVRI Bengkulu,ID,1,,TVRI Bengkulu (480p),02,
海外·综合,yes,TVRI Gorontalo,ID,1,,TVRI Gorontalo (480p),02,
海外·综合,yes,TVRI Jakarta,ID,1,,TVRI Jakarta (576i) [Not 24/7],02,
海外·综合,yes,TVRI Jambi,ID,1,,TVRI Jambi (720p) [Not 24/7],02,
海外·综合,yes,TVRI Jawa Barat,ID,1,,TVRI Jawa Barat (480p),02,
海外·综合,yes,TVRI Jawa Tengah,ID,1,,TVRI Jawa Tengah (720p),02,
海外·综合,yes,TVRI Jawa Timur,ID,1,,TVRI Jawa Timur (720p),02,
海外·综合,yes,TVRI Kalimantan Barat,ID,1,,TVRI Kalimantan Barat (480p),02,
海外·综合,yes,TVRI Kalimantan Selatan,ID,1,,TVRI Kalimantan Selatan (720p),02,
海外·综合,yes,TVRI Kalimantan Tengah,ID,1,,TVRI Kalimantan Tengah (480p),02,
海外·综合,yes,TVRI Kalimantan Timur,ID,1,,TVRI Kalimantan Timur (720p),02,
海外·综合,yes,TVRI Lampung,ID,1,,TVRI Lampung (720p),02,
海外·综合,yes,TVRI Maluku,ID,1,,TVRI Maluku (480p),02,
海外·综合,yes,TVRI North Sulawesi,ID,1,,TVRI North Sulawesi (1080p),02,
海外·综合,yes,TVRI North Sumatra,ID,1,,TVRI North Sumatra (1080p),02,
海外·综合,yes,TVRI Nusa Tenggara Barat,ID,1,,TVRI Nusa Tenggara Barat (720p),02,
海外·综合,yes,TVRI Nusa Tenggara Timur,ID,1,,TVRI Nusa Tenggara Timur (480p),02,
海外·综合,yes,TVRI Papua,ID,1,,TVRI Papua (480p),02,
海外·综合,yes,TVRI Riau,ID,1,,TVRI Riau (720p) [Not 24/7],02,
海外·综合,yes,TVRI Sulawesi Barat,ID,1,,TVRI Sulawesi Barat (720p),02,
海外·综合,yes,TVRI Sulawesi Selatan,ID,1,,TVRI Sulawesi Selatan (480p),02,
海外·综合,yes,TVRI Sulawesi Tengah,ID,1,,TVRI Sulawesi Tengah (720p),02,
海外·综合,yes,TVRI Sulawesi Tenggara,ID,1,,TVRI Sulawesi Tenggara (480p),02,
海外·综合,yes,TVRI Sumatera Barat,ID,1,,TVRI Sumatera Barat (720p),02,
海外·综合,yes,TVRI Sumatera Selatan,ID,1,,TVRI Sumatera Selatan (480p),02,
海外·综合,yes,TVRI West Papua,ID,1,,TVRI West Papua (1080p),02,
海外·综合,yes,TVRI World,ID,1,,TVRI World (1080p),02,
海外·综合,yes,TVRI Yogyakarta,ID,1,,TVRI Yogyakarta (720p),02,
海外·综合,yes,TVReus,ES,1,,TVReus (720p) [Not 24/7],02,
海外·综合,yes,TVS (VE),VE,1,,TVS (720p),02,
海外·综合,yes,TVS Cipher Network,US,1,,TVS Cipher Network (360p),02,
海外·综合,yes,TVS Classic Movies,US,1,,TVS Classic Movies (288p),02,
海外·综合,yes,TVS Family Channel,US,1,,TVS Family Channel (360p),02,
海外·综合,yes,TVS Mainstreet,US,1,,TVS Mainstreet (360p) [Not 24/7],02,
海外·综合,yes,TVS Nostalgia,US,1,,TVS Nostalgia (472p),02,
海外·综合,yes,TVS Nostalgia Movies,US,1,,TVS Nostalgia Movies (480p),02,
海外·综合,yes,TVS Pet Parade Network,US,1,,TVS Pet Parade Network (360p),02,
海外·综合,yes,TVS Quiz Show Network,US,1,,TVS Quiz Show Network (720p),02,
海外·综合,yes,TVS Retro,GT,1,,TVS Retro (720p),02,
海外·综合,yes,TVS Select Network,US,1,,TVS Select Network (720p),02,
海外·综合,yes,TVS Talk Network,US,1,,TVS Talk Network (360p),02,
海外·综合,yes,TVS Tally Ho,US,1,,TVS Tally Ho (360p),02,
海外·综合,yes,TVS Tavern,US,1,,TVS Tavern (480p),02,
海外·综合,yes,TVS Television Network,US,1,,TVS Television Network (480p),02,
海外·综合,yes,TVS Travel Network,US,1,,TVS Travel Network (720p) [Not 24/7],02,
海外·综合,yes,TVS Western Movie,US,1,,TVS Western Movie (270p),02,
海外·综合,yes,TVSA Government Channel,US,1,,TVSA Government Channel (720p),02,
海外·综合,yes,TVSA Public Channel,US,1,,TVSA Public Channel (720p),02,
海外·综合,yes,TVSConsumerDirect,US,1,,TVSConsumerDirect (720p),02,
海外·综合,yes,TVSN,AU,1,,TVSN (1080p),02,
海外·综合,yes,TVT,SK,1,,TVT (486p),02,
海外·综合,yes,TVU Concepción,CL,1,,TVU Concepción (1080p),02,
海外·综合,yes,TVU Sucre,BO,1,,TVU Sucre (720p),02,
海外·综合,yes,TVitapé,BR,1,,TVitapé (720p),02,
海外·综合,yes,Taaza TV,IN,1,,Taaza TV (720p),02,
海外·综合,yes,Tabarestan,IR,1,,Tabarestan,02,
海外·综合,yes,Tac12,ES,1,,Tac12,02,
海外·综合,yes,Tagesschau 24,DE,1,,Tagesschau 24 (720p);Tagesschau24,02;11,
海外·综合,yes,Takbeer TV,UK,1,,Takbeer TV (720p),02,
海外·综合,yes,Tamadon TV,AF,1,,Tamadon TV (720p),02,
海外·综合,yes,Tamilan TV,IN,1,,Tamilan TV (576p),02,
海外·综合,yes,Tanasuh TV,LY,1,,Tanasuh TV (1080p),02,
海外·综合,yes,Tanin Mehehgui TV,MN,1,,Tanin Mehehgui TV,11,
海外·综合,yes,TapahtumaTV Eveo,FI,1,,TapahtumaTV Eveo,11,
海外·综合,yes,Tapesh 2,US,1,,Tapesh 2,02,
海外·综合,yes,Taraqqiyot TV,UZ,1,,Taraqqiyot TV,02,
海外·综合,yes,Tatai TV,HU,1,,Tatai TV (1080p),02,
海外·综合,yes,Taurianova TV,IT,1,,Taurianova TV (720p),02,
海外·综合,yes,Tayari West TV,UG,1,,Tayari West TV (1080p),02,
海外·综合,yes,Tcf Tv,IT,1,,Tcf Tv,11,
海外·综合,yes,Te Reo,NZ,1,,Te Reo (1080p),02,
海外·综合,yes,Tea TV,VN,1,,Tea TV (720p),02,
海外·综合,yes,Teatr,RU,1,,Teatr (576p),02,
海外·综合,yes,Teen Mom – Pluto TV,,1,,Teen Mom – Pluto TV,11,
海外·综合,yes,Teenage Mutant Ninja Turtles – Pluto TV,,1,,Teenage Mutant Ninja Turtles – Pluto TV,11,
海外·综合,yes,Tehran,IR,1,,Tehran;IRIB TV5/Tehran TV Ⓢ,02;11,IRIB TV5/Tehran TV
海外·综合,yes,Tehzeeb TV,IN,1,,Tehzeeb TV (720p),02,
海外·综合,yes,Tele 1,TR,1,,Tele 1 (1080p),02,
海外·综合,yes,Tele 7,ES,1,,Tele 7 (720p),02,
海外·综合,yes,Tele Abruzzo,IT,1,,Tele Abruzzo (384p);Tele Abruzzo Tv,02;11,Tele Abruzzo Tv
海外·综合,yes,Tele Acras,IT,1,,Tele Acras,11,
海外·综合,yes,Tele Antillas,DO,1,,Tele Antillas (1080p),02,
海外·综合,yes,Tele Bari,IT,1,,Tele Bari,11,
海外·综合,yes,Tele Belluno,IT,1,,Tele Belluno,11,
海外·综合,yes,Tele Bruzzano,IT,1,,Tele Bruzzano,11,
海外·综合,yes,Tele Club Italia,IT,1,,Tele Club Italia,11,
海外·综合,yes,Tele Cupole,IT,1,,Tele Cupole,11,
海外·综合,yes,Tele Dajabon TV,DO,1,,Tele Dajabon TV (720p) [Not 24/7],02,
海外·综合,yes,Tele Elx,ES,1,,Tele Elx (1080p),02,
海外·综合,yes,Tele Fe Bolivia,BO,1,,Tele Fe Bolivia (720p),02,
海外·综合,yes,Tele Golfo RTG,IT,1,,Tele Golfo RTG,11,
海外·综合,yes,Tele Granducato,IT,1,,Tele Granducato,11,
海外·综合,yes,Tele Ischia,IT,1,,Tele Ischia,11,
海外·综合,yes,Tele Jonio,IT,1,,Tele Jonio,11,
海外·综合,yes,Tele Lacco Ameno,IT,1,,Tele Lacco Ameno,11,
海外·综合,yes,Tele Laser,IT,1,,Tele Laser,11,
海外·综合,yes,Tele Liban,LB,1,,Tele Liban (720p) [Not 24/7];Tele Liban,02;11,
海外·综合,yes,Tele Nord Genova,IT,1,,Tele Nord Genova,11,
海外·综合,yes,Tele Ola 44,DO,1,,Tele Ola 44 (576i) [Not 24/7],02,
海外·综合,yes,Tele One 16,IT,1,,Tele One 16;Tele One,02;11,Tele One
海外·综合,yes,Tele Pam,US,1,,Tele Pam (1080p),02,
海外·综合,yes,Tele Piadena,IT,1,,Tele Piadena,11,
海外·综合,yes,Tele Poder TV,DO,1,,Tele Poder TV (720p) [Not 24/7],02,
海外·综合,yes,Tele Posadas,AR,1,,Tele Posadas HD (720p),02,
海外·综合,yes,Tele Proyecto TV,DO,1,,Tele Proyecto TV [Not 24/7],02,
海外·综合,yes,Tele Quattro,IT,1,,Tele Quattro (720p),02,
海外·综合,yes,Tele Quattro Trieste,IT,1,,Tele Quattro Trieste,11,
海外·综合,yes,Tele Radio Ercolano,IT,1,,Tele Radio Ercolano,11,
海外·综合,yes,Tele Regency TV,NG,1,,Tele Regency TV (576p),02,
海外·综合,yes,Tele Ritmo (IT),IT,1,,Tele Ritmo,11,
海外·综合,yes,Tele Safor,ES,1,,Tele Safor (720p) [Not 24/7],02,
海外·综合,yes,Tele Sahel,NE,1,,Tele Sahel (1080p),02,
海外·综合,yes,Tele Saltillo,MX,1,,Tele Saltillo,02,
海外·综合,yes,Tele Stabia / Gigli TV,IT,1,,Tele Stabia / Gigli TV,11,
海外·综合,yes,Tele Uno,CR,1,,Tele Uno (720p) [Not 24/7],02,
海外·综合,yes,Tele Yucatan,MX,1,,Tele Yucatan (1080p) [Geo-blocked],02,
海外·综合,yes,Tele7ABC,RO,1,,Tele7ABC HD (720p),02,
海外·综合,yes,Tele8 Tv,IT,1,,Tele8 Tv,11,
海外·综合,yes,TeleAragua,VE,1,,TeleAragua (480p),02,
海外·综合,yes,TeleArena,IT,1,,TeleArena (480p),02,
海外·综合,yes,TeleBrunca,CR,1,,TeleBrunca (720p) [Not 24/7],02,
海外·综合,yes,TeleCibaoHD,DO,1,,TeleCibaoHD (720p) [Not 24/7],02,
海外·综合,yes,TeleDom,RU,1,,TeleDom,02,
海外·综合,yes,TeleFórmula,MX,1,,TeleFórmula (720p);TeleFormula,02;11,
海外·综合,yes,TeleM Botosani,RO,1,,TeleM Botosani (540p) [Not 24/7],02,
海外·综合,yes,TeleMajg,IT,1,,TeleMajg (480p);TeleMajg,02;11,
海外·综合,yes,TeleMia,IT,1,,TeleMia (576p);Tele Mia,02;11,
海外·综合,yes,TeleMia Extra,IT,1,,TeleMia Extra (576p);Tele Mia Extra,02;11,
海外·综合,yes,TeleMistretta,IT,1,,TeleMistretta (1080p);Tele Mistretta,02;11,
海外·综合,yes,TeleOnce,PR,1,,TeleOnce (1080p),02,
海外·综合,yes,TelePaks,HU,1,,TelePaks (396p),02,
海外·综合,yes,TeleRama,IT,1,,TeleRama (576p);Telerama,02;11,
海外·综合,yes,TeleRomaDue,IT,1,,TeleRomaDue,11,
海外·综合,yes,TeleSUR Costa Rica,CR,1,,TeleSUR Costa Rica (720p) [Not 24/7],02,
海外·综合,yes,TeleTusciaSabina 2000,IT,1,,TeleTusciaSabina 2000 (576p) [Not 24/7],02,
海外·综合,yes,TeleUno TV,,1,,TeleUno TV,14,
海外·综合,yes,Teleangol,CL,1,,Teleangol (720p),02,
海外·综合,yes,Teleantioquia,CO,1,,Teleantioquia (1080p),02,
海外·综合,yes,Telecadena 7 y 4,HN,1,,Telecadena 7 y 4 (576p),02,
海外·综合,yes,Telecanal 12,DO,1,,Telecanal 12 (720p) [Not 24/7],02,
海外·综合,yes,Telecanal 28,DO,1,,Telecanal 28 (1080p) [Not 24/7],02,
海外·综合,yes,Telecaribe,CO,1,,Telecaribe (1080p),02,
海外·综合,yes,Teleceiba,HN,1,,Teleceiba (720p),02,
海外·综合,yes,Telecentro (DO),DO,1,,Telecentro (1080p),02,
海外·综合,yes,Telecentro (VE),VE,1,,Telecentro (480p) [Not 24/7],02,
海外·综合,yes,Telechiara,IT,1,,Telechiara (720p);Tele Chiara,02;11,
海外·综合,yes,Telecity Lombardia,IT,1,,Telecity Lombardia (1080p);Telecity Lombardia,02;11,
海外·综合,yes,Telecity Valle D'Aosta,IT,1,,Telecity Valle D'Aosta,11,
海外·综合,yes,Telecolor Lombardia,IT,1,,Telecolor Lombardia (1080p) [Not 24/7];Telecolor,02;11,Telecolor
海外·综合,yes,Telecolor Sicilia,IT,1,,Telecolor Sicilia,11,
海外·综合,yes,Telecolor Yurimaguas,PE,1,,Telecolor Yurimaguas (720p) [Not 24/7],02,
海外·综合,yes,Telecolore Salerno,IT,1,,Telecolore Salerno,11,
海外·综合,yes,Telecontacto,DO,1,,Telecontacto,02,
海外·综合,yes,Telecosta,GT,1,,Telecosta (720p),02,
海外·综合,yes,Telefe Buenos Aires,AR,1,,Telefe Buenos Aires (1080p);Telefe,02;11,Telefe
海外·综合,yes,Telefe Internacional,AR,1,,Telefe Internacional (576p),02,
海外·综合,yes,Telefriuli,IT,1,,Telefriuli (1080p);Tele Friuli,02;11,
海外·综合,yes,Telefuturo (DO),DO,1,,Telefuturo (480p) [Not 24/7],02,
海外·综合,yes,Telefuturo (PY),PY,1,,Telefuturo (1080p),02,
海外·综合,yes,Teleganés,ES,1,,Teleganés (720p),02,
海外·综合,yes,Telegenova,IT,1,,Telegenova,11,
海外·综合,yes,Teleiblea,IT,1,,Teleiblea,11,
海外·综合,yes,Teleimpacto,DO,1,,Teleimpacto (720p) [Not 24/7],02,
海外·综合,yes,Teleislas,CO,1,,Teleislas (486p) [Not 24/7],02,
海外·综合,yes,Teleitalia 41,IT,1,,Teleitalia 41,11,
海外·综合,yes,Telekanal RAI,UA,1,,Telekanal RAI (480p);Telekanal RAI,02;11,
海外·综合,yes,Teleleonessa,IT,1,,Teleleonessa,11,
海外·综合,yes,Telelima,PE,1,,Telelima (720p),02,
海外·综合,yes,Telemadrid,ES,1,,Telemadrid HD (1080p),02,
海外·综合,yes,Telemantova,IT,1,,Telemantova (1080p);Tele Mantova,02;11,
海外·综合,yes,Telemar,EC,1,,Telemar (720p),02,
海外·综合,yes,Telemax (AR),AR,1,,Telemax,02;11,
海外·综合,yes,Telemax (XEWH-TDT),MX,1,,Telemax (XEWH-TDT) (1080p),02,
海外·综合,yes,Telemedios Canal 8,DO,1,,Telemedios Canal 8 (1080p) [Not 24/7],02,
海外·综合,yes,Telemetro,PA,1,,Telemetro (720p),02,
海外·综合,yes,Telemetro TV,DO,1,,Telemetro TV [Not 24/7],02,
海外·综合,yes,Telemicro,DO,1,,Telemicro (480p),02,
海外·综合,yes,Telemontecarlo,IT,1,,Telemontecarlo (720p),02,
海外·综合,yes,Telemundo,US,1,,Telemundo (720p),02,
海外·综合,yes,Telemundo Al Dia,US,1,,Telemundo Al Dia (720p),02,
海外·综合,yes,Telemundo East,US,1,,Telemundo East HD (1080p),02,
海外·综合,yes,Telemundo Internacional,US,1,,Telemundo Internacional (1080p),02,
海外·综合,yes,Telemundo Internacional Central America,US,1,,Telemundo Internacional Central America (1080p),02,
海外·综合,yes,Telenorba,IT,1,,Telenorba,11,
海外·综合,yes,Telenord 10,DO,1,,Telenord 10 (720p) [Not 24/7],02,
海外·综合,yes,Telenord 12,DO,1,,Telenord 12 (720p) [Not 24/7],02,
海外·综合,yes,Telenord 8,DO,1,,Telenord 8 (1080p) [Not 24/7],02,
海外·综合,yes,Telenorte,PR,1,,Telenorte (720p),02,
海外·综合,yes,Telenova,IT,1,,Telenova (720p);Telenova,02;11,
海外·综合,yes,Telenovisa43,DO,1,,Telenovisa43 (720p) [Not 24/7],02,
海外·综合,yes,Telepacífico,CO,1,,Telepacífico (1080p) [Geo-blocked],02,
海外·综合,yes,Telered Television,CR,1,,Telered Television (576p) [Geo-blocked],02,
海外·综合,yes,Teleritmo (MX),MX,1,,Teleritmo (720p) [Not 24/7],02,
海外·综合,yes,Teleromagna,IT,1,,Teleromagna (480p);Teleromagna,02;11,
海外·综合,yes,Telesambre,BE,1,,Telesambre (504p),02,
海外·综合,yes,Teleselva,PE,1,,Teleselva (720p),02,
海外·综合,yes,Telesistema 11,DO,1,,Telesistema 11 (1080p) [Not 24/7],02,
海外·综合,yes,Telesol,AR,1,,Telesol (1080p),02,
海外·综合,yes,Telestar1,RO,1,,Telestar1,02;11,
海外·综合,yes,Telesystem TV,PE,1,,Telesystem TV (720p),02,
海外·综合,yes,Teletica 7,CR,1,,Teletica 7 (1080p),02,
海外·综合,yes,Teletricolore,IT,1,,Teletricolore (480p) [Not 24/7];Tele Tricolore,02;11,
海外·综合,yes,Teletur,DO,1,,Teletur (720p) [Not 24/7],02,
海外·综合,yes,Teleunion,DO,1,,Teleunion (1080p),02,
海外·综合,yes,Teleuniverso,IT,1,,Teleuniverso,11,
海外·综合,yes,Televallo Trapani,IT,1,,Televallo Trapani,11,
海外·综合,yes,Televen,VE,1,,Televen (576p);Televen,02;11,
海外·综合,yes,Telever,DO,1,,Telever (1080p) [Not 24/7],02,
海外·综合,yes,Televisa Telenovelas,,1,,Televisa Telenovelas,11,
海外·综合,yes,Television Canaria,ES,1,,Television Canaria (1080p);Televisión Canaria Ⓨ,02;11,
海外·综合,yes,Television Caribbean,KN,1,,Television Caribbean (1080p),02,
海外·综合,yes,Television Espoir 47,TG,1,,Television Espoir 47 (720p),02,
海外·综合,yes,Televisión Metrópolis 19.1,HN,1,,Televisión Metrópolis 19.1 (1080p) [Not 24/7],02,
海外·综合,yes,Televisión Metrópolis 19.2,HN,1,,Televisión Metrópolis 19.2 (1080p) [Not 24/7],02,
海外·综合,yes,Televisora de Oriente,VE,1,,Televisora de Oriente (406p),02,
海外·综合,yes,Televize Prerov,CZ,1,,Televize Prerov (1080p) [Geo-blocked],02,
海外·综合,yes,Televize Seznam,CZ,1,,Televize Seznam (1080p),02,
海外·综合,yes,Televizija 5,BA,1,,Televizija 5 (576p);Televizija 5,02;11,
海外·综合,yes,Televizija M,BA,1,,Televizija M (1080p);SuperTV,02;11,SuperTV
海外·综合,yes,Televizija Republike Srpske (RTRS),BA,1,,Televizija Republike Srpske (RTRS),11,
海外·综合,yes,Televízia Močenok,SK,1,,Televízia Močenok (720p),02,
海外·综合,yes,Televízia OSEM,SK,1,,Televízia OSEM (576p),02,
海外·综合,yes,Telewizja Biznesowa,PL,1,,Telewizja Biznesowa (1080p),02,
海外·综合,yes,Telewizja Jaslo,PL,1,,Telewizja Jaslo (720p),02,
海外·综合,yes,Telewizja Lubań,PL,1,,Telewizja Lubań (720p) [Not 24/7],02,
海外·综合,yes,Telewizja Regionalna Zary,PL,1,,Telewizja Regionalna Zary,02,
海外·综合,yes,Telewizja Relax,PL,1,,Telewizja Relax (1080p),02,
海外·综合,yes,Telewizja iTTV,PL,1,,Telewizja iTTV (1080p),02,
海外·综合,yes,Temecula TV (Temecula CA),US,1,,Temecula TV (Temecula CA) (1080p),02,
海外·综合,yes,Tempe Channel 11,US,1,,Tempe Channel 11,02,
海外·综合,yes,Tempo TV,TR,1,,Tempo TV (720p),02,
海外·综合,yes,TenGer TV,MN,1,,TenGer TV (720p),11,
海外·综合,yes,Tendencias Prime,CL,1,,Tendencias Prime (720p),02,
海外·综合,yes,Terra,UA,1,,Terra (576p),02,
海外·综合,yes,Terra Viva,BR,1,,Terra Viva (720p),02,
海外·综合,yes,Teve Empresa,PE,1,,Teve Empresa (720p),02,
海外·综合,yes,Tevex,CL,1,,Tevex (1080p),02,
海外·综合,yes,Thai Chaiyo,TH,1,,Thai Chaiyo,02,
海外·综合,yes,Thai PBS,TH,1,,Thai PBS,02,
海外·综合,yes,Thai Parliament TV,TH,1,,Thai Parliament TV (1080p) [Not 24/7],02,
海外·综合,yes,The Archive,US,1,,The Archive (1080p),02,
海外·综合,yes,The Asylum – Pluto TV,,1,,The Asylum – Pluto TV,11,
海外·综合,yes,The Boat Show – Pluto TV,,1,,The Boat Show – Pluto TV,11,
海外·综合,yes,The Hills – Pluto TV,,1,,The Hills – Pluto TV,11,
海外·综合,yes,The Jamie Oliver Channel,US,1,,The Jamie Oliver Channel (1080p),02,
海外·综合,yes,The Love Boat,US,1,,The Love Boat,02,
海外·综合,yes,The Nanny,US,1,,The Nanny,02,
海外·综合,yes,The Pet Collective Sweden,US,1,,The Pet Collective Sweden,02,
海外·综合,yes,The Walk TV,US,1,,The Walk TV,02,
海外·综合,yes,The Walking Dead en español,US,1,,The Walking Dead en español (720p),02,
海外·综合,yes,The Weather Network,CA,1,,The Weather Network (720p);The Weather Network,02;11,
海外·综合,yes,The pet collective – Pluto TV,,1,,The pet collective – Pluto TV,11,
海外·综合,yes,Thema Televisión (La Serena),CL,1,,Thema Televisión (La Serena) (720p) [Not 24/7],02,
海外·综合,yes,Thikrayat TV,SA,1,,Thikrayat TV (1080p) [Geo-blocked];Thikrayat,02;11,Thikrayat
海外·综合,yes,Thraki Net TV,GR,1,,Thraki Net TV (1080p);Thraki Net TV,02;11,
海外·综合,yes,Thái Nguyên TV,VN,1,,Thái Nguyên TV (720p),02,
海外·综合,yes,TicaVision,CR,1,,TicaVision,02,
海外·综合,yes,Tide TV,DE,1,,Tide TV (1080p),02,
海外·综合,yes,Til Middag Hos,SE,1,,Til Middag Hos,02,
海外·综合,yes,Timeless Dizi Channel (PL),PL,1,,Timeless Dizi Channel (1080p),02,
海外·综合,yes,Timeless Dizi Channel (RO),RO,1,,Timeless Dizi Channel,02,
海外·综合,yes,Timeless TV,US,1,,Timeless TV,02,
海外·综合,yes,Tingvarp,FO,1,,Tingvarp,11,
海外·综合,yes,Tirol TV,AT,1,,Tirol TV (720p) [Not 24/7];Tirol TV Ⓖ,02;11,
海外·综合,yes,Tito TV,ES,1,,Tito TV (720p),02,
海外·综合,yes,Tivi 6,TR,1,,Tivi 6 (720p),02,
海外·综合,yes,Tochka RF,RU,1,,Tochka RF (1080p),02,
海外·综合,yes,Tochka otryva,RU,1,,Tochka otryva (576p),02,
海外·综合,yes,Today's Shopping Choice (TSC),CA,1,,Today's Shopping Choice (TSC) (720p),02,
海外·综合,yes,Tolo TV,AF,1,,Tolo TV,02,
海外·综合,yes,Tonus,RU,1,,Tonus (576p),02,
海外·综合,yes,Top Channel,GR,1,,Top Channel (720p),02,
海外·综合,yes,Top FM TV,PE,1,,Top FM TV (240p) [Not 24/7],02,
海外·综合,yes,Top Gear – Pluto TV,,1,,Top Gear – Pluto TV,11,
海外·综合,yes,Top Movies Polska,PL,1,,Top Movies Polska (1080p),02,
海外·综合,yes,Torococo TV,VE,1,,Torococo TV (720p) [Not 24/7],02,
海外·综合,yes,Toronto 360 TV,CA,1,,Toronto 360 TV (720p) [Not 24/7];Toronto 360 TV,02;11,
海外·综合,yes,Toshkent,UZ,1,,Toshkent (576p),02,
海外·综合,yes,Total TV Haryana,IN,1,,Total TV Haryana (576p),02,
海外·综合,yes,Totò – Pluto TV,,1,,Totò – Pluto TV,11,
海外·综合,yes,Trace Sports,,1,,Trace Sports,21;22,
海外·综合,yes,Trace Sports Stars,,1,,Trace Sports Stars,14,
海外·综合,yes,TransMedia,BO,1,,TransMedia (720p),02,
海外·综合,yes,Transmedia Televisión Morelia,MX,1,,Transmedia Televisión Morelia (614p) [Geo-blocked],02,
海外·综合,yes,Travel Box Brazil,BR,1,,Travel Box Brazil (720p),02,
海外·综合,yes,Travel TV (BG),BG,1,,Travel TV (576p),02,
海外·综合,yes,Travel TV (IT),IT,1,,Travel TV;il61,11,il61
海外·综合,yes,Travel+Adventure,RU,1,,Travel+Adventure HD (1080p),02,
海外·综合,yes,Travelxp Russia,IN,1,,Travelxp Russia (1080p),02,
海外·综合,yes,Traverse Area Community Media CommunityTV Channel 189 (Traverse City MI),US,1,,Traverse Area Community Media CommunityTV Channel 189 (Traverse City MI) (1080p) [Geo-blocked],02,
海外·综合,yes,Trece,PY,1,,Trece,02,
海外·综合,yes,Trivu,PE,1,,Trivu (1080p),02,
海外·综合,yes,Trofei,UA,1,,Trofei (1080p),02,
海外·综合,yes,Tropoja Televizion,AL,1,,Tropoja Televizion;Tropoja,02;11,Tropoja
海外·综合,yes,True Crime Now,US,1,,True Crime Now (1080p),02,
海外·综合,yes,True4U,TH,1,,True4U,02,
海外·综合,yes,Tu TV (VE),VE,1,,Tu TV (720p),02,
海外·综合,yes,Turan TV,KZ,1,,Turan TV (576p),02,
海外·综合,yes,Turbo (IT),IT,1,,Turbo,11,
海外·综合,yes,Turbo TV,SK,1,,Turbo TV (1080p),02,
海外·综合,yes,Turismo Travel TV,CL,1,,Turismo Travel TV,02,
海外·综合,yes,Tuscia Sabina 2000Tv,IT,1,,Tuscia Sabina 2000Tv,11,
海外·综合,yes,Tv 12,IT,1,,Tv 12,11,
海外·综合,yes,TvOro,EC,1,,TvOro (1080p),02,
海外·综合,yes,Tvm Palermo,IT,1,,Tvm Palermo,11,
海外·综合,yes,Tvrs Tv,IT,1,,Tvrs Tv,11,
海外·综合,yes,Tweede Kamer: Actualiteitenkanaal,NL,1,,Tweede Kamer: Actualiteitenkanaal (1080p) [Not 24/7],02,
海外·综合,yes,Tweede Kamer: Aletta Jacobszaal,NL,1,,Tweede Kamer: Aletta Jacobszaal (1080p) [Not 24/7],02,
海外·综合,yes,Tweede Kamer: Enquetezaal,NL,1,,Tweede Kamer: Enquetezaal (1080p) [Not 24/7],02,
海外·综合,yes,Tweede Kamer: Groen van Prinstererzaal,NL,1,,Tweede Kamer: Groen van Prinstererzaal (1080p) [Not 24/7],02,
海外·综合,yes,Tweede Kamer: Klompezaal,NL,1,,Tweede Kamer: Klompezaal (1080p) [Not 24/7],02,
海外·综合,yes,Tweede Kamer: Max van der Stoelzaal,NL,1,,Tweede Kamer: Max van der Stoelzaal (1080p) [Not 24/7],02,
海外·综合,yes,Tweede Kamer: Plenaire zaal,NL,1,,Tweede Kamer: Plenaire zaal (1080p) [Not 24/7],02,
海外·综合,yes,Tweede Kamer: Suze Groenewegzaal,NL,1,,Tweede Kamer: Suze Groenewegzaal (1080p) [Not 24/7],02,
海外·综合,yes,Tweede Kamer: Thorbeckezaal,NL,1,,Tweede Kamer: Thorbeckezaal (1080p) [Not 24/7],02,
海外·综合,yes,Tweede Kamer: Troelstrazaal,NL,1,,Tweede Kamer: Troelstrazaal (1080p) [Not 24/7],02,
海外·综合,yes,Tweede Kamer: Wttewaall van Stoetwegenzaal,NL,1,,Tweede Kamer: Wttewaall van Stoetwegenzaal (1080p) [Not 24/7],02,
海外·综合,yes,Twoja.TV,PL,1,,Twoja.TV (1080p),02,
海外·综合,yes,Tây Ninh TV,VN,1,,Tây Ninh TV (720p),02,
海外·综合,yes,Télé Péyi,GF,1,,Télé Péyi (720p),02,
海外·综合,yes,Türkmenistan,TM,1,,Türkmenistan (406p) [Not 24/7];Türkmenistan,02;11,
海外·综合,yes,U Bangla,IN,1,,U Bangla (1080p),02,
海外·综合,yes,U Channel,ID,1,,U Channel,02,
海外·综合,yes,U Los Lagos TV,CL,1,,U Los Lagos TV (1080p) [Not 24/7],02,
海外·综合,yes,UBS,MN,1,,UBS (720p),11,
海外·综合,yes,UCV Televisión,CL,1,,UCV Televisión,11,
海外·综合,yes,UMC TV,CO,1,,UMC TV (720p),02,
海外·综合,yes,UMTV,MX,1,,UMTV (1080p) [Not 24/7],02,
海外·综合,yes,UNIAN Serial,UA,1,,UNIAN Serial (1080p),02,
海外·综合,yes,UPEA TV,BO,1,,UPEA TV (720p),02,
海外·综合,yes,US | Denver | ABC 7 KMGH,,1,,US | Denver | ABC 7 KMGH,14,
海外·综合,yes,USA Network Latin America,US,1,,USA Network Latin America (1080p),02,
海外·综合,yes,USMPTV,PE,1,,USMPTV (720p),02,
海外·综合,yes,UStad,NL,1,,UStad (1080p),02,
海外·综合,yes,UTV (CL),CL,1,,UTV (720p),02,
海外·综合,yes,UTV Africa,NG,1,,UTV Africa (720p),02,
海外·综合,yes,UTV Palakkad,IN,1,,UTV Palakkad (1080p),02,
海外·综合,yes,UlZii,MN,1,,UlZii,11,
海外·综合,yes,Ultimate Classic Wrestling – Pluto TV,,1,,Ultimate Classic Wrestling – Pluto TV,11,
海外·综合,yes,Ultra TV Puebla,MX,1,,Ultra TV Puebla (720p) [Not 24/7],02,
海外·综合,yes,Ulytau,KZ,1,,Ulytau,02,
海外·综合,yes,Umbria TV,IT,1,,Umbria TV (576p) [Not 24/7];Umbria Tv,02;11,
海外·综合,yes,Umm TV,TH,1,,Umm TV,02,
海外·综合,yes,Unbeaten Sports – Pluto TV,,1,,Unbeaten Sports – Pluto TV,11,
海外·综合,yes,Une Vinalopó,ES,1,,Une Vinalopó (576p) [Not 24/7],02,
海外·综合,yes,UniMas Central,US,1,,UniMas Central (720p),02,
海外·综合,yes,UniMas Mountain,US,1,,UniMas Mountain (1080p),02,
海外·综合,yes,UniMas WFUT-DT,US,1,,UniMas WFUT-DT (1080p),02,
海外·综合,yes,UniNettuno University TV,IT,1,,UniNettuno University TV (720p);UniNettuno University TV Ⓖ,02;11,
海外·综合,yes,UniTV,VE,1,,UniTV (720p),02,
海外·综合,yes,Unidad de investigación,US,1,,Unidad de investigación,02,
海外·综合,yes,UnionTV,PY,1,,UnionTV,02,
海外·综合,yes,Uniquely Thai,VN,1,,Uniquely Thai (720p),02,
海外·综合,yes,Uniregion TV,CL,1,,Uniregion TV,02,
海外·综合,yes,Unitel,PE,1,,Unitel (1080p),02,
海外·综合,yes,Uniteve,AR,1,,Uniteve (720p) [Not 24/7],02,
海外·综合,yes,Univer TV,RU,1,,Univer TV (1080p),02,
海外·综合,yes,Universal TV Latin America,US,1,,Universal TV Latin America (1080p),02,
海外·综合,yes,Universidad Autónoma Temuco (UATV),CL,1,,Universidad Autónoma Temuco (UATV) (1080p) [Not 24/7],02,
海外·综合,yes,Univision,US,1,,Univision (1080p),02,
海外·综合,yes,Unknown Russia,RU,1,,Unknown Russia HD (1080p),02,
海外·综合,yes,Unsion TV,EC,1,,Unsion TV (1080p),02,
海外·综合,yes,Up Network,CZ,1,,Up Network,02,
海外·综合,yes,Uranio TV,PE,1,,Uranio TV (720p),02,
海外·综合,yes,Urban Mix,AR,1,,Urban Mix (720p),02,
海外·综合,yes,Urfa Natik TV,TR,1,,Urfa Natik TV (720p),02,
海外·综合,yes,Urola Telebista,ES,1,,Urola Telebista (416p),02,
海外·综合,yes,Usadba,RU,1,,Usadba (576p),02,
海外·综合,yes,Utsav Bharat,UK,1,,Utsav Bharat (720p),02,
海外·综合,yes,V mire zhivotnykh,RU,1,,V mire zhivotnykh (1080p),02,
海外·综合,yes,VBS TV,US,1,,VBS TV (480p) [Not 24/7],02,
海外·综合,yes,VCV,IN,1,,VCV (720p) [Not 24/7],02,
海外·综合,yes,VH1+ Back to 90's – Pluto TV,,1,,VH1+ Back to 90's – Pluto TV,11,
海外·综合,yes,VH1+ Canzoni Italiane – Pluto TV,,1,,VH1+ Canzoni Italiane – Pluto TV,11,
海外·综合,yes,VH1+ Girl Power! – Pluto TV,,1,,VH1+ Girl Power! – Pluto TV,11,
海外·综合,yes,VH1+ Hip Hop & Rap – Pluto TV,,1,,VH1+ Hip Hop & Rap – Pluto TV,11,
海外·综合,yes,VH1+ Music Legends – Pluto TV,,1,,VH1+ Music Legends – Pluto TV,11,
海外·综合,yes,VH1+ Rock! – Pluto TV,,1,,VH1+ Rock! – Pluto TV,11,
海外·综合,yes,VICE TV,US,1,,VICE TV (1080p),02,
海外·综合,yes,VOTV,ES,1,,VOTV (1080p),02,
海外·综合,yes,VOX,DE,1,,VOX,02,
海外·综合,yes,VR Canal 21 Nasca,PE,1,,VR Canal 21 Nasca (720p),02,
海外·综合,yes,VSiN,US,1,,VSiN (720p),02,
海外·综合,yes,VTU,IN,1,,VTU (1080p),02,
海外·综合,yes,VTV Canal 32,DO,1,,VTV Canal 32 (1080p),02,
海外·综合,yes,VTV Valle de Aconcagua,CL,1,,VTV Valle de Aconcagua (720p) [Not 24/7],02,
海外·综合,yes,Vale TV,VE,1,,Vale TV (480p) [Not 24/7];Vale TV Ⓢ,02;11,
海外·综合,yes,Valle Nuevo TV,DO,1,,Valle Nuevo TV,02,
海外·综合,yes,Vallevision Canal 10,DO,1,,Vallevision Canal 10 (720p) [Not 24/7],02,
海外·综合,yes,Value 24 TV,IT,1,,Value 24 TV,02,
海外·综合,yes,Van 65 TV,TR,1,,Van 65 TV,02,
海外·综合,yes,Vav TV,TR,1,,Vav TV,02,
海外·综合,yes,Vechtdal TV,NL,1,,Vechtdal TV (480p),02,
海外·综合,yes,Vega Teve,DO,1,,Vega Teve (720p) [Not 24/7],02,
海外·综合,yes,Vegavision Canal 18,DO,1,,Vegavision Canal 18 (1080p) [Not 24/7],02,
海外·综合,yes,Velayat TV (IR),IR,1,,Velayat TV,02,
海外·综合,yes,Venevision,VE,1,,Venevision (576p),02,
海外·综合,yes,Venevisión Internacional,VE,1,,Venevisión Internacional (720p),02,
海外·综合,yes,Vepaco TV,VE,1,,Vepaco TV (480p),02,
海外·综合,yes,Vera Tv,IT,1,,Vera Tv,11,
海外·综合,yes,Verso TV,CL,1,,Verso TV,02,
海外·综合,yes,Vevo Pop,,1,,Vevo Pop,11,
海外·综合,yes,Viaggi – Pluto TV,,1,,Viaggi – Pluto TV,11,
海外·综合,yes,Viasat 3,HU,1,,Viasat 3,02,
海外·综合,yes,Viasat Explore Classic,PL,1,,Viasat Explore Classic (720p),02,
海外·综合,yes,Viasat Nature (UA),UA,1,,Viasat Nature,02,
海外·综合,yes,Viasat True Crime Ukraine,PL,1,,Viasat True Crime Ukraine,02,
海外·综合,yes,Viasat2,HU,1,,Viasat2,02,
海外·综合,yes,Video Calabria,IT,1,,Video Calabria,11,
海外·综合,yes,Video Mediterraneo,IT,1,,Video Mediterraneo,11,
海外·综合,yes,Video Regione Sicilia,IT,1,,Video Regione Sicilia,11,
海外·综合,yes,Video Star Tv Sicilia,IT,1,,Video Star Tv Sicilia,11,
海外·综合,yes,Videonovara,IT,1,,Videonovara,11,
海外·综合,yes,Videotelecarnia,IT,1,,Videotelecarnia,11,
海外·综合,yes,Vilayet TV,AZ,1,,Vilayet TV,02,
海外·综合,yes,Villa Altagracia TV,DO,1,,Villa Altagracia TV (1080p) [Not 24/7],02,
海外·综合,yes,Villa Elisa Radio TV,PY,1,,Villa Elisa Radio TV (1080p),02,
海外·综合,yes,Villa Mantero TV,AR,1,,Villa Mantero TV,02,
海外·综合,yes,Village of Hastings-On-Hudson NY (WHOH-TV),US,1,,Village of Hastings-On-Hudson NY (WHOH-TV) (360p),02,
海外·综合,yes,Vintage Radio Tv,IT,1,,Vintage Radio Tv,11,
海外·综合,yes,Vipa TV,TH,1,,Vipa TV (1080p),02,
海外·综合,yes,Virgin Radio TV,IT,1,,Virgin Radio TV Ⓖ,11,
海外·综合,yes,Vision (IN),IN,1,,Vision (576p),02,
海外·综合,yes,Vision 6 TV,ES,1,,Vision 6 TV (720p),02,
海外·综合,yes,Vision Latina Network,US,1,,Vision Latina Network (1080p),02,
海外·综合,yes,Vision Plus TV,CL,1,,Vision Plus TV (1080i),02,
海外·综合,yes,Vision Sur,PE,1,,Vision Sur (720p),02,
海外·综合,yes,Vision TV (CL),CL,1,,Vision TV,02,
海外·综合,yes,Visión TV (GT),GT,1,,Visión TV (720p),02,
海外·综合,yes,Visual Radio,IT,1,,Visual Radio (576p) [Not 24/7],02,
海外·综合,yes,Vitebsk,BY,1,,Vitebsk,02,
海外·综合,yes,Vitrina TV,RU,1,,Vitrina TV (720p),02,
海外·综合,yes,Viva TV Yurimaguas,PE,1,,Viva TV Yurimaguas (720p),02,
海外·综合,yes,VivaTV,PE,1,,VivaTV (1080p),02,
海外·综合,yes,Vive TV Colombia,CO,1,,Vive TV Colombia (1080p),02,
海外·综合,yes,Vivo TV,CL,1,,Vivo TV,02,
海外·综合,yes,Vizion Plus,AL,1,,Vizion Plus (1080p);Vizion Plus,02;11,
海外·综合,yes,ViàMatélé,FR,1,,ViàMatélé (1080p),02,
海外·综合,yes,Vocea Basarabiei TV,MD,1,,Vocea Basarabiei TV;Vocea Basarabiei,02;11,Vocea Basarabiei
海外·综合,yes,Vos TV,BO,1,,Vos TV (720p),02,
海外·综合,yes,Vosges Télévision,FR,1,,Vosges Télévision (576p) [Not 24/7],02,
海外·综合,yes,Vouli TV,GR,1,,Vouli TV,11,
海外·综合,yes,Voyages & Saveurs,ES,1,,Voyages & Saveurs (720p),02,
海外·综合,yes,Vía Altomayo,PE,1,,Vía Altomayo (720p) [Not 24/7],02,
海外·综合,yes,Vía Televisión,PE,1,,Vía Televisión (720P) [Not 24/7],02,
海外·综合,yes,Východočeská TV,CZ,1,,Východočeská TV (1080p);Východoceská TV,02;11,
海外·综合,yes,W Polsce PL,PL,1,,W Polsce PL (720p),02,
海外·综合,yes,W Shopping,KR,1,,W Shopping (720p),02,
海外·综合,yes,W24,AT,1,,W24 (720p) [Not 24/7];W24,02;11,
海外·综合,yes,WATC TV57,US,1,,WATC TV57 (1080p),02,
海外·综合,yes,WBTS-CD1,US,1,,WBTS-CD1 (1080p),02,
海外·综合,yes,WCAU-DT1,US,1,,WCAU-DT1 (1080p),02,
海外·综合,yes,WCBI (Columbus MI),US,1,,WCBI (Columbus MI) (720p),02,
海外·综合,yes,WCCA 194 Worcester MA (WCCA-TV),US,1,,WCCA 194 Worcester MA (WCCA-TV) (480p),02,
海外·综合,yes,WCCA-TV,,1,,WCCA-TV,14,
海外·综合,yes,WCCA-TV (Worcester),,1,,WCCA-TV (Worcester),26,
海外·综合,yes,WCETV Digital Channel 31.8,US,1,,WCETV Digital Channel 31.8,02,
海外·综合,yes,WCOT 13 (Tallahassee FL),US,1,,WCOT 13 (Tallahassee FL) (720p),02,
海外·综合,yes,WDR Fernsehen,DE,1,,WDR Fernsehen (720p),02,
海外·综合,yes,WDR Fernsehen Aachen,DE,1,,WDR Fernsehen Aachen (720p) [Geo-blocked],02,
海外·综合,yes,WDR Fernsehen Bielefeld,DE,1,,WDR Fernsehen Bielefeld (720p) [Geo-blocked],02,
海外·综合,yes,WDR Fernsehen Bonn,DE,1,,WDR Fernsehen Bonn (720p) [Geo-blocked],02,
海外·综合,yes,WDR Fernsehen Dortmund,DE,1,,WDR Fernsehen Dortmund (720p) [Geo-blocked],02,
海外·综合,yes,WDR Fernsehen Duisburg,DE,1,,WDR Fernsehen Duisburg (720p) [Geo-blocked],02,
海外·综合,yes,WDR Fernsehen Düsseldorf,DE,1,,WDR Fernsehen Düsseldorf (720p) [Geo-blocked],02,
海外·综合,yes,WDR Fernsehen Essen,DE,1,,WDR Fernsehen Essen (720p) [Geo-blocked],02,
海外·综合,yes,WDR Fernsehen Münster,DE,1,,WDR Fernsehen Münster (720p) [Geo-blocked],02,
海外·综合,yes,WDR Fernsehen Siegen,DE,1,,WDR Fernsehen Siegen (720p) [Geo-blocked],02,
海外·综合,yes,WDR Fernsehen Wuppertal,DE,1,,WDR Fernsehen Wuppertal (720p) [Geo-blocked],02,
海外·综合,yes,WFLD-DT1,US,1,,WFLD-DT1 (1080p),02,
海外·综合,yes,WGAL-DT3,US,1,,WGAL-DT3 (1080p) [Geo-blocked],02,
海外·综合,yes,WGGS-TV 16.1,US,1,,WGGS-TV 16.1,02,
海外·综合,yes,WGN-DT1,US,1,,WGN-DT1 (720p),02,
海外·综合,yes,WHBQ-DT1,US,1,,WHBQ-DT1 (1080p),02,
海外·综合,yes,WHIO-DT1,US,1,,WHIO-DT1 (1080p),02,
海外·综合,yes,WHPS Detroit,US,1,,WHPS Detroit,02,
海外·综合,yes,WIPR,PR,1,,WIPR (1080p),02,
海外·综合,yes,WITI-DT1,US,1,,WITI-DT1 (1080p),02,
海外·综合,yes,WJAX-DT1,US,1,,WJAX-DT1 (1080p),02,
海外·综合,yes,WJBK-DT1,US,1,,WJBK-DT1 (1080p),02,
海外·综合,yes,WKAQ-DT1 (Telemundo PR),US,1,,WKAQ-DT1 (Telemundo PR) (1080p),02,
海外·综合,yes,WKAQ-DT1 (Telemundo Puerto Rico),,1,,WKAQ-DT1 (Telemundo Puerto Rico),14,
海外·综合,yes,WKAQ-DT2 (Punto 2),PR,1,,WKAQ-DT2 (Punto 2) (720p),02,
海外·综合,yes,WLNG Radio,US,1,,WLNG Radio (410p) [Not 24/7],02,
海外·综合,yes,WLTV-DT 23.1,US,1,,WLTV-DT 23.1 (720p),02,
海外·综合,yes,WNBC-DT1,US,1,,WNBC-DT1 (1080p),02,
海外·综合,yes,WNYW-DT1,US,1,,WNYW-DT1 (1080p),02,
海外·综合,yes,WOS TV,NL,1,,WOS TV (1080p),02,
海外·综合,yes,WPXI-DT1,US,1,,WPXI-DT1 (1080p),02,
海外·综合,yes,WRC-DT1,US,1,,WRC-DT1 (1080p),02,
海外·综合,yes,WRUA-DT1 (Tiva TV),PR,1,,WRUA-DT1 (Tiva TV) (720p),02,
海外·综合,yes,WSB-DT1,US,1,,WSB-DT1 (1080p),02,
海外·综合,yes,WSBS-DT1,US,1,,WSBS-DT1 (1080p),02,
海外·综合,yes,WSOC-DT1,US,1,,WSOC-DT1 (1080p),02,
海外·综合,yes,WTMO-CD 31.1,US,1,,WTMO-CD 31.1 (720p),02,
海外·综合,yes,WTTG-DT1,US,1,,WTTG-DT1 (1080p),02,
海外·综合,yes,WTV (BE),BE,1,,WTV,02,
海外·综合,yes,WTVJ-DT1,US,1,,WTVJ-DT1 (1080p),02,
海外·综合,yes,WTVT-DT1,US,1,,WTVT-DT1 (1080p),02,
海外·综合,yes,WTXF-DT1,US,1,,WTXF-DT1 (1080p),02,
海外·综合,yes,WVIT-DT1,US,1,,WVIT-DT1 (1080p),02,
海外·综合,yes,WVVH-CD 18.1,US,1,,WVVH-CD 18.1 (720p),02,
海外·综合,yes,WWOR-DT1,US,1,,WWOR-DT1,02,
海外·综合,yes,WWXY-DT1 (Boricua TV),PR,1,,WWXY-DT1 (Boricua TV) (1080p),02,
海外·综合,yes,Waar TV,IQ,1,,Waar TV (1080p),02,
海外·综合,yes,Waffi TV,NG,1,,Waffi TV (240p);Waffi TV,02;11,
海外·综合,yes,Wan Luo TV,UG,1,,Wan Luo TV (576p),02,
海外·综合,yes,Wanted: Dead or Alive,US,1,,Wanted: Dead or Alive (720p),02,
海外·综合,yes,Wap TV,NG,1,,Wap TV (720p) [Not 24/7],02,
海外·综合,yes,Wapp,CL,1,,Wapp (720p),02,
海外·综合,yes,Wasat TV,LY,1,,Wasat TV (1080p),02,
海外·综合,yes,Wata Vision,VE,1,,Wata Vision,02,
海外·综合,yes,Watan TV,EG,1,,Watan TV (1080p);Watan TV,02;11,
海外·综合,yes,Watar Radio,AE,1,,Watar Radio (1080p),02,
海外·综合,yes,Watar TV,PS,1,,Watar TV (720p) [Not 24/7],02,
海外·综合,yes,Wattan TV,PS,1,,Wattan TV,02,
海外·综合,yes,Waypoint TV,US,1,,Waypoint TV (1080p),02,
海外·综合,yes,Wazobia Max TV Nigeria,NG,1,,Wazobia Max TV Nigeria (720p);Wazobia Max TV Nigeria,02;11,
海外·综合,yes,Wazobia Max TV Port Harcourt,NG,1,,Wazobia Max TV Port Harcourt (720p);Wazobia Max TV Port Harcourt,02;11,
海外·综合,yes,WeatherSpy (AU),AU,1,,WeatherSpy (720p),02,
海外·综合,yes,WeatherSpy (MX),MX,1,,WeatherSpy (720p),02,
海外·综合,yes,Weatherspy (IN),IN,1,,Weatherspy,02,
海外·综合,yes,WeertFM TV,NL,1,,WeertFM TV (720p),02,
海外·综合,yes,Welt der Wunder TV,DE,1,,Welt der Wunder TV (576p),02,
海外·综合,yes,West Hollywood WeHoTV (West Hollywood CA),US,1,,West Hollywood WeHoTV (West Hollywood CA) (360p),02,
海外·综合,yes,Western TV,US,1,,Western TV,02,
海外·综合,yes,Western – Pluto TV,,1,,Western – Pluto TV,11,
海外·综合,yes,Westerns 4U,US,1,,Westerns 4U (1080p),02,
海外·综合,yes,Whakaata Maori,NZ,1,,Whakaata Maori (1080p),02,
海外·综合,yes,Whiplash,US,1,,Whiplash (720p),02,
海外·综合,yes,Whiplash II,US,1,,Whiplash II (480p),02,
海外·综合,yes,White Channel,TH,1,,White Channel (1080p),02,
海外·综合,yes,White Plains Community Media,US,1,,White Plains Community Media (360p);White Plains Community Media | HD 720p,02;26,
海外·综合,yes,Whittier CityTV (Whittier CA),US,1,,Whittier CityTV (Whittier CA) (720p),02,
海外·综合,yes,Wicked Tuna,,1,,Wicked Tuna,14,
海外·综合,yes,Wild TV,CA,1,,Wild TV (1080p),02,
海外·综合,yes,Willax TV,PE,1,,Willax TV (1080p),02,
海外·综合,yes,Win TV,IN,1,,Win TV (576p),02,
海外·综合,yes,Window TV,US,1,,Window TV (720p),02,
海外·综合,yes,Wine Watches Whiskey,US,1,,Wine Watches Whiskey (1080p),02,
海外·综合,yes,WooHoo,BR,1,,WooHoo (720p),02,
海外·综合,yes,World Billiards TV,PL,1,,World Billiards TV,02,
海外·综合,yes,World Harvest TV,US,1,,World Harvest TV (360p),02,
海外·综合,yes,World TV Guatemala,GT,1,,World TV Guatemala (720p),02,
海外·综合,yes,World poker tour – Pluto TV,,1,,World poker tour – Pluto TV,11,
海外·综合,yes,Wtv (PE),PE,1,,Wtv (720p),02,
海外·综合,yes,Wuan+,EC,1,,Wuan+,02,
海外·综合,yes,XSport,UA,1,,XSport Ⓢ,11,
海外·综合,yes,XV TV,HU,1,,XV TV (480p),02,
海外·综合,yes,Xezer TV,AZ,1,,Xezer TV (720p);Xəzər Xəbər,02;11,Xəzər Xəbər
海外·综合,yes,Xinjiang TV 8,CN,1,,Xinjiang TV 8,02,
海外·综合,yes,Xtremo Channel,DO,1,,Xtremo Channel (720p) [Geo-blocked],02,
海外·综合,yes,YLE TV 1,FI,1,,YLE TV 1 (1080p) [Not 24/7],02,
海外·综合,yes,YLE TV 2,FI,1,,YLE TV 2 (1080p) [Not 24/7],02,
海外·综合,yes,YLE TV Teema & Fem,FI,1,,YLE TV Teema & Fem (1080p) [Not 24/7],02,
海外·综合,yes,YOL TV,DE,1,,YOL TV,02,
海外·综合,yes,YOY International,ID,1,,YOY International (576p),02,
海外·综合,yes,Yachting TV,CZ,1,,Yachting TV (1080p),02,
海外·综合,yes,Yahoo! Finance,US,1,,Yahoo! Finance (1080p);Yahoo! Finance,02;11,
海外·综合,yes,Yazd,IR,1,,Yazd,02,
海外·综合,yes,Yemen Today TV,YE,1,,Yemen Today TV (480p),02,
海外·综合,yes,Yes Network,US,1,,Yes Network (720p),02,
海外·综合,yes,Yobe TV,NG,1,,Yobe TV (720p),02,
海外·综合,yes,Yoshlar,UZ,1,,Yoshlar (1080p),02,
海外·综合,yes,YouDotGov,US,1,,YouDotGov,02,
海外·综合,yes,Yu-Gi-Oh! en espanol,US,1,,Yu-Gi-Oh! en espanol (1080p),02,
海外·综合,yes,Yu-Gi-Oh! – Pluto TV,,1,,Yu-Gi-Oh! – Pluto TV,11,
海外·综合,yes,Yuma AZ CH 72,US,1,,Yuma AZ CH 72 (1080p),02,
海外·综合,yes,Yuma AZ CH 73,US,1,,Yuma AZ CH 73 (1080p),02,
海外·综合,yes,Yuma77,US,1,,Yuma77,02,
海外·综合,yes,Yurimaguas TV,PE,1,,Yurimaguas TV (720p),02,
海外·综合,yes,Yurivision,PE,1,,Yurivision (720p),02,
海外·综合,yes,Z (Запорожье),UA,1,,Z (Запорожье) (1080p),02,
海外·综合,yes,ZAS TV,DO,1,,ZAS TV,02,
海外·综合,yes,ZDF,DE,1,,ZDF,02,
海外·综合,yes,ZIZ TV,KN,1,,ZIZ TV (720p),02,
海外·综合,yes,ZO!34,NL,1,,ZO!34 (720p),02,
海外·综合,yes,ZTV,US,1,,ZTV (1080p),02,
海外·综合,yes,Zabb Channel,TH,1,,Zabb Channel (720p),02,
海外·综合,yes,Zagorodnaya Zhizn,RU,1,,Zagorodnaya Zhizn (576p),02,
海外·综合,yes,Zagros,IR,1,,Zagros,02,
海外·综合,yes,Zalaegerszegi TV,HU,1,,Zalaegerszegi TV (360p);Zalaegerszeg TV,02;11,Zalaegerszeg TV
海外·综合,yes,Zapadoslovenska TV,SK,1,,Zapadoslovenska TV,02,
海外·综合,yes,Zarin TV,US,1,,Zarin TV (1080p),02,
海外·综合,yes,Zarok TV,TR,1,,Zarok TV (720p),02,
海外·综合,yes,Zdorovoe TV,RU,1,,Zdorovoe TV (576p),02,
海外·综合,yes,Zed TV,IR,1,,Zed TV,02,
海外·综合,yes,Zee Business,IN,1,,Zee Business (720p),02,
海外·综合,yes,Zenebutik,HU,1,,Zenebutik,02,
海外·综合,yes,Zhara,RU,1,,Zhara (576p),02,
海外·综合,yes,Zhejiang TV International,CN,1,,Zhejiang TV International,02,
海外·综合,yes,Zhivaya Planeta,RU,1,,Zhivaya Planeta (576p),02,
海外·综合,yes,Zinc Nombre TV,DO,1,,Zinc Nombre TV (720p) [Not 24/7],02,
海外·综合,yes,Zindagi TV,PK,1,,Zindagi TV (576p) [Not 24/7],02,
海外·综合,yes,Zitata TV,MQ,1,,Zitata TV,02,
海外·综合,yes,Zjarr TV,AL,1,,Zjarr TV (360p),02,
海外·综合,yes,Zoom Tecnologico Plus,CL,1,,Zoom Tecnologico Plus (720p),02,
海外·综合,yes,Zoopark,RU,1,,Zoopark (576i),02,
海外·综合,yes,Zougla TV,GR,1,,Zougla TV (720p),02,
海外·综合,yes,Zuraca TV,BO,1,,Zuraca TV (720p),02,
海外·综合,yes,Zurquí TV,CR,1,,Zurquí TV (720p),02,
海外·综合,yes,Zvezda,RU,1,,Zvezda (1080p),02,
海外·综合,yes,Zvezda Plus,RU,1,,Zvezda Plus HD (1080p),02,
海外·综合,yes,apart TV,LU,1,,apart TV (1080p),02,
海外·综合,yes,aurLife,PK,1,,aurLife HD (614p),02,
海外·综合,yes,ausbiz TV,AU,1,,ausbiz TV (720p) [Not 24/7];Ausbiz,02;11,Ausbiz
海外·综合,yes,bon appétit,US,1,,bon appétit (1080p),02,
海外·综合,yes,dTVi,ID,1,,dTVi,02,
海外·综合,yes,entelevision,DO,1,,entelevision (1080p) [Not 24/7],02,
海外·综合,yes,iQIYI,,1,,iQIYI,01,
海外·综合,yes,n-tv (DE),DE,1,,n-tv,02,
海外·综合,yes,oe24,AT,1,,oe24,11,
海外·综合,yes,rbb Fernsehen,DE,1,,rbb Fernsehen,02,
海外·综合,yes,sixx,DE,1,,sixx,02,
海外·综合,yes,teltOwkanal,DE,1,,teltOwkanal (1080p),02,
海外·综合,yes,wedotv Auta,PL,1,,wedotv Auta (480p),02,
海外·综合,yes,zenith,FR,1,,zenith (1080p),02,
海外·综合,yes,Ózdi Városi TV,HU,1,,Ózdi Városi TV (720p) [Not 24/7];Ózdi Városi TV,02;11,
海外·综合,yes,ÚTV (CZ),CZ,1,,ÚTV (1080p);UTV,02;11,
海外·综合,yes,è Tv Umbria,IT,1,,è Tv Umbria,11,
海外·综合,yes,ČT 1,CZ,1,,ČT 1;ČT1,02;11,
海外·综合,yes,Đà Nẵng TV1,VN,1,,Đà Nẵng TV1 (1080p) [Not 24/7],02,
海外·综合,yes,Đà Nẵng TV2,VN,1,,Đà Nẵng TV2 (1080p) [Not 24/7],02,
海外·综合,yes,Đắk Lắk TV,VN,1,,Đắk Lắk TV (720p),02,
海外·综合,yes,Đồng Tháp TV2,VN,1,,Đồng Tháp TV2 (540p),02,
海外·综合,yes,АБАЗА-ТВ,RU,1,,АБАЗА-ТВ (1080p),02,
海外·综合,yes,Аист ТВ,RU,1,,Аист ТВ (1080p),02,
海外·综合,yes,Арис 24,RU,1,,Арис 24 (720p) [Not 24/7],02,
海外·综合,yes,Астрахань.Ru TV,RU,1,,Астрахань.Ru TV (480p),02,
海外·综合,yes,БСТ (Башкирское спутниковое телевидение),RU,1,,БСТ (Башкирское спутниковое телевидение) (576p),02,
海外·综合,yes,Беларусь 1,BY,1,,Беларусь 1,11,
海外·综合,yes,Беларусь 2,BY,1,,Беларусь 2,11,
海外·综合,yes,Беларусь 24,BY,1,,Беларусь 24,11,
海外·综合,yes,Беларусь 3,BY,1,,Беларусь 3,11,
海外·综合,yes,Беларусь 5,BY,1,,Беларусь 5,11,
海外·综合,yes,Белгород 24,RU,1,,Белгород 24 (1080p),02,
海外·综合,yes,Большая Азия,RU,1,,Большая Азия (720p),02,
海外·综合,yes,Вести ФМ,RU,1,,Вести ФМ,11,
海外·综合,yes,Ветта 24 (Пермь),RU,1,,Ветта 24 (Пермь) (576p) [Not 24/7];Ветта 24,02;11,Ветта 24
海外·综合,yes,Вистел,MK,1,,Вистел,11,
海外·综合,yes,Вместе РФ,RU,1,,Вместе РФ,02,
海外·综合,yes,Волга,RU,1,,Волга (HD),02,
海外·综合,yes,Губерния (Самара),RU,1,,Губерния (Самара) (576p);「RU」 Самара,02;14,Самара
海外·综合,yes,ДІМ,UA,1,,ДІМ,11,
海外·综合,yes,Дагестан,RU,1,,Дагестан (1080p),02,
海外·综合,yes,Дождь,NL,1,,Дождь (1080p) [Geo-blocked],02,
海外·综合,yes,Евразия (Орск),RU,1,,Евразия (Орск) (720p),02,
海外·综合,yes,ЗОНА М1 ТВ,MK,1,,ЗОНА М1 ТВ,11,
海外·综合,yes,За!ТВ,RU,1,,За!ТВ,02,
海外·综合,yes,Звезда,RU,1,,Звезда,11,
海外·综合,yes,Ингушетия ТВ,RU,1,,Ингушетия ТВ (1080p),02,
海外·综合,yes,К16 (Саров),RU,1,,К16 (Саров) (406p) [Not 24/7],02,
海外·综合,yes,Карусель,RU,1,,Карусель Ⓢ,11,
海外·综合,yes,Київ 24,UA,1,,Київ 24,11,
海外·综合,yes,Красная линия,RU,1,,Красная линия (480p),02,
海外·综合,yes,Кубань 24,RU,1,,Кубань 24 [Geo-blocked],02,
海外·综合,yes,Курай (Уфа),RU,1,,Курай (Уфа) (576p),02,
海外·综合,yes,ЛДПР ТВ,RU,1,,ЛДПР ТВ (1080p),02,
海外·综合,yes,Луганск 24,UA,1,,Луганск 24,02,
海外·综合,yes,МТВ (Волгоград),RU,1,,МТВ (Волгоград) (720p) [Not 24/7],02,
海外·综合,yes,Магнат ТВ,RU,1,,Магнат ТВ (1080p),02,
海外·综合,yes,Мир Белагорья,RU,1,,Мир Белагорья (720p) [Geo-blocked];Мир Белогорья,02;11,Мир Белогорья
海外·综合,yes,Москва 24,RU,1,,Москва 24,11,
海外·综合,yes,Муз-ТВ,RU,1,,Муз-ТВ Ⓢ,11,
海外·综合,yes,НВК Саха,RU,1,,НВК Саха (1080p) [Not 24/7],02,
海外·综合,yes,НТВ +1,RU,1,,НТВ +1 (576p),02,
海外·综合,yes,НТВ +2,RU,1,,НТВ +2 (576p),02,
海外·综合,yes,НТВ +4,RU,1,,НТВ +4 (576p),02,
海外·综合,yes,НТВ +7,RU,1,,НТВ +7 (576p),02,
海外·综合,yes,НТК 21 (Биробиджан),RU,1,,НТК 21 (Биробиджан) [Geo-blocked],02,
海外·综合,yes,НТК ТВ,UA,1,,НТК ТВ (1080p) [Not 24/7],02,
海外·综合,yes,НТМ (Народное телевидение Мордовии),RU,1,,НТМ (Народное телевидение Мордовии) (720p) [Not 24/7],02,
海外·综合,yes,НТС (Севастополь),RU,1,,НТС (Севастополь) (1080p) [Not 24/7],02,
海外·综合,yes,Неизвестная Россия,RU,1,,Неизвестная Россия (1080p),02,
海外·综合,yes,Нижний Новгород 24,RU,1,,Нижний Новгород 24,11,
海外·综合,yes,Ника ТВ,RU,1,,Ника ТВ (576p) [Not 24/7],02,
海外·综合,yes,Новгородское областное телевидение,RU,1,,Новгородское областное телевидение [Geo-blocked],02,
海外·综合,yes,ОСН,RU,1,,ОСН,02,
海外·综合,yes,Орбис,MK,1,,Орбис,11,
海外·综合,yes,Открытый мир. Здоровье,RU,1,,Открытый мир. Здоровье (576p),02,
海外·综合,yes,Первый Городской (Одесса),UA,1,,Первый Городской (Одесса) (576p),02,
海外·综合,yes,Первый Крымский,RU,1,,Первый Крымский (720p),02,
海外·综合,yes,Первый канал Европа,RU,1,,Первый канал Европа,02,
海外·综合,yes,ПлюсПлюс,UA,1,,ПлюсПлюс Ⓢ,11,
海外·综合,yes,Прима,RU,1,,Прима (1080p),02,
海外·综合,yes,Піксель TV,UA,1,,Піксель TV,11,
海外·综合,yes,РБК,RU,1,,РБК,11,
海外·综合,yes,Россия 1,RU,1,,Россия 1,11,
海外·综合,yes,Россия-Культура,RU,1,,Россия-Культура Ⓢ,11,
海外·综合,yes,Россия-РТР,RU,1,,Россия-РТР,02,
海外·综合,yes,С1 (Сургут),RU,1,,С1 (Сургут) (1080p) [Not 24/7],02,
海外·综合,yes,Самара ГИС,RU,1,,Самара ГИС (1080p) [Not 24/7],02,
海外·综合,yes,Своё ТВ (Ставрополь),RU,1,,Своё ТВ (Ставрополь) (1080p),02,
海外·综合,yes,Север (Нарьян-Мар),RU,1,,Север (Нарьян-Мар),02,
海外·综合,yes,Сити Эдем АвтоГид,RU,1,,Сити Эдем АвтоГид [Not 24/7],02,
海外·综合,yes,Сити Эдем МедЗдрав,RU,1,,Сити Эдем МедЗдрав [Not 24/7],02,
海外·综合,yes,Сити Эдем Рецепты Гурмана,RU,1,,Сити Эдем Рецепты Гурмана [Not 24/7],02,
海外·综合,yes,Соловьёв Live,RU,1,,Соловьёв Live,11,
海外·综合,yes,СургутИнформТВ,RU,1,,СургутИнформТВ,02,
海外·综合,yes,Суспільне Kropyvnytskyi,UA,1,,Суспільне Kropyvnytskyi,11,
海外·综合,yes,Суспільне Дніпро,UA,1,,Суспільне Дніпро,11,
海外·综合,yes,Суспільне Житомир,UA,1,,Суспільне Житомир Ⓢ,11,
海外·综合,yes,Суспільне Крим,UA,1,,Суспільне Крим,11,
海外·综合,yes,Суспільне Одеса,UA,1,,Суспільне Одеса Ⓢ,11,
海外·综合,yes,Суспільне Суми,UA,1,,Суспільне Суми Ⓢ,11,
海外·综合,yes,Суспільне Тернопіль,UA,1,,Суспільне Тернопіль,11,
海外·综合,yes,Суспільне Хмельницький,UA,1,,Суспільне Хмельницький Ⓢ,11,
海外·综合,yes,Суспільне Чернівці,UA,1,,Суспільне Чернівці Ⓢ,11,
海外·综合,yes,Суспільне Чернігів,UA,1,,Суспільне Чернігів,11,
海外·综合,yes,Сфера-ТВ,UA,1,,Сфера-ТВ (720p),02,
海外·综合,yes,ТВК 24,RU,1,,ТВК 24 (576p),02,
海外·综合,yes,ТКР (Рязань),RU,1,,ТКР (Рязань) (1080p) [Not 24/7],02,
海外·综合,yes,Таврия,RU,1,,Таврия,02,
海外·综合,yes,Телеканал 86 (Сургут),RU,1,,Телеканал 86 (Сургут) (1080p) [Not 24/7],02,
海外·综合,yes,Телеканал Краснодар,RU,1,,Телеканал Краснодар (1080p),02,
海外·综合,yes,Телерадиокомпания 555 (Алушта),RU,1,,Телерадиокомпания 555 (Алушта) (720p),02,
海外·综合,yes,Телплюс ТВ (Астрахань),RU,1,,Телплюс ТВ (Астрахань) (360p) [Not 24/7],02,
海外·综合,yes,Тюсо,UA,1,,Тюсо (720p),02,
海外·综合,yes,Хуго 2,MK,1,,Хуго 2,11,
海外·综合,yes,Щёлковское ТВ,RU,1,,Щёлковское ТВ (576p) [Not 24/7],02,
海外·综合,yes,Ювелирочка ТВ,RU,1,,Ювелирочка ТВ (576p),02,
海外·综合,yes,Югра,RU,1,,Югра (1080p),02,
海外·综合,yes,Якутия 24,RU,1,,Якутия 24,11,
海外·综合,yes,ערוץ 13,IL,1,,ערוץ 13,11,
海外·综艺,yes,FailArmy,US,4,,Failarmy;FailArmy;Fail Army (720p);FailArmy (720p),02;11,
海外·综艺,yes,Are You The One?,SE,3,,Are You The One?,02,
海外·综艺,yes,Beavis and Butt-Head,SE,3,,Beavis and Butt-Head,02,
海外·综艺,yes,Best of MTV,SE,3,,Best of MTV,02,
海外·综艺,yes,Best of The Drew Barrymore Show (SE),SE,3,,Best of The Drew Barrymore Show,02,
海外·综艺,yes,Broad City,SE,3,,Broad City,02,
海外·综艺,yes,Caroline in the City,SE,3,,Caroline in the City,02,
海外·综艺,yes,Chappelle's Show,SE,3,,Chappelle's Show,02,
海外·综艺,yes,Comedy Central Pluto TV,US,3,,Comedy Central Pluto TV,02,
海外·综艺,yes,Crazy Ex-Girlfriend,SE,3,,Crazy Ex-Girlfriend,02,
海外·综艺,yes,Everybody Hates Chris,SE,3,,Everybody Hates Chris,02,
海外·综艺,yes,Ex On The Beach,SE,3,,Ex On The Beach,02,
海外·综艺,yes,Family Ties (SE),SE,3,,Family Ties,02,
海外·综艺,yes,Geordie Shore (SE),SE,3,,Geordie Shore,02,
海外·综艺,yes,Jersey Shore (SE),SE,3,,Jersey Shore,02,
海外·综艺,yes,Jersey Shore Family Vacation,SE,3,,Jersey Shore Family Vacation,02,
海外·综艺,yes,Key & Peele,SE,3,,Key & Peele,02,
海外·综艺,yes,Lone Star,US,3,,Lone Star (720p);Lone Star (1080p),02,
海外·综艺,yes,MTV Catfish (SE),SE,3,,MTV Catfish (720p);MTV Catfish,02,
海外·综艺,yes,MTV Dating (SE),SE,3,,MTV Dating (720p),02,
海外·综艺,yes,MTV Reality (US),US,3,,MTV Reality (720p);MTV Reality,02,
海外·综艺,yes,MTV Ridiculousness (SE),SE,3,,MTV Ridiculousness (720p),02,
海外·综艺,yes,MTV Teen Mom (SE),SE,3,,MTV Teen Mom (720p),02,
海外·综艺,yes,Man with a Plan,SE,3,,Man with a Plan,02,
海外·综艺,yes,Paradise Hotel,SE,3,,Paradise Hotel,02,
海外·综艺,yes,People Are Awesome,US,3,,People Are Awesome (720p);People Are Awesome,02;11,
海外·综艺,yes,Pimp My Ride,SE,3,,Pimp My Ride,02,
海外·综艺,yes,Pluto TV Comedy,US,3,,Pluto TV Comedy,02;11,
海外·综艺,yes,Reno 911,SE,3,,Reno 911,02,
海外·综艺,yes,Sabrina the Teenage Witch (SE),SE,3,,Sabrina the Teenage Witch,02,
海外·综艺,yes,South Park (DE),DE,3,,South Park,02,
海外·综艺,yes,South Park (SE),SE,3,,South Park,02,
海外·综艺,yes,South Park Armageddon,SE,3,,South Park Armageddon,02,
海外·综艺,yes,South Park Rockin' Out,SE,3,,South Park Rockin' Out,02,
海外·综艺,yes,South Park: Butters Collection (SE),SE,3,,South Park: Butters Collection,02,
海外·综艺,yes,South Park: Cartman Collection (SE),SE,3,,South Park: Cartman Collection,02,
海外·综艺,yes,South Park: Into the Stars,SE,3,,South Park: Into the Stars,02,
海外·综艺,yes,South Park: Kenny Collection (SE),SE,3,,South Park: Kenny Collection,02,
海外·综艺,yes,South Park: Kyle Collection (SE),SE,3,,South Park: Kyle Collection,02,
海外·综艺,yes,TV-3 (RU),RU,3,,TV-3 HD (1080p);TV-3 (576p),02,
海外·综艺,yes,Teen Mom (DE),DE,3,,Teen Mom;Teen Mom (720p),02,
海外·综艺,yes,The Daily Show,SE,3,,The Daily Show,02,
海外·综艺,yes,The Hills,SE,3,,The Hills,02,
海外·综艺,yes,Tosh.0 (SE),SE,3,,Tosh.0,02,
海外·综艺,yes,America's Next Top Model (US),US,2,,America's Next Top Model,02,
海外·综艺,yes,Auction Hunters (DE),DE,2,,Auction Hunters,02,
海外·综艺,yes,BET Pluto TV (US),US,2,,BET Pluto TV,02,
海外·综艺,yes,Camp Kulinaris,SE,2,,Camp Kulinaris,02,
海外·综艺,yes,Catfish (DE),DE,2,,Catfish,02,
海外·综艺,yes,Cheers (DE),DE,2,,Cheers,02,
海外·综艺,yes,Colosal TV,CR,2,,Colosal TV,02;14,
海外·综艺,yes,Comedy Central (SE),SE,2,,Comedy Central (720p);Comedy Central,02,
海外·综艺,yes,Comedy Central (US),US,2,,Comedy Central;Comedy Central (720p),02,
海外·综艺,yes,Comedy Central South Park (US),US,2,,Comedy Central South Park,02,
海外·综艺,yes,DD National,IN,2,,DD National HD (1080p);DD National (576p),02,
海外·综艺,yes,Dry Bar Comedy,US,2,,Dry Bar Comedy (720p);Drybar Comedy,02;11,
海外·综艺,yes,ETV+ (EE),EE,2,,ETV+ Ⓖ;ETV+ (720p),02;11,
海外·综艺,yes,Failarmy International,US,2,,Failarmy International (720p);Failarmy International,02;14,
海外·综艺,yes,Geordie Shore (DE),DE,2,,Geordie Shore,02,
海外·综艺,yes,Heartland,US,2,,Heartland (720p);Heartland,02,
海外·综艺,yes,Historia,ES,2,,Historia HD (1080p);Historia (1080p),02,
海外·综艺,yes,Hum TV,PK,2,,Hum TV (720p);Hum TV SD,02,
海外·综艺,yes,I Love Lucy,US,2,,I Love Lucy,02,
海外·综艺,yes,ICTV2,UA,2,,ICTV2;ICTV2 (1080p),02;11,
海外·综艺,yes,Izaura TV,HU,2,,Izaura TV;Izaura TV (1080p),02;11,
海外·综艺,yes,Jim,FI,2,,Jim (720p);Jim,02;11,
海外·综艺,yes,K1,UA,2,,K1;K1 (1080p),02;11,
海外·综艺,yes,Liv,FI,2,,Liv;Liv (720p),02;11,
海外·综艺,yes,M6,FR,2,,M6;M6 (1080p),02;11,
海外·综艺,yes,MTV (IN),IN,2,,MTV;MTV HD (396p),02,
海外·综艺,yes,MTV Catfish (US),US,2,,MTV Catfish (720p),02,
海外·综艺,yes,MTV Catfish TV Show,DE,2,,MTV Catfish TV Show (720p),02,
海外·综艺,yes,MTV Dating (DE),DE,2,,MTV Dating (720p),02,
海外·综艺,yes,MTV Pluto TV (US),US,2,,MTV Pluto TV,02,
海外·综艺,yes,MTV Reality (DE),DE,2,,MTV Reality (720p),02,
海外·综艺,yes,MTV Ridiculousness (US),US,2,,MTV Ridiculousness (720p);MTV Ridiculousness,02,
海外·综艺,yes,MTV Rocks,US,2,,MTV Rocks,02,
海外·综艺,yes,MTV Teen Mom (DE),DE,2,,MTV Teen Mom (720p),02,
海外·综艺,yes,Mazhavil Manorama,IN,2,,Mazhavil Manorama HD (1080p);Mazhavil Manorama (576p),02,
海外·综艺,yes,Paradise,SE,2,,Paradise,02,
海外·综艺,yes,Pluto TV Reality (DE),DE,2,,Pluto TV Reality,02,
海外·综艺,yes,Pluto TV Reality (US),US,2,,Pluto TV Reality,02,
海外·综艺,yes,Ray TV,NP,2,,Ray TV HD;Ray TV HD (576p),02,
海外·综艺,yes,STAR,GR,2,,STAR HD (1080p);Star,02;11,
海外·综艺,yes,Spektrum Home (HU),HU,2,,Spektrum Home,02;11,
海外·综艺,yes,Stories by AMC,US,2,,Stories by AMC,02,
海外·综艺,yes,Subbota!,RU,2,,Subbota! HD (1080p);Subbota! (1080p),02,
海外·综艺,yes,TF1,FR,2,,TF1;TF1 HD (720p),02;11,
海外·综艺,yes,The Price is Right,US,2,,The Price is Right (720p);The Price Is Right,02,
海外·综艺,yes,.black (RU),RU,1,,.black (576p),02,
海外·综艺,yes,.red,RU,1,,.red HD (1080p),02,
海外·综艺,yes,13 Humor,CL,1,,13 Humor (1080p),02,
海外·综艺,yes,13 Realities,CL,1,,13 Realities (1080p);13 Realities,02;11,
海外·综艺,yes,16 Anni e Incinta,DE,1,,16 Anni e Incinta,02,
海外·综艺,yes,1KZN TV,ZA,1,,1KZN TV (576p),02,
海外·综艺,yes,247 Box TV,IR,1,,247 Box TV,02,
海外·综艺,yes,2x2,RU,1,,2x2 (576i),02,
海外·综艺,yes,30A Ridiculous TV,US,1,,30A Ridiculous TV (720p),02,
海外·综艺,yes,30A Sidewalks,US,1,,30A Sidewalks (720p),02,
海外·综艺,yes,30A Television Channel,US,1,,30A Television Channel (720p),02,
海外·综艺,yes,4U TV,TR,1,,4U TV (720p),02,
海外·综艺,yes,4ever Theater,UA,1,,4ever Theater (1080p),02,
海外·综艺,yes,5AAB TV,CA,1,,5AAB TV (720p) [Not 24/7],02,
海外·综艺,yes,A&E,US,1,,A&E (720p),02,
海外·综艺,yes,A&E Latin America,US,1,,A&E Latin America (1080p),02,
海外·综艺,yes,A&E Latin America Brazil,US,1,,A&E Latin America Brazil (720p),02,
海外·综艺,yes,ABC TV Plus,AU,1,,ABC TV Plus (720p),02,
海外·综艺,yes,AFV,US,1,,AFV (720p),02,
海外·综艺,yes,AMC Absolute Reality,US,1,,AMC Absolute Reality,02,
海外·综艺,yes,ANC Television,CO,1,,ANC Television (720p),02,
海外·综艺,yes,ANT1 Cyprus,CY,1,,ANT1 Cyprus (1080p),02,
海外·综艺,yes,AP TV,GH,1,,AP TV,02,
海外·综艺,yes,AXN Spin,HU,1,,AXN Spin,02,
海外·综艺,yes,AXN White,US,1,,AXN White,02,
海外·综艺,yes,AXN White Bulgaria,US,1,,AXN White Bulgaria (576p),02,
海外·综艺,yes,AXN White CzechRepublic,US,1,,AXN White CzechRepublic,02,
海外·综艺,yes,AXN White Poland,US,1,,AXN White Poland (576p),02,
海外·综艺,yes,AXN White Portugal,US,1,,AXN White Portugal (480p),02,
海外·综艺,yes,Aaj Entertainment,PK,1,,Aaj Entertainment (1080p),02,
海外·综艺,yes,Aakaash Aath,IN,1,,Aakaash Aath (576p),02,
海外·综艺,yes,Aamar Bangla,IN,1,,Aamar Bangla (720p),02,
海外·综艺,yes,Ace TV,US,1,,Ace TV (480p),02,
海外·综艺,yes,Adult Swim Latin America,US,1,,Adult Swim Latin America (1080p) [Geo-blocked],02,
海外·综艺,yes,Adult Swim Latin America Brazil,US,1,,Adult Swim Latin America Brazil (720p),02,
海外·综艺,yes,AfroLandTV,US,1,,AfroLandTV (1080p),02,
海外·综艺,yes,Alegre TV RD,DO,1,,Alegre TV RD (720p) [Not 24/7],02,
海外·综艺,yes,Alföld TV,HU,1,,Alföld TV (1080p),02,
海外·综艺,yes,Alle hassen Chris,DE,1,,Alle hassen Chris,02,
海外·综艺,yes,Alt Media TV,PY,1,,Alt Media TV,02,
海外·综艺,yes,America's Next Top Model (DE),DE,1,,America's Next Top Model,02,
海外·综艺,yes,American Crime Channel,PL,1,,American Crime Channel,02,
海外·综艺,yes,Amrita TV,IN,1,,Amrita TV (720p),02,
海外·综艺,yes,América TeVé,PR,1,,América TeVé (1080p);America TeVe,02;11,
海外·综艺,yes,Anjan TV,IN,1,,Anjan TV (720p),02,
海外·综艺,yes,Antares Television,PE,1,,Antares Television,02,
海外·综艺,yes,Antena Stars,RO,1,,Antena Stars (720p),02,
海外·综艺,yes,Apna Punjab TV,CA,1,,Apna Punjab TV (720p),02,
海外·综艺,yes,ArubaTV +,AW,1,,ArubaTV +,02,
海外·综艺,yes,AsianCrush,US,1,,AsianCrush (1080p),02,
海外·综艺,yes,Asianet Middle East,IN,1,,Asianet Middle East (576p),02,
海外·综艺,yes,Awkward (SE),SE,1,,Awkward,02,
海外·综艺,yes,Azteca Internacional,MX,1,,Azteca Internacional (1080p),02,
海外·综艺,yes,BBC America,US,1,,BBC America (720p),02,
海外·综艺,yes,BBC First Romania,UK,1,,BBC First Romania,02,
海外·综艺,yes,BBC First Turkiye,UK,1,,BBC First Turkiye,02,
海外·综艺,yes,BE@TTV,NL,1,,BE@TTV (1080p),02,
海外·综艺,yes,BET Classics,US,1,,BET Classics,02,
海外·综艺,yes,BET Pluto TV (DE),DE,1,,BET Pluto TV,02,
海外·综艺,yes,BET Throwbacks,US,1,,BET Throwbacks,02,
海外·综艺,yes,BIG BROTHER CLASSIC,DE,1,,BIG BROTHER CLASSIC,02,
海外·综艺,yes,BIZ TV (UZ),UZ,1,,BIZ TV (1080p),02,
海外·综艺,yes,Bacán Te Veo,EC,1,,Bacán Te Veo (360p),02,
海外·综艺,yes,Bark TV,US,1,,Bark TV (1080p),02,
海外·综艺,yes,Becker (DE),DE,1,,Becker,02,
海外·综艺,yes,Bellavision,DO,1,,Bellavision (1080p) [Not 24/7],02,
海外·综艺,yes,Best of Dr. Phil,US,1,,Best of Dr. Phil,02,
海外·综艺,yes,Best of Paradise Hotel: Finalveckan,SE,1,,Best of Paradise Hotel: Finalveckan,02,
海外·综艺,yes,Best of Paradise Hotel: Kyssar & kärlek,SE,1,,Best of Paradise Hotel: Kyssar & kärlek,02,
海外·综艺,yes,Best of Paradise Hotel: Pandoras Ask,SE,1,,Best of Paradise Hotel: Pandoras Ask,02,
海外·综艺,yes,Best of Paradise Hotel: Skolveckan,SE,1,,Best of Paradise Hotel: Skolveckan,02,
海外·综艺,yes,Best of The Drew Barrymore Show (US),US,1,,Best of The Drew Barrymore Show,02,
海外·综艺,yes,Beyond the Gates,US,1,,Beyond the Gates,02,
海外·综艺,yes,Bialogardzka Telewizja Kablowa,PL,1,,Bialogardzka Telewizja Kablowa (1080p),02,
海外·综艺,yes,Big Brother,US,1,,Big Brother,02,
海外·综艺,yes,Black Family Sitcoms,US,1,,Black Family Sitcoms,02,
海外·综艺,yes,Bol Entertainment,PK,1,,Bol Entertainment HD,02,
海外·综艺,yes,Boligjakten,SE,1,,Boligjakten,02,
海外·综艺,yes,Bonce TV,CW,1,,Bonce TV (480p) [Not 24/7],02,
海外·综艺,yes,Bonches Latinos TV,DO,1,,Bonches Latinos TV (720p),02,
海外·综艺,yes,Bondi Rescue (US),US,1,,Bondi Rescue (720p),02,
海外·综艺,yes,Bounce XL,US,1,,Bounce XL (1080p),02,
海外·综艺,yes,Breinholts,SE,1,,Breinholts,02,
海外·综艺,yes,Buena TV,PR,1,,Buena TV (1080p),02,
海外·综艺,yes,Buzzr,US,1,,Buzzr (1080p);Buzzr Ⓖ,02;11,
海外·综艺,yes,CATFISH TV,DE,1,,CATFISH TV (720p),02,
海外·综艺,yes,CBS en español,US,1,,CBS en español,02,
海外·综艺,yes,CC Pluto TV,DE,1,,CC Pluto TV,02,
海外·综艺,yes,CG Entertainment,IT,1,,CG Entertainment;CGtv,02;11,CGtv
海外·综艺,yes,COCO TV,DO,1,,COCO TV (1080p) [Not 24/7],02,
海外·综艺,yes,CSI: Miami en español,US,1,,CSI: Miami en español,02,
海外·综艺,yes,CSI: NY en español,US,1,,CSI: NY en español,02,
海外·综艺,yes,Camera Smile,US,1,,Camera Smile (480p),02,
海外·综艺,yes,Canal 14 Codazzi,CO,1,,Canal 14 Codazzi (720p) [Not 24/7],02,
海外·综艺,yes,Canal Chilote,CL,1,,Canal Chilote (720p),02,
海外·综艺,yes,Canal Nets,CO,1,,Canal Nets (720p) [Not 24/7],02,
海外·综艺,yes,Canal Pulpo TV,AR,1,,Canal Pulpo TV,02,
海外·综艺,yes,Canica TV,CO,1,,Canica TV (240p),02,
海外·综艺,yes,Capital 21,MX,1,,Capital 21 (1080p) [Not 24/7],02,
海外·综艺,yes,Car Chase (US),US,1,,Car Chase (720p),02,
海外·综艺,yes,Carac 2,CH,1,,Carac 2 (1080p),02,
海外·综艺,yes,Carac 3,CH,1,,Carac 3 (1080p),02,
海外·综艺,yes,Carac 4,CH,1,,Carac 4 (1080p),02,
海外·综艺,yes,Carac 5,CH,1,,Carac 5,02,
海外·综艺,yes,Caras TV,AR,1,,Caras TV (1080p),02,
海外·综艺,yes,Catfish (US),US,1,,Catfish,02,
海外·综艺,yes,Chandel TV,TG,1,,Chandel TV (720p),02,
海外·综艺,yes,Channel 8 (RU),RU,1,,Channel 8 (576p),02,
海外·综艺,yes,Charterfeber,SE,1,,Charterfeber,02,
海外·综艺,yes,Che!,RU,1,,Che! (576p),02,
海外·综艺,yes,Cheers (SE),SE,1,,Cheers,02,
海外·综艺,yes,Cheers + Frasier,US,1,,Cheers + Frasier,02,
海外·综艺,yes,Cheksiz TV,UZ,1,,Cheksiz TV,02,
海外·综艺,yes,Chile Channel,CL,1,,Chile Channel (720p),02,
海外·综艺,yes,Chroma TV,BR,1,,Chroma TV (480p),02,
海外·综艺,yes,Cibaeña TV,DO,1,,Cibaeña TV (720p),02,
海外·综艺,yes,Cine aventura,US,1,,Cine aventura,02,
海外·综艺,yes,Cine en español,US,1,,Cine en español,02,
海外·综艺,yes,Cinerama Television,BO,1,,Cinerama Television (720p),02,
海外·综艺,yes,Circle,US,1,,Circle (1080p),02,
海外·综艺,yes,Ciudades Del Ocio TV,ES,1,,Ciudades Del Ocio TV (720p),02,
海外·综艺,yes,Claro Visión TV,DO,1,,Claro Visión TV (720p),02,
海外·综艺,yes,Classic TV Comedy,US,1,,Classic TV Comedy,02,
海外·综艺,yes,Colors Kannada,IN,1,,Colors Kannada HD (1080i),02,
海外·综艺,yes,Colors MENA,IN,1,,Colors MENA HD (720p),02,
海外·综艺,yes,Colors Marathi,IN,1,,Colors Marathi HD (720p),02,
海外·综艺,yes,Colors Tamil,IN,1,,Colors Tamil HD (720p),02,
海外·综艺,yes,Comedia a lo bestia de Pluto TV,DE,1,,Comedia a lo bestia de Pluto TV,02,
海外·综艺,yes,Comedy Central (DE),DE,1,,Comedy Central,02,
海外·综艺,yes,Comedy Central Animation,US,1,,Comedy Central Animation,02,
海外·综艺,yes,Comedy Central Latin America,US,1,,Comedy Central Latin America (1080p),02,
海外·综艺,yes,Comedy Central Roast,SE,1,,Comedy Central Roast,02,
海外·综艺,yes,Comedy Central South Park (DE),DE,1,,Comedy Central South Park,02,
海外·综艺,yes,Comedy Central en español,US,1,,Comedy Central en español,02,
海外·综艺,yes,Comedy Play,RO,1,,Comedy Play (576i),02,
海外·综艺,yes,Comet,US,1,,Comet (1080p),02,
海外·综艺,yes,Conecta Mais TV,BR,1,,Conecta Mais TV (720p),02,
海外·综艺,yes,Crime + Investigation,US,1,,Crime + Investigation (720p),02,
海外·综艺,yes,Crime + Investigation CEE,UK,1,,Crime + Investigation CEE,02,
海外·综艺,yes,DCC: Making the Team,US,1,,DCC: Making the Team,02,
海外·综艺,yes,DD Malayalam,IN,1,,DD Malayalam (504p),02,
海外·综艺,yes,Dangal 2,IN,1,,Dangal 2 (720p),02,
海外·综艺,yes,Daria (US),US,1,,Daria,02,
海外·综艺,yes,Darshana TV,IN,1,,Darshana TV (576p),02,
海外·综艺,yes,Dating Disasters,US,1,,Dating Disasters,02,
海外·综艺,yes,Del Rey TV,PY,1,,Del Rey TV (1080p),02,
海外·综艺,yes,Den gule sofa med Allan Sindberg,SE,1,,Den gule sofa med Allan Sindberg,02,
海外·综艺,yes,Desi Channel,IN,1,,Desi Channel (720p),02,
海外·综艺,yes,Det sene show med Christian Fuhlendorff,SE,1,,Det sene show med Christian Fuhlendorff,02,
海外·综艺,yes,Distrito Comedia,MX,1,,Distrito Comedia (1080p),02,
海外·综艺,yes,DreamTV (MN),MN,1,,DreamTV (1080p),02,
海外·综艺,yes,E 24,IN,1,,E 24 (576p),02,
海外·综艺,yes,E!,US,1,,E! (1080p),02,
海外·综艺,yes,E! Keeping Up,US,1,,E! Keeping Up (1080p),02,
海外·综艺,yes,EDN TV,HN,1,,EDN TV (1080p) [Not 24/7],02,
海外·综艺,yes,ENT Channel,UK,1,,ENT Channel (720p),02,
海外·综艺,yes,ENT Family,UK,1,,ENT Family (720p),02,
海外·综艺,yes,ETB2 On,ES,1,,ETB2 On (1080p),02,
海外·综艺,yes,ETV Comedy,IN,1,,ETV Comedy (1080p),02,
海外·综艺,yes,ETV Josh,IN,1,,ETV Josh (1080p),02,
海外·综艺,yes,ETV Plus (IN),IN,1,,ETV Plus (396p),02,
海外·综艺,yes,EVI TV,CD,1,,EVI TV (720p),02,
海外·综艺,yes,Edessa TV,TR,1,,Edessa TV (1080p),02,
海外·综艺,yes,El Canal Feliz,CL,1,,El Canal Feliz (720p),02,
海外·综艺,yes,ElyTV,BR,1,,ElyTV (360p),02,
海外·综艺,yes,Emocion TV,CL,1,,Emocion TV (720p),02,
海外·综艺,yes,En el punto de mira,US,1,,En el punto de mira,02,
海外·综艺,yes,Enterr 10 Bangla,IN,1,,Enterr 10 Bangla (576p),02,
海外·综艺,yes,Enterr 10 Rangeela,IN,1,,Enterr 10 Rangeela (1080p),02,
海外·综艺,yes,Epic Bharat,IN,1,,Epic Bharat (576p),02,
海外·综艺,yes,Epic Bharat Digital,IN,1,,Epic Bharat Digital (1080p),02,
海外·综艺,yes,Epic TV Digital,IN,1,,Epic TV Digital (1080p),02,
海外·综艺,yes,Estacion Limache TV,CL,1,,Estacion Limache TV (720p),02,
海外·综艺,yes,Estrella TV (US),US,1,,Estrella TV (1080p),02,
海外·综艺,yes,Eventyrlig Oppussing,SE,1,,Eventyrlig Oppussing,02,
海外·综艺,yes,Express Entertainment,PK,1,,Express Entertainment (1080p),02,
海外·综艺,yes,FEM3,HU,1,,FEM3,02,
海外·综艺,yes,FORTUNE TV,MM,1,,FORTUNE TV (720p),02,
海外·综艺,yes,FX Latin America,US,1,,FX Latin America (1080p),02,
海外·综艺,yes,FX Latin America South,US,1,,FX Latin America South (720p),02,
海外·综艺,yes,FX TV 1,IR,1,,FX TV 1,02,
海外·综艺,yes,Fakt Marathi,IN,1,,Fakt Marathi (576p),02,
海外·综艺,yes,Familien fra Bryggen,SE,1,,Familien fra Bryggen,02,
海外·综艺,yes,Ficom Channel,ID,1,,Ficom Channel (720p),02,
海外·综艺,yes,For lækker til love,SE,1,,For lækker til love,02,
海外·综艺,yes,Fora Tedio TV,BR,1,,Fora Tedio TV (720p),02,
海外·综艺,yes,Forsidefruer,SE,1,,Forsidefruer,02,
海外·综艺,yes,Fox,RU,1,,Fox (576p),02,
海外·综艺,yes,Frasier (DE),DE,1,,Frasier,02,
海外·综艺,yes,Friday!,RU,1,,Friday! (576p),02,
海外·综艺,yes,Frusna Vägar,SE,1,,Frusna Vägar,02,
海外·综艺,yes,Funny AF (DE),DE,1,,Funny AF,02,
海外·综艺,yes,Funny AF (US),US,1,,Funny AF,02,
海外·综艺,yes,Fuse,US,1,,Fuse (1080p),02,
海外·综艺,yes,GTC Punjabi,IN,1,,GTC Punjabi (1080p),02,
海外·综艺,yes,Gagsnetwork,US,1,,Gagsnetwork (576p),02,
海外·综艺,yes,Galaxia TV,DO,1,,Galaxia TV (360p),02,
海外·综艺,yes,Game Show Central,US,1,,Game Show Central (720p),02,
海外·综艺,yes,Game Show Network East,US,1,,Game Show Network East (720p) [Not 24/7],02,
海外·综艺,yes,Gametoon,NL,1,,Gametoon,02,
海外·综艺,yes,Gangaur TV,IN,1,,Gangaur TV (1080p),02,
海外·综艺,yes,Gaviota TV,EC,1,,Gaviota TV [Not 24/7],02,
海外·综艺,yes,Germany Shore,DE,1,,Germany Shore,02,
海外·综艺,yes,Gex TV,CR,1,,Gex TV (1080p),02,
海外·综艺,yes,Gi Television,DO,1,,Gi Television (720p) [Not 24/7],02,
海外·综艺,yes,GikTVMX,MX,1,,GikTVMX (720p),02,
海外·综艺,yes,Girasol TV,HN,1,,Girasol TV (1080i),02,
海外·综艺,yes,GlobalWorldTV,US,1,,GlobalWorldTV (720p),02,
海外·综艺,yes,Good Idea TV,TH,1,,Good Idea TV (720p) [Not 24/7],02,
海外·综艺,yes,Great Entertainment Television,US,1,,Great Entertainment Television (720p),02,
海外·综艺,yes,Grit Xtra,US,1,,Grit Xtra (1080p),02,
海外·综艺,yes,Guaro TV,VE,1,,Guaro TV (720p),02,
海外·综艺,yes,HAHA TV,SK,1,,HAHA TV,02,
海外·综艺,yes,HOLA! Play,ES,1,,HOLA! Play (1080p),02,
海外·综艺,yes,HTV Live,DO,1,,HTV Live (1080p) [Not 24/7],02,
海外·综艺,yes,HTV2,VN,1,,HTV2 (720p),02,
海外·综艺,yes,Hi Dost!,IN,1,,Hi Dost! (720p),02,
海外·综艺,yes,Hi-YAH!,US,1,,Hi-YAH! (1080p),02,
海外·综艺,yes,Hiru TV,LK,1,,Hiru TV (360p) [Not 24/7],02,
海外·综艺,yes,Hola! TV Latin America,US,1,,Hola! TV Latin America (1080p),02,
海外·综艺,yes,Hot Bench,US,1,,Hot Bench (720p),02,
海外·综艺,yes,Högspänning,SE,1,,Högspänning,02,
海外·综艺,yes,ICTV,UA,1,,ICTV (1080p),02,
海外·综艺,yes,IERTBCS Canal 8.2 La Paz,MX,1,,IERTBCS Canal 8.2 La Paz (1080p) [Not 24/7],02,
海外·综艺,yes,ION Plus,US,1,,ION Plus (1080p),02,
海外·综艺,yes,ION TV,US,1,,ION TV (720p),02,
海外·综艺,yes,Il Banco dei Pugni,US,1,,Il Banco dei Pugni,02,
海外·综艺,yes,Il Testimone,DE,1,,Il Testimone,02,
海外·综艺,yes,Impact Network,US,1,,Impact Network (720p),02,
海外·综艺,yes,Impacto Televisión,PE,1,,Impacto Televisión (360p) [Not 24/7],02,
海外·综艺,yes,India,RU,1,,India (576p),02,
海外·综艺,yes,Indonesiana.TV,ID,1,,Indonesiana.TV (720p),02,
海外·综艺,yes,Italia 2,IT,1,,Italia 2 (480p) [Geo-blocked];Italia 2 Tv,02;11,Italia 2 Tv
海外·综艺,yes,JARABACOA TV,DO,1,,JARABACOA TV (1080p) [Not 24/7],02,
海外·综艺,yes,Jaihind TV,IN,1,,Jaihind TV (576p),02,
海外·综艺,yes,Jocky TV,HU,1,,Jocky TV,02,
海外·综艺,yes,Jordan Comedy,JO,1,,Jordan Comedy (1080p),02,
海外·综艺,yes,Judge Judy (DE),DE,1,,Judge Judy,02,
海外·综艺,yes,Just for Laughs Gags,US,1,,Just for Laughs Gags (1080p),02,
海外·综艺,yes,K Content by CJ ENM,US,1,,K Content by CJ ENM (1080p),02,
海外·综艺,yes,K2,UA,1,,K2 (1080p),02,
海外·综艺,yes,KBS Joy,KR,1,,KBS Joy [Not 24/7],02,
海外·综艺,yes,KC2,RW,1,,KC2 (720p) [Not 24/7],02,
海外·综艺,yes,KCKS-LD 25.3,US,1,,KCKS-LD 25.3 (720p),02,
海外·综艺,yes,KMCT-TV 39.1,US,1,,KMCT-TV 39.1,02,
海外·综艺,yes,KNino,US,1,,KNino (1080p),02,
海外·综艺,yes,KOKI-DT1,US,1,,KOKI-DT1 (1080p),02,
海外·综艺,yes,KVN TV,RU,1,,KVN TV (576p),02,
海外·综艺,yes,Kalaignar Murasu,IN,1,,Kalaignar Murasu (396p),02,
海外·综艺,yes,Kanal 7 Avrupa,TR,1,,Kanal 7 Avrupa (720p) [Not 24/7],02,
海外·综艺,yes,Kanal D Drama,TR,1,,Kanal D Drama (1080p),02,
海外·综艺,yes,Khushboo Bangla,IN,1,,Khushboo Bangla (720p),02,
海外·综艺,yes,Kinokomedija,RU,1,,Kinokomedija (576p),02,
海外·综艺,yes,Klovn,SE,1,,Klovn,02,
海外·综艺,yes,Kluch,RU,1,,Kluch (576p),02,
海外·综艺,yes,Komedia,RU,1,,Komedia (576p),02,
海外·综艺,yes,Komediynoe,RU,1,,Komediynoe HD (1080p),02,
海外·综艺,yes,Kurdsat,IQ,1,,Kurdsat (1080p),02,
海外·综艺,yes,LAMIL35 TV,AR,1,,LAMIL35 TV,02,
海外·综艺,yes,LTV7,LV,1,,LTV7 (1080p),02,
海外·综艺,yes,La Nuestra,CL,1,,La Nuestra (1080p),02,
海外·综艺,yes,La Potente Radio TV,CR,1,,La Potente Radio TV,02,
海外·综艺,yes,La Tele (PE),PE,1,,La Tele (1080p),02,
海外·综艺,yes,La Tele Tuya,VE,1,,La Tele Tuya (576p),02,
海外·综艺,yes,Laff WJLP,US,1,,Laff WJLP (576p),02,
海外·综艺,yes,Langt fra Bryggen,SE,1,,Langt fra Bryggen,02,
海外·综艺,yes,Latacunga TV,EC,1,,Latacunga TV (360p),02,
海外·综艺,yes,Lietuvos Rytas TV,LT,1,,Lietuvos Rytas TV (1080p);Lietuvos Rytas TV,02;11,
海外·综艺,yes,Life TV (HU),HU,1,,Life TV,02,
海外·综艺,yes,Lifetime,US,1,,Lifetime (720p),02,
海外·综艺,yes,Lifetime Latin America,US,1,,Lifetime Latin America (1080p),02,
海外·综艺,yes,Lifetime Latin America Brazil,US,1,,Lifetime Latin America Brazil (720p),02,
海外·综艺,yes,Live Music,US,1,,Live Music,02,
海外·综艺,yes,Loading,BR,1,,Loading (720p),02,
海外·综艺,yes,Logo Pluto TV,US,1,,Logo Pluto TV,02,
海外·综艺,yes,Luksusfellen,SE,1,,Luksusfellen,02,
海外·综艺,yes,Luksusfælden,SE,1,,Luksusfælden,02,
海外·综艺,yes,Lyxfällan,SE,1,,Lyxfällan,02,
海外·综艺,yes,Lyxfällan Danmark,SE,1,,Lyxfällan Danmark,02,
海外·综艺,yes,Lyxfällan Norge,SE,1,,Lyxfällan Norge,02,
海外·综艺,yes,M2 (HU),HU,1,,M2 (1080p);M2 / Petőfi TV Ⓖ,02;11,M2 / Petőfi TV
海外·综艺,yes,MBC 4,AE,1,,MBC 4 (1080p);MBC 4,02;11,
海外·综艺,yes,MBC America,US,1,,MBC America (1080p),02,
海外·综艺,yes,MBC Drama,AE,1,,MBC Drama (1080p);MBC Drama,02;11,
海外·综艺,yes,MBC Persia,AE,1,,MBC Persia (1080p);MBC Persia,02;11,
海外·综艺,yes,MC TV,DE,1,,MC TV (720p),02,
海外·综艺,yes,MH One Dil Se,IN,1,,MH One Dil Se (576p),02,
海外·综艺,yes,MHZ,CA,1,,MHZ,02,
海外·综艺,yes,MK Six,IN,1,,MK Six (576p),02,
海外·综艺,yes,MNTV (IN),IN,1,,MNTV (1080p),02,
海外·综艺,yes,MRTV Entertainment,MM,1,,MRTV Entertainment,02,
海外·综艺,yes,MTV (DE),DE,1,,MTV,02,
海外·综艺,yes,MTV (FR),FR,1,,MTV,02,
海外·综艺,yes,MTV (US),US,1,,MTV (1080p),02,
海外·综艺,yes,MTV Ava,FI,1,,MTV Ava (720p),02,
海外·综艺,yes,MTV CLASSICS,DE,1,,MTV CLASSICS,02,
海外·综艺,yes,MTV Con Mi Ex,US,1,,MTV Con Mi Ex,02,
海外·综艺,yes,MTV Embarazada a los 16,DE,1,,MTV Embarazada a los 16,02,
海外·综艺,yes,MTV Jersey Shore,US,1,,MTV Jersey Shore,02,
海外·综艺,yes,MTV Jerseys,DE,1,,MTV Jerseys,02,
海外·综艺,yes,MTV Jovens e Mães,US,1,,MTV Jovens e Mães (720p),02,
海外·综艺,yes,MTV Originals,DE,1,,MTV Originals,02,
海外·综艺,yes,MTV Pluto TV (DE),DE,1,,MTV Pluto TV,02,
海外·综艺,yes,MTV Pluto TV LatAm,US,1,,MTV Pluto TV LatAm (720p),02,
海外·综艺,yes,MTV Ridiculousness (DE),DE,1,,MTV Ridiculousness,02,
海外·综艺,yes,MTV Rupaul's Drag Race,US,1,,MTV Rupaul's Drag Race,02,
海外·综艺,yes,MTV Rupaul's Drag Race Untucked,US,1,,MTV Rupaul's Drag Race Untucked,02,
海外·综艺,yes,MTV Shore,US,1,,MTV Shore,02,
海外·综艺,yes,MTV Vergüenza ajena,DE,1,,MTV Vergüenza ajena (720p),02,
海外·综艺,yes,MTV en español,US,1,,MTV en español,02,
海外·综艺,yes,MTV2,US,1,,MTV2 (720p),02,
海外·综艺,yes,MWD Variety,MM,1,,MWD Variety (720p) [Not 24/7],02,
海外·综艺,yes,MY5,UZ,1,,MY5 (576p),02,
海外·综艺,yes,Magic PowerRadio,NL,1,,Magic PowerRadio (288p) [Not 24/7],02,
海外·综艺,yes,Magnavision TV,UK,1,,Magnavision TV (720p),02,
海外·综艺,yes,Maha Punjabi,IN,1,,Maha Punjabi,02,
海外·综艺,yes,Mahaa Max,IN,1,,Mahaa Max (576p),02,
海外·综艺,yes,Makon TV,UZ,1,,Makon TV (576i),02,
海外·综艺,yes,MakroDigital Television,EC,1,,MakroDigital Television (1080p),02,
海外·综艺,yes,Manas TV,KG,1,,Manas TV (1080p),02,
海外·综艺,yes,Mango,IN,1,,Mango (576p),02,
海外·综艺,yes,Manoranjan Prime,IN,1,,Manoranjan Prime (576p),02,
海外·综艺,yes,Mason TV,UA,1,,Mason TV (1080p),02,
海外·综艺,yes,Maxivisión TV,GT,1,,Maxivisión TV (720p),02,
海外·综艺,yes,Mel Radio TV,EC,1,,Mel Radio TV (360p),02,
海外·综艺,yes,Metro TV (HN),HN,1,,Metro TV (720p),02,
海外·综艺,yes,MiTV,PY,1,,MiTV (720p),02,
海外·综艺,yes,Midnight Pulp,US,1,,Midnight Pulp (1080p),02,
海外·综艺,yes,Mit plastikmareridt,SE,1,,Mit plastikmareridt,02,
海外·综艺,yes,More Pluto TV Comedy,US,1,,More Pluto TV Comedy,02,
海外·综艺,yes,More TV Drama,US,1,,More TV Drama,02,
海外·综艺,yes,More TV Sitcoms,US,1,,More TV Sitcoms,02,
海外·综艺,yes,Moziklub,HU,1,,Moziklub,02,
海外·综艺,yes,Mr Bean Live Action,UK,1,,Mr Bean Live Action (1080p),02,
海外·综艺,yes,Mystery TV,US,1,,Mystery TV (1080p),02,
海外·综艺,yes,Más Talk,VE,1,,Más Talk (1080p),02,
海外·综艺,yes,Más adrenalina,US,1,,Más adrenalina,02,
海外·综艺,yes,NBC Comedy Vault,US,1,,NBC Comedy Vault (1080p),02,
海外·综艺,yes,NBC LX Home,US,1,,NBC LX Home (1080p),02,
海外·综艺,yes,NBC Universo West,US,1,,NBC Universo West (720p),02,
海外·综艺,yes,NBCLX,US,1,,NBCLX (1080p),02,
海外·综艺,yes,NHTV,KR,1,,NHTV (720p),02,
海外·综艺,yes,NOW TV,TR,1,,NOW TV (720p),02,
海外·综艺,yes,NTV (BR),BR,1,,NTV (720p),02,
海外·综艺,yes,NW Magazine,TG,1,,NW Magazine (576p),02,
海外·综艺,yes,Nada Es Imposible TV,CL,1,,Nada Es Imposible TV,02,
海外·综艺,yes,Nasim,IR,1,,Nasim;IRIB Nasim,02;11,IRIB Nasim
海外·综艺,yes,Nepal 1,IN,1,,Nepal 1 (576p),02,
海外·综艺,yes,Netmax TV,GR,1,,Netmax TV (720p),02,
海外·综艺,yes,Ning TV,LA,1,,Ning TV (720p),02,
海外·综艺,yes,Nitida TV,DO,1,,Nitida TV (720p) [Not 24/7],02,
海外·综艺,yes,Nitro,DE,1,,Nitro,02,
海外·综艺,yes,Novyi Channel,UA,1,,Novyi Channel (1080p),02,
海外·综艺,yes,NuView TV,ZA,1,,NuView TV (360p),02,
海外·综艺,yes,ON Vie Drama,VN,1,,ON Vie Drama (720p),02,
海外·综艺,yes,OTSE,UA,1,,OTSE (1080p),02,
海外·综艺,yes,OXIR TV,IR,1,,OXIR TV,02,
海外·综艺,yes,Olelo Community Media Channel 55,US,1,,Olelo Community Media Channel 55 (720p),02,
海外·综艺,yes,Oli TV (IN),IN,1,,Oli TV (1080p),02,
海外·综艺,yes,Omide Iran,US,1,,Omide Iran,02,
海外·综艺,yes,One Paschima,IN,1,,One Paschima (400p),02,
海外·综艺,yes,Oruzhie,RU,1,,Oruzhie (576p),02,
海外·综艺,yes,Oxygen,US,1,,Oxygen (720p),02,
海外·综艺,yes,PLEX TV,CM,1,,PLEX TV,02,
海外·综艺,yes,PTC Punjabi,IN,1,,PTC Punjabi HD (1080p),02,
海外·综艺,yes,PTC Punjabi Gold,IN,1,,PTC Punjabi Gold (1080p),02,
海外·综艺,yes,Paradise Hotel: Under lagnerne,SE,1,,Paradise Hotel: Under lagnerne,02,
海外·综艺,yes,Paranormal State,US,1,,Paranormal State,02,
海外·综艺,yes,Pasiones Latin America,US,1,,Pasiones Latin America (1080p),02,
海外·综艺,yes,Peretz International,RU,1,,Peretz International (576p),02,
海外·综艺,yes,Persiana Comedy,FR,1,,Persiana Comedy,02,
海外·综艺,yes,Persiana Reality,FR,1,,Persiana Reality,02,
海外·综艺,yes,Persiana Turkiye,FR,1,,Persiana Turkiye,02,
海外·综艺,yes,Petlovers TV,BR,1,,Petlovers TV,02,
海外·综艺,yes,Pluto TV ANIME GO!,DE,1,,Pluto TV ANIME GO!,02,
海外·综艺,yes,Pluto TV Adult Animation,DE,1,,Pluto TV Adult Animation,02,
海外·综艺,yes,Pluto TV Amor y Mentiras,US,1,,Pluto TV Amor y Mentiras,02,
海外·综艺,yes,Pluto TV Animation,DE,1,,Pluto TV Animation,02,
海外·综艺,yes,Pluto TV British Comedy,US,1,,Pluto TV British Comedy,02,
海外·综艺,yes,Pluto TV Buskis,SE,1,,Pluto TV Buskis,02,
海外·综艺,yes,Pluto TV Canal UOL,US,1,,Pluto TV Canal UOL (720p),02,
海外·综艺,yes,Pluto TV Comedia made in Spain,DE,1,,Pluto TV Comedia made in Spain,02,
海外·综艺,yes,Pluto TV Comédie,DE,1,,Pluto TV Comédie,02,
海外·综艺,yes,Pluto TV Deutsche Comedy,DE,1,,Pluto TV Deutsche Comedy,02,
海外·综艺,yes,Pluto TV French Collection,DE,1,,Pluto TV French Collection,02,
海外·综艺,yes,Pluto TV Game Shows,US,1,,Pluto TV Game Shows,02,
海外·综艺,yes,Pluto TV Gasolina,DE,1,,Pluto TV Gasolina,02,
海外·综艺,yes,Pluto TV Gore & Slasher,DE,1,,Pluto TV Gore & Slasher,02,
海外·综艺,yes,Pluto TV Impacto,DE,1,,Pluto TV Impacto,02,
海外·综艺,yes,Pluto TV Inside,DE,1,,Pluto TV Inside,02,
海外·综艺,yes,Pluto TV Pride,US,1,,Pluto TV Pride,02,
海外·综艺,yes,Pluto TV Retrô,US,1,,Pluto TV Retrô,02,
海外·综艺,yes,Pluto TV Scherzi e risate,DE,1,,Pluto TV Scherzi e risate,02,
海外·综艺,yes,Pluto TV Shore,DE,1,,Pluto TV Shore,02,
海外·综艺,yes,Pluto TV Téléréalité France,DE,1,,Pluto TV Téléréalité France,02,
海外·综艺,yes,PodRadio på Pluto TV,SE,1,,PodRadio på Pluto TV,02,
海外·综艺,yes,Polimer TV,IN,1,,Polimer TV (720p),02,
海外·综艺,yes,Popu TV,PY,1,,Popu TV (1080p),02,
海外·综艺,yes,Power Max Radio TV,AR,1,,Power Max Radio TV (720p),02,
海外·综艺,yes,Pronems TV,DO,1,,Pronems TV (1080p) [Not 24/7],02,
海外·综艺,yes,Public 4K TV,NP,1,,Public 4K TV,02,
海外·综艺,yes,Pula TV,DO,1,,Pula TV (1080p) [Not 24/7],02,
海外·综艺,yes,Pulari TV,IN,1,,Pulari TV,02,
海外·综艺,yes,Q TV,IN,1,,Q TV (576p),02,
海外·综艺,yes,Quiz TV,UA,1,,Quiz TV (1080p),02,
海外·综艺,yes,R&E TV (DO),DO,1,,R&E TV (480p) [Not 24/7],02,
海外·综艺,yes,RAZ 1,UA,1,,RAZ 1 (1080p),02,
海外·综艺,yes,RAZ 2,UA,1,,RAZ 2 (1080p),02,
海外·综艺,yes,RCN Más,CO,1,,RCN Más (1080p),02,
海外·综艺,yes,RCN Novelas,CO,1,,RCN Novelas (1080p),02,
海外·综艺,yes,ROTV Valencia,ES,1,,ROTV Valencia (720p),02,
海外·综艺,yes,RSV Honduras,HN,1,,RSV Honduras (720p),02,
海外·综艺,yes,RTL Otthon,HU,1,,RTL Otthon,02,
海外·综艺,yes,Radio Carnaval TV,ES,1,,Radio Carnaval TV (720p) [Not 24/7],02,
海外·综艺,yes,Radio Czwórka,PL,1,,Radio Czwórka (1080p),02,
海外·综艺,yes,Radio Universitaria San Andres,BO,1,,Radio Universitaria San Andres (720p),02,
海外·综艺,yes,Radio Yguazú TV,AR,1,,Radio Yguazú TV (480p),02,
海外·综艺,yes,RadioToppers,NL,1,,RadioToppers (720p),02,
海外·综艺,yes,Raj TV,IN,1,,Raj TV (1080p),02,
海外·综艺,yes,Remonty TV,PL,1,,Remonty TV (1080p),02,
海外·综艺,yes,Revry LatinX,US,1,,Revry LatinX (720p),02,
海外·综艺,yes,Ridiculousness (DE),DE,1,,Ridiculousness (720p),02,
海外·综艺,yes,Ridiculousness (US),US,1,,Ridiculousness,02,
海外·综艺,yes,Ridiculousness Nya avsnitt,SE,1,,Ridiculousness Nya avsnitt,02,
海外·综艺,yes,Ridiculousness Nye afsnit,SE,1,,Ridiculousness Nye afsnit,02,
海外·综艺,yes,Ridiculousness Nye episoder,SE,1,,Ridiculousness Nye episoder,02,
海外·综艺,yes,RiffTrax,US,1,,RiffTrax (720p),02,
海外·综艺,yes,Ritmu TV,KW,1,,Ritmu TV,02,
海外·综艺,yes,Robinson Ekspeditionen,SE,1,,Robinson Ekspeditionen,02,
海外·综艺,yes,Rotana Comedy,SA,1,,Rotana Comedy (1080p) [Geo-blocked],02,
海外·综艺,yes,Rupashi Bangla TV,BD,1,,Rupashi Bangla TV (720p),02,
海外·综艺,yes,Rupasi Bangla,IN,1,,Rupasi Bangla (720p),02,
海外·综艺,yes,SNL Vault,US,1,,SNL Vault (1080p),02,
海外·综艺,yes,STAR International,GR,1,,STAR International (720p);Star International,02;11,
海外·综艺,yes,Sabrina The Teenage Witch (DE),DE,1,,Sabrina The Teenage Witch,02,
海外·综艺,yes,Sabrina Total verhext!,DE,1,,Sabrina Total verhext!,02,
海外·综艺,yes,Sada TV,IN,1,,Sada TV (1080p) [Not 24/7],02,
海外·综艺,yes,Salto 1,NL,1,,Salto 1 (720p),02,
海外·综艺,yes,Sana TV,IN,1,,Sana TV (1080p),02,
海外·综艺,yes,SciFi (FR),FR,1,,SciFi (720p),02,
海外·综艺,yes,Shabakeh 7,US,1,,Shabakeh 7,02,
海外·综艺,yes,Shemaroo TV,IN,1,,Shemaroo TV (720p),02,
海外·综艺,yes,Shemaroo Umang,IN,1,,Shemaroo Umang (720p),02,
海外·综艺,yes,Siri Kannada,IN,1,,Siri Kannada (576p),02,
海外·综艺,yes,Siri Kannada All Time,IN,1,,Siri Kannada All Time (576p),02,
海外·综艺,yes,Sirippoli TV,IN,1,,Sirippoli TV (576p),02,
海外·综艺,yes,Sitcom Legends,US,1,,Sitcom Legends,02,
海外·综艺,yes,Sketchy AF,US,1,,Sketchy AF,02,
海外·综艺,yes,Skönhetsfällan Danmark,SE,1,,Skönhetsfällan Danmark,02,
海外·综艺,yes,SolTV (GQ),GQ,1,,SolTV (720p),02,
海外·综艺,yes,Sonce,UA,1,,Sonce,02,
海外·综艺,yes,Sonce+,UA,1,,Sonce+,02,
海外·综艺,yes,Sony Entertainment Television,IN,1,,Sony Entertainment Television HD (1080p),02,
海外·综艺,yes,Sooriyan TV,CA,1,,Sooriyan TV (1080p),02,
海外·综艺,yes,Sorozatklub,HU,1,,Sorozatklub,02,
海外·综艺,yes,South Park (US),US,1,,South Park,02,
海外·综艺,yes,South Park En Français,US,1,,South Park En Français,02,
海外·综艺,yes,South Park Versión Original,DE,1,,South Park Versión Original,02,
海外·综艺,yes,South Park: Butters Collection (DE),DE,1,,South Park: Butters Collection,02,
海外·综艺,yes,South Park: Cartman Collection (DE),DE,1,,South Park: Cartman Collection,02,
海外·综艺,yes,South Park: Cartman Collection (US),US,1,,South Park: Cartman Collection,02,
海外·综艺,yes,South Park: Colección Cartman,US,1,,South Park: Colección Cartman,02,
海外·综艺,yes,South Park: Colección Kenny,US,1,,South Park: Colección Kenny,02,
海外·综艺,yes,South Park: Colección Kyle,US,1,,South Park: Colección Kyle,02,
海外·综艺,yes,South Park: Colección Stan,US,1,,South Park: Colección Stan,02,
海外·综艺,yes,South Park: Coleção Cartman,US,1,,South Park: Coleção Cartman,02,
海外·综艺,yes,South Park: Coleção Kenny,US,1,,South Park: Coleção Kenny,02,
海外·综艺,yes,South Park: Coleção Kyle,US,1,,South Park: Coleção Kyle,02,
海外·综艺,yes,South Park: Coleção Stan,US,1,,South Park: Coleção Stan,02,
海外·综艺,yes,South Park: Kenny Collection (DE),DE,1,,South Park: Kenny Collection,02,
海外·综艺,yes,South Park: Kenny Collection (US),US,1,,South Park: Kenny Collection,02,
海外·综艺,yes,South Park: Kyle Collection (DE),DE,1,,South Park: Kyle Collection,02,
海外·综艺,yes,South Park: Kyle Collection (US),US,1,,South Park: Kyle Collection,02,
海外·综艺,yes,South Park: Original Version,DE,1,,South Park: Original Version,02,
海外·综艺,yes,South Park: Stan Collection (DE),DE,1,,South Park: Stan Collection,02,
海外·综艺,yes,South Park: Stan Collection (SE),SE,1,,South Park: Stan Collection,02,
海外·综艺,yes,South Park: Stan Collection (US),US,1,,South Park: Stan Collection,02,
海外·综艺,yes,South Park: Welcome to Canada!,US,1,,South Park: Welcome to Canada!,02,
海外·综艺,yes,Soweto TV,ZA,1,,Soweto TV (576p),02,
海外·综艺,yes,Spektrum Home (CZ),CZ,1,,Spektrum Home,02,
海外·综艺,yes,Spondon,IN,1,,Spondon (1080p),02,
海外·综艺,yes,Star Jalsha,IN,1,,Star Jalsha HD (720p),02,
海外·综艺,yes,Star Maa,IN,1,,Star Maa HD (720p),02,
海外·综艺,yes,Star Pravah,IN,1,,Star Pravah HD (720p),02,
海外·综艺,yes,Star Vijay,IN,1,,Star Vijay (396p),02,
海外·综艺,yes,StarPlus,IN,1,,StarPlus HD (1080i),02,
海外·综艺,yes,Starz Comedy,US,1,,Starz Comedy (1080p),02,
海外·综艺,yes,StreamForce 360,CO,1,,StreamForce 360 (1080p),02,
海外·综艺,yes,Studio Yuva,IN,1,,Studio Yuva (576p),02,
海外·综艺,yes,Subin TV,IN,1,,Subin TV (1080p),02,
海外·综艺,yes,Super Cable,CR,1,,Super Cable,02,
海外·综艺,yes,Suriya TV,IN,1,,Suriya TV (1080p),02,
海外·综艺,yes,Svenska Hollywoodfruar,SE,1,,Svenska Hollywoodfruar,02,
海外·综艺,yes,Svenska Truckers,SE,1,,Svenska Truckers,02,
海外·综艺,yes,Svenske Truckers,SE,1,,Svenske Truckers,02,
海外·综艺,yes,TBC2,TZ,1,,TBC2 (1080p),02,
海外·综艺,yes,TMZ,US,1,,TMZ (720p),02,
海外·综艺,yes,TNT,RU,1,,TNT SD (576p),02,
海外·综艺,yes,TNT4,RU,1,,TNT4 (576p),02,
海外·综艺,yes,TNT4 International,RU,1,,TNT4 International (576p),02,
海外·综艺,yes,TR24,CM,1,,TR24 (720p),02,
海外·综艺,yes,TV Centro 27.2,HN,1,,TV Centro 27.2 HD (720p),02,
海外·综艺,yes,TV Curuça,BR,1,,TV Curuça (360p),02,
海外·综艺,yes,TV Golfo Uraba,CO,1,,TV Golfo Uraba,02,
海外·综艺,yes,TV Grande Natal,BR,1,,TV Grande Natal (1080p),02,
海外·综艺,yes,TV ITN,IR,1,,TV ITN,02,
海外·综艺,yes,TV Kaliente,PE,1,,TV Kaliente (720p),02,
海外·综艺,yes,TV Land Sitcoms,US,1,,TV Land Sitcoms,02,
海外·综艺,yes,TV Nova,HR,1,,TV Nova (720p);TV Nova,02;11,
海外·综艺,yes,TV Viçosa,BR,1,,TV Viçosa (480p),02,
海外·综艺,yes,TV+Pet,BR,1,,TV+Pet,02,
海外·综艺,yes,TV2 Comedy,HU,1,,TV2 Comedy,02,
海外·综艺,yes,TV3 Life,LV,1,,TV3 Life (1080p),02,
海外·综艺,yes,TVCARiB Latino,SX,1,,TVCARiB Latino (720p) [Not 24/7],02,
海外·综艺,yes,TVS (DO),DO,1,,TVS (540p) [Not 24/7],02,
海外·综艺,yes,TVS Comedy Network,US,1,,TVS Comedy Network (720p),02,
海外·综艺,yes,TVS Flashback Network,US,1,,TVS Flashback Network (360p),02,
海外·综艺,yes,TVS Vintage Network,US,1,,TVS Vintage Network (360p),02,
海外·综艺,yes,Takeshi's Castle,DE,1,,Takeshi's Castle,02,
海外·综艺,yes,Tal TV,NE,1,,Tal TV (1080p),02,
海外·综艺,yes,Talkin Live Classics TV,US,1,,Talkin Live Classics TV (480p),02,
海外·综艺,yes,Tarang TV,IN,1,,Tarang TV (720p),02,
海外·综艺,yes,Tele Boston,US,1,,Tele Boston (480p),02,
海外·综艺,yes,TeleMIX,US,1,,TeleMIX (720p),02,
海外·综艺,yes,TeleMas,CR,1,,TeleMas (720p) [Not 24/7],02,
海外·综艺,yes,Telemax (DO),DO,1,,Telemax (1080p) [Not 24/7],02,
海外·综艺,yes,Telemundo Corpus Christi,US,1,,Telemundo Corpus Christi (720p),02,
海外·综艺,yes,Teleplay Sureste,MX,1,,Teleplay Sureste (720p),02,
海外·综艺,yes,Telerayo,HN,1,,Telerayo (1080p),02,
海外·综艺,yes,Telugu One,IN,1,,Telugu One (1080p),02,
海外·综艺,yes,TeveColombia,CO,1,,TeveColombia (720p) [Not 24/7],02,
海外·综艺,yes,Thanthi One,IN,1,,Thanthi One (576p),02,
海外·综艺,yes,The Beverly Hillbillies,US,1,,The Beverly Hillbillies,02,
海外·综艺,yes,The Graham Norton Show,UK,1,,The Graham Norton Show (1080p),02,
海外·综艺,yes,The Price is Right: The Barker Era,US,1,,The Price is Right: The Barker Era (720p),02,
海外·综艺,yes,The Yellow Couch with Jeremy Lynch,DE,1,,The Yellow Couch with Jeremy Lynch,02,
海外·综艺,yes,This is Bulgaria,BG,1,,This is Bulgaria HD (1080p),02,
海外·综艺,yes,Til julefrokost hos r8Dio,SE,1,,Til julefrokost hos r8Dio,02,
海外·综艺,yes,Tin TV,US,1,,Tin TV (720p),02,
海外·综艺,yes,Top Gear,UK,1,,Top Gear (720p),02,
海外·综艺,yes,Tough Jobs,US,1,,Tough Jobs,02,
海外·综艺,yes,Tshwane TV,ZA,1,,Tshwane TV (576p),02,
海外·综艺,yes,Turbo (DE),DE,1,,Turbo (720p),02,
海外·综艺,yes,Turismo,DO,1,,Turismo HD (720p),02,
海外·综艺,yes,U,RU,1,,U (720p),02,
海外·综艺,yes,UMA TV,BR,1,,UMA TV,02,
海外·综艺,yes,Undercover Boss,US,1,,Undercover Boss (720p),02,
海外·综艺,yes,Univers TV,ES,1,,Univers TV (720p),02,
海外·综艺,yes,VH1 Queens of Reality,US,1,,VH1 Queens of Reality,02,
海外·综艺,yes,Vanitha TV,IN,1,,Vanitha TV (576p),02,
海外·综艺,yes,Vasanth TV,IN,1,,Vasanth TV (576p),02,
海外·综艺,yes,Vati Lao TV,LA,1,,Vati Lao TV (720p),02,
海外·综艺,yes,Vaya semanita,US,1,,Vaya semanita,02,
海外·综艺,yes,Vendhar TV,IN,1,,Vendhar TV (576p),02,
海外·综艺,yes,Vision NDV,DO,1,,Vision NDV (720p) [Not 24/7],02,
海外·综艺,yes,Vissa TV,IN,1,,Vissa TV (576p),02,
海外·综艺,yes,Voprosy i Otvety,RU,1,,Voprosy i Otvety (576p),02,
海外·综艺,yes,WDR 1 Live,DE,1,,WDR 1 Live (720p);WDR Ⓖ,02;11,WDR
海外·综艺,yes,WGGS-DT2,US,1,,WGGS-DT2 (720p),02,
海外·综艺,yes,WMBC-DT1,US,1,,WMBC-DT1 (720p),02,
海外·综艺,yes,WTV Canal 20,NI,1,,WTV Canal 20 (1080p),02,
海外·综艺,yes,WWON TV CH 48,US,1,,WWON TV CH 48,02,
海外·综艺,yes,Wipeout Xtra,US,1,,Wipeout Xtra (1080p),02,
海外·综艺,yes,World Entertainment TV 42,TH,1,,World Entertainment TV 42,02,
海外·综艺,yes,XPTV2,ES,1,,XPTV2 (720p),02,
海外·综艺,yes,Xplore (US),US,1,,Xplore (1080p),02,
海外·综艺,yes,Y'a que la vérité qui compte,US,1,,Y'a que la vérité qui compte,02,
海外·综艺,yes,YET TV,IN,1,,YET TV (720p),02,
海外·综艺,yes,Young Hollywood,US,1,,Young Hollywood (720p),02,
海外·综艺,yes,Yunavision,DO,1,,Yunavision (720p) [Not 24/7],02,
海外·综艺,yes,Zee Bangla Sonar,IN,1,,Zee Bangla Sonar (576p),02,
海外·综艺,yes,Zee Kannada,IN,1,,Zee Kannada HD (1080p),02,
海外·综艺,yes,Zee One,UK,1,,Zee One (1080p),02,
海外·综艺,yes,Zee One Français,UK,1,,Zee One Français (720p),02,
海外·综艺,yes,Zee One German,UK,1,,Zee One German (720p),02,
海外·综艺,yes,Zee TV,IN,1,,Zee TV HD (720p) [Geo-blocked],02,
海外·综艺,yes,Zee Tamil,IN,1,,Zee Tamil HD (720p),02,
海外·综艺,yes,Zo'r TV,UZ,1,,Zo'r TV (576p),02,
海外·综艺,yes,Zodiak TV,IN,1,,Zodiak TV (1080p),02,
海外·综艺,yes,Zoom (UA),UA,1,,Zoom (1080p),02,
海外·综艺,yes,arte,DE,1,,arte HD,02,
海外·综艺,yes,eldo.TV,LU,1,,eldo.TV (1080p),02,
海外·综艺,yes,interTV (VE),VE,1,,interTV (1080p);inter TV,02;11,
海外·综艺,yes,kabel eins,DE,1,,kabel eins,02,
海外·综艺,yes,myTV San Antonio TX (KCWX-TV),US,1,,myTV San Antonio TX (KCWX-TV) (720p) [Not 24/7],02,
海外·综艺,yes,r8Dio TV,SE,1,,r8Dio TV,02,
海外·综艺,yes,viju+ Comedy,RU,1,,viju+ Comedy HD (1080p),02,
海外·综艺,yes,¡OPA!,CR,1,,¡OPA! (720p),02,
海外·综艺,yes,ОТВ Приморье,RU,1,,ОТВ Приморье,02,
海外·综艺,yes,Твое ТВ Юмор,RU,1,,Твое ТВ Юмор (1080p),02,
海外·音乐,yes,MTV Biggest Pop,US,4,,MTV Biggest Pop (1080p),02,
海外·音乐,yes,Pluto TV MTV Classic,US,3,,Pluto TV MTV Classic (720p),02,
海外·音乐,yes,Stingray Remember the 80s,CA,3,,Stingray Remember the 80s;Stingray Remember the 80s (1080p),02,
海外·音乐,yes,88 Stereo,CR,2,,88 Stereo (720p) [Not 24/7];88 Stereo,02;11;14,
海外·音乐,yes,Company TV,IT,2,,Company Tv;Company TV (720p),02;11,
海外·音乐,yes,Gigant FM,NL,2,,Gigant FM (720p);Gigant FM,02;14,
海外·音乐,yes,M1 (UA),UA,2,,M1;M1 (1080p),02;11,
海外·音乐,yes,M2 (UA),UA,2,,M2;M2 (1080p),02;11,
海外·音乐,yes,MBC Mood,SA,2,,MBC Mood (1080p);Wanasah,02;11,Wanasah
海外·音乐,yes,MTV Flow Latino,US,2,,MTV Flow Latino (720p),02,
海外·音乐,yes,MTV Spankin’ New,US,2,,MTV Spankin’ New (1080p);MTV Spankin' New (1080p),02,
海外·音乐,yes,Qello Concerts by Stingray,CA,2,,Qello Concerts by Stingray (1080p),02,
海外·音乐,yes,RTL 102.5 Traffic,IT,2,,RTL 102.5 Traffic (1080p);RTL 102.5 Traffic,02;11,
海外·音乐,yes,Radio Italia Trend,IT,2,,Radio Italia Trend;Radio Italia Trend (720p),02;11,
海外·音乐,yes,Radio Piter Pan TV,IT,2,,Radio Piter Pan TV (720p) [Not 24/7];Radio Piter Pan Tv,02;11,
海外·音乐,yes,Stingray Hit List,CA,2,,Stingray Hit List (1080p);Stingray Hitlist (1080p),02,
海外·音乐,yes,Stingray Naturescape,CA,2,,Stingray Naturescape (1080p),02,
海外·音乐,yes,Stryk TV,US,2,,Stryk TV (1080p);Stryk TV,02;11,
海外·音乐,yes,Trace Latina,FR,2,,Trace Latina (1080p);Trace Latina Ⓖ,02;11,
海外·音乐,yes,Yo! MTV,US,2,,Yo! MTV (1080p),02,
海外·音乐,yes,Óčko,CZ,2,,Óčko (540p);Óčko Ⓢ,02;11,
海外·音乐,yes,13 Festival,CL,1,,13 Festival (1080p),02,
海外·音乐,yes,1HD Music Television,RU,1,,1HD Music Television (1080p),02,
海外·音乐,yes,30A Music,US,1,,30A Music (720p),02,
海外·音乐,yes,360TuneBox,NL,1,,360TuneBox (1080p),02,
海外·音乐,yes,3ABN Praise Him Music Network,US,1,,3ABN Praise Him Music Network,02,
海外·音乐,yes,4 Fun TV,PL,1,,4 Fun TV (576i) [Not 24/7];4fun.tv Ⓢ,02;11,
海外·音乐,yes,4 Kurd,FR,1,,4 Kurd,02,
海外·音乐,yes,4ever Music,UA,1,,4ever Music (1080p),02,
海外·音乐,yes,51 Radio TV,IT,1,,51 Radio TV (480p) [Geo-blocked],02,
海外·音乐,yes,70-80 TV,IT,1,,70-80 TV (1080P),02,
海外·音乐,yes,7S Music,IN,1,,7S Music (576p),02,
海外·音乐,yes,8XM,PK,1,,8XM HD,02,
海外·音乐,yes,98.1 Pearl FM,SX,1,,98.1 Pearl FM (720p),02,
海外·音乐,yes,9X Jalwa,IN,1,,9X Jalwa (1080p),02,
海外·音乐,yes,9XM,IN,1,,9XM (1080p),02,
海外·音乐,yes,ACE Country Radio KPVM-LD,US,1,,ACE Country Radio KPVM-LD,02,
海外·音乐,yes,AE Radio TV,CL,1,,AE Radio TV (720p) [Not 24/7],02,
海外·音乐,yes,AFN TV,IR,1,,AFN TV,02,
海外·音乐,yes,AMC (AF),AF,1,,AMC (1080p),02,
海外·音乐,yes,AXS TV,US,1,,AXS TV (720p),02,
海外·音乐,yes,Aaryaa TV,IN,1,,Aaryaa TV (1080p),02,
海外·音乐,yes,Activa TV,ES,1,,Activa TV (720p),02,
海外·音乐,yes,Adria Music Television,DE,1,,Adria Music Television,02,
海外·音乐,yes,Aghani Aghani TV,LB,1,,Aghani Aghani TV (1080p),02,
海外·音乐,yes,Alegria TV,BO,1,,Alegria TV (720p),02,
海外·音乐,yes,Andina RTV,PE,1,,Andina RTV (720p),02,
海外·音乐,yes,Andy Haryana,IN,1,,Andy Haryana (576p),02,
海外·音乐,yes,Antenne Kaernten,AT,1,,Antenne Kaernten (720p),02,
海外·音乐,yes,Antenne Steiermark,AT,1,,Antenne Steiermark (720p),02,
海外·音乐,yes,Arabica TV,LB,1,,Arabica TV (720p),02,
海外·音乐,yes,Atomic Academy TV,RO,1,,Atomic Academy TV (480p),02,
海外·音乐,yes,Atomic TV,RO,1,,Atomic TV (360p),02,
海外·音乐,yes,Audiokiss,BO,1,,Audiokiss (1080p),02,
海外·音乐,yes,Avang TV,US,1,,Avang TV (1080p),02,
海外·音乐,yes,Azahares Radio Multimedia,AR,1,,Azahares Radio Multimedia (720p),02,
海外·音乐,yes,B4U Music,IN,1,,B4U Music (576p),02,
海外·音乐,yes,BIZ Music,UZ,1,,BIZ Music (1080p),02,
海外·音乐,yes,BPX TV Radio,US,1,,BPX TV Radio,02,
海外·音乐,yes,BRIDGE,RU,1,,BRIDGE (576p),02,
海外·音乐,yes,BRIDGE Classic,RU,1,,BRIDGE Classic (576p),02,
海外·音乐,yes,BRIDGE Deluxe,RU,1,,BRIDGE Deluxe HD (576p),02,
海外·音乐,yes,BRIDGE Hits,RU,1,,BRIDGE Hits (576p),02,
海外·音乐,yes,BRIDGE Rock,RU,1,,BRIDGE Rock (576p),02,
海外·音乐,yes,BTA TV,VE,1,,BTA TV (720p),02,
海外·音乐,yes,BTB Music,PL,1,,BTB Music (1080p),02,
海外·音乐,yes,Baby Time,RU,1,,Baby Time (576p),02,
海外·音乐,yes,Balle Balle,IN,1,,Balle Balle (720p),02,
海外·音乐,yes,Baraza TV,GR,1,,Baraza TV (1080p),02,
海外·音乐,yes,Baraza TV Deep House,GR,1,,Baraza TV Deep House (720p),02,
海外·音乐,yes,Baraza TV Relaxing,GR,1,,Baraza TV Relaxing (720p),02,
海外·音乐,yes,Beats Radio,AR,1,,Beats Radio (480p),02,
海外·音乐,yes,Best of Dance TV,EE,1,,Best of Dance TV (1080p),02,
海外·音乐,yes,Bibel TV Musik,DE,1,,Bibel TV Musik (720p),02,
海外·音乐,yes,Black (UA),UA,1,,Black (1080p),02,
海外·音乐,yes,Boom TV,RO,1,,Boom TV (1080p),02,
海外·音乐,yes,Buenisima Radio TV,CO,1,,Buenisima Radio TV,02,
海外·音乐,yes,CMC TV,HR,1,,CMC TV (1080p);CMC TV,02;11,
海外·音乐,yes,CMC-USA Country Music Channel,US,1,,CMC-USA Country Music Channel (720p),02,
海外·音乐,yes,CMT,US,1,,CMT (720p),02,
海外·音乐,yes,CMT Equal Play,US,1,,CMT Equal Play (720p),02,
海外·音乐,yes,Cadena Elite,ES,1,,Cadena Elite (720p) [Not 24/7],02,
海外·音乐,yes,California Music Channel,US,1,,California Music Channel (1080p),02,
海外·音乐,yes,Canal 3 KMK TV,CR,1,,Canal 3 KMK TV (720p),02,
海外·音乐,yes,Chamame TV,AR,1,,Chamame TV,02,
海外·音乐,yes,Chocolate FM,CL,1,,Chocolate FM (720p),02,
海外·音乐,yes,City TV (BG),BG,1,,City TV (576p) [Not 24/7];City TV Ⓢ,02;11,
海外·音乐,yes,Classic Music,RU,1,,Classic Music (1080p),02,
海外·音乐,yes,Classica,US,1,,Classica (720p),02,
海外·音乐,yes,Clubbing TV UK,US,1,,Clubbing TV UK (720p),02,
海外·音乐,yes,Concert Channel,US,1,,Concert Channel (720p),02,
海外·音乐,yes,Conecta TV,MX,1,,Conecta TV (720p),02,
海外·音乐,yes,Cool FM 98.9,AW,1,,Cool FM 98.9 (720p),02,
海外·音乐,yes,Corazon TV,PA,1,,Corazon TV,02,
海外·音乐,yes,Cumbia Mix,AR,1,,Cumbia Mix (720p),02,
海外·音乐,yes,DASDING 90.8,DE,1,,DASDING 90.8 (720p),02,
海外·音乐,yes,DBM TV,FR,1,,DBM TV (1080p),02,
海外·音乐,yes,DMF,DE,1,,DMF (1080p) [Not 24/7],02,
海外·音乐,yes,DSTV,BG,1,,DSTV (614p) [Not 24/7],02,
海外·音乐,yes,Dance FM,CL,1,,Dance FM (720p),02,
海外·音乐,yes,Dance Television,NL,1,,Dance Television (1080p);Dance TV,02;11,Dance TV
海外·音乐,yes,DanceHits80,RU,1,,DanceHits80,02,
海外·音乐,yes,DanceTV Deep House District,EE,1,,DanceTV Deep House District (1080p),02,
海外·音乐,yes,DeepHouse District,NL,1,,DeepHouse District (1080p),02,
海外·音乐,yes,Deewana,IN,1,,Deewana HD (540p),02,
海外·音乐,yes,Deluxe Dance,DE,1,,Deluxe Dance (1080p);DELUXE MUSIC DANCE BY KONTOR,02;11,DELUXE MUSIC DANCE BY KONTOR
海外·音乐,yes,Deluxe Lounge,DE,1,,Deluxe Lounge (720p),02,
海外·音乐,yes,Deluxe Music,DE,1,,Deluxe Music (720p);DELUXE MUSIC,02;11,
海外·音乐,yes,Deluxe Rap,DE,1,,Deluxe Rap (1080p);DELUXE MUSIC RAP,02;11,DELUXE MUSIC RAP
海外·音乐,yes,Dhamaal,IN,1,,Dhamaal (576p),02,
海外·音乐,yes,Dismar Radio TV,PY,1,,Dismar Radio TV (720p),02,
海外·音乐,yes,Dream Türk,TR,1,,Dream Türk (720p),02,
海外·音乐,yes,E40,PY,1,,E40 (1080p),02,
海外·音乐,yes,EBS Musika,US,1,,EBS Musika (720p),02,
海外·音乐,yes,EMI TV,RO,1,,EMI TV,02,
海外·音乐,yes,ETV Beats,IN,1,,ETV Beats (1080p),02,
海外·音乐,yes,ETV Music,IN,1,,ETV Music (1080p),02,
海外·音乐,yes,EU Music,UA,1,,EU Music (1080p),02,
海外·音乐,yes,El Radio 9090 FM,EG,1,,El Radio 9090 FM (480p),02,
海外·音乐,yes,El Sol Network TV,EC,1,,El Sol Network TV (1080p),02,
海外·音乐,yes,Ellinikos FM,GR,1,,Ellinikos FM (720p),02,
海外·音乐,yes,Epic Music,IN,1,,Epic Music (576p),02,
海外·音乐,yes,Epic Music Digital,IN,1,,Epic Music Digital (1080p),02,
海外·音乐,yes,Euro Indie Music Chart TV,IT,1,,Euro Indie Music Chart TV (360p),02,
海外·音乐,yes,Exa TV,MX,1,,Exa TV,02,
海外·音乐,yes,FM ITALIA,IT,1,,FM ITALIA (1080p),02,
海外·音乐,yes,FM Mundo,EC,1,,FM Mundo (1080p),02,
海外·音乐,yes,FON Music,RU,1,,FON Music (576p),02,
海外·音乐,yes,FTV (UZ),UZ,1,,FTV (576p),02,
海外·音乐,yes,FUSION TV,MQ,1,,FUSION TV (1080p),02,
海外·音乐,yes,Fabulosa Estéreo 100.5 FM,PA,1,,Fabulosa Estéreo 100.5 FM (720p),02,
海外·音乐,yes,Fairuz,SA,1,,Fairuz (1080p),02,
海外·音乐,yes,Falastini TV,PS,1,,Falastini TV (1080p),02,
海外·音乐,yes,Farra Play,PY,1,,Farra Play (576p),02,
海外·音乐,yes,Finest TV,DE,1,,Finest TV (288p) [Not 24/7],02,
海外·音乐,yes,First Music Channel Russia,BY,1,,First Music Channel Russia (1080p),02,
海外·音乐,yes,Folk Klub,AU,1,,Folk Klub (720p);Folk Club TV,02;11,Folk Club TV
海外·音乐,yes,Folk TV,MK,1,,Folk TV (1080p) [Not 24/7];Folk TV,02;11,
海外·音乐,yes,Folklore TV,PE,1,,Folklore TV (720p),02,
海外·音乐,yes,Folx Music Television,DE,1,,Folx Music Television,02,
海外·音乐,yes,Folx Slovenija,SI,1,,Folx Slovenija,02;11,
海外·音乐,yes,FomixTV,NL,1,,FomixTV (1080p),02,
海外·音乐,yes,Frecuencia Musical TV,UK,1,,Frecuencia Musical TV [Not 24/7],02,
海外·音乐,yes,Fuego TV (DO),DO,1,,Fuego TV [Not 24/7],02,
海外·音乐,yes,Fun Vision,BE,1,,Fun Vision,02,
海外·音乐,yes,Genial TV,CL,1,,Genial TV (720p),02,
海外·音乐,yes,GugakTV 국악방송,KR,1,,GugakTV 국악방송 (1080p),02,
海外·音乐,yes,HEi Now,PY,1,,HEi Now (1080p),02,
海外·音乐,yes,Happy Radio TV,UA,1,,Happy Radio TV (1080p),02,
海外·音乐,yes,Harmony Gospel Music TV,US,1,,Harmony Gospel Music TV (1080p),02,
海外·音乐,yes,Heart Radio Aruba,AW,1,,Heart Radio Aruba,02,
海外·音乐,yes,High Vision,US,1,,High Vision (1080p) [Not 24/7],02,
海外·音乐,yes,Hit FM,MD,1,,Hit FM,02,
海外·音乐,yes,Hype Visual Radio,NL,1,,Hype Visual Radio (1080p),02,
海外·音乐,yes,INTV Australia,AU,1,,INTV Australia (720p);INTV,02;11,INTV
海外·音乐,yes,IQ Channel,CR,1,,IQ Channel (720p),02,
海外·音乐,yes,Identité Télé Caraïbes,MQ,1,,Identité Télé Caraïbes (548p),02,
海外·音乐,yes,Impact TV,RO,1,,Impact TV (1080p),02,
海外·音乐,yes,Impact TV Dance,RO,1,,Impact TV Dance (1080p),02,
海外·音乐,yes,Impact TV Manele,RO,1,,Impact TV Manele (1080p),02,
海外·音乐,yes,InRating TV,UA,1,,InRating TV (1080p),02,
海外·音乐,yes,Infinita TV,EC,1,,Infinita TV (1080p),02,
海外·音乐,yes,Insync,IN,1,,Insync (576p),02,
海外·音乐,yes,Isai Aruvi,IN,1,,Isai Aruvi (396p),02,
海外·音乐,yes,Isango TV,RW,1,,Isango TV (480p) [Not 24/7],02,
海外·音乐,yes,Ishtar TV,IQ,1,,Ishtar TV (1080p),02,
海外·音乐,yes,Ivoire Channel,CI,1,,Ivoire Channel (720p),02,
海外·音乐,yes,JRTV Järviradio,FI,1,,JRTV Järviradio (720p);Järviradio TV,02;11,Järviradio TV
海外·音乐,yes,Jazz TV,MK,1,,Jazz TV (1080p) [Not 24/7];Jazz TV,02;11,
海外·音乐,yes,Jeddah Radio,SA,1,,Jeddah Radio (1080p),02,
海外·音乐,yes,JooMusic,PK,1,,JooMusic (720p),02,
海外·音乐,yes,Jordan Songs,JO,1,,Jordan Songs (1080p),02,
海外·音乐,yes,K100,IS,1,,K100 (1080p),02,
海外·音乐,yes,KN Music TV,AZ,1,,KN Music TV,02,
海外·音乐,yes,KandelaTV,VE,1,,KandelaTV (480p),02,
海外·音乐,yes,Karaoke por Stingray,US,1,,Karaoke por Stingray (720p),02,
海外·音乐,yes,Kayhan TV,AF,1,,Kayhan TV (720p),02,
海外·音乐,yes,Kiss Kiss Napoli TV,IT,1,,Kiss Kiss Napoli TV (720p);Radio Kiss Kiss Napoli TV,02;11,Radio Kiss Kiss Napoli TV
海外·音乐,yes,Kiss Kiss TV,IT,1,,Kiss Kiss TV (1080p),02,
海外·音乐,yes,Kiss TV,RO,1,,Kiss TV (1080p),02,
海外·音乐,yes,Klape i Tambure TV,HR,1,,Klape i Tambure TV (1080p),02,
海外·音乐,yes,Klara,BE,1,,Klara (720p),02,
海外·音乐,yes,KpopTV Play,BR,1,,KpopTV Play (576p),02,
海外·音乐,yes,Kronehit,AT,1,,Kronehit (1080p),02,
海外·音乐,yes,Kuriakos Music,PT,1,,Kuriakos Music (1080p),02,
海外·音乐,yes,La 100,AR,1,,La 100 (1080p),02,
海外·音乐,yes,La Clave,CL,1,,La Clave (720p),02,
海外·音乐,yes,La Fabulosa Radio y TV,PE,1,,La Fabulosa Radio y TV (720p),02,
海外·音乐,yes,La Granja TV,CL,1,,La Granja TV,02,
海外·音乐,yes,La Kalle,CO,1,,La Kalle (720p),02,
海外·音乐,yes,La Morada Radio TV,CO,1,,La Morada Radio TV (720p),02,
海外·音乐,yes,La Perla Radio TV,EC,1,,La Perla Radio TV (720p) [Not 24/7],02,
海外·音乐,yes,La Que Buena Atlanta,US,1,,La Que Buena Atlanta,02,
海外·音乐,yes,La Top 102.9,HN,1,,La Top 102.9 (720p),02,
海外·音乐,yes,La Top 107.7,HN,1,,La Top 107.7 (720p),02,
海外·音乐,yes,La-X,PR,1,,La-X (720p),02,
海外·音乐,yes,Lamore Rock Show WebTV,BR,1,,Lamore Rock Show WebTV (720p),02,
海外·音乐,yes,Lausitzwelle,DE,1,,Lausitzwelle (1080p),02,
海外·音乐,yes,LiraTV (ES),ES,1,,LiraTV (720p),02,
海外·音乐,yes,Littoral FM,FR,1,,Littoral FM (720p),02,
海外·音乐,yes,Live99FM,BQ,1,,Live99FM (1080p),02,
海外·音乐,yes,LiveXLive,US,1,,LiveXLive (1080p),02,
海外·音乐,yes,Lobo TV,MX,1,,Lobo TV (720p),02,
海外·音乐,yes,Look Thoong TV,LA,1,,Look Thoong TV (720p) [Not 24/7],02,
海外·音乐,yes,M-1 (LT),LT,1,,M-1 (480p),02,
海外·音乐,yes,MBC FM,AE,1,,MBC FM (1080p),02,
海外·音乐,yes,MBC Loud,SA,1,,MBC Loud,02,
海外·音乐,yes,MCM Top,RU,1,,MCM Top (576p),02,
海外·音乐,yes,MTV Live,US,1,,MTV Live (720p),02,
海外·音乐,yes,Madras FM TV,GP,1,,Madras FM TV (1080p),02,
海外·音乐,yes,Magic TV (BG),BG,1,,Magic TV (720p),02,
海外·音乐,yes,Magic TV (RO),RO,1,,Magic TV (720p),02,
海外·音乐,yes,Maidan,RU,1,,Maidan (720p),02,
海外·音乐,yes,Maimon TV Canal 3,DO,1,,Maimon TV Canal 3 (720p) [Not 24/7],02,
海外·音乐,yes,Majid Al Mohandis,SA,1,,Majid Al Mohandis (1080p),02,
海外·音乐,yes,Makao TV,DO,1,,Makao TV (1080i),02,
海外·音乐,yes,Maqui TV,CL,1,,Maqui TV,02,
海外·音乐,yes,Marina TV,KW,1,,Marina TV (1080p),02,
海外·音乐,yes,Mazzika,EG,1,,Mazzika (576p),02,
海外·音乐,yes,Med Muzik,TR,1,,Med Muzik (1080p),02,
海外·音乐,yes,MegaBox,NI,1,,MegaBox (720p) [Not 24/7],02,
海外·音乐,yes,Megogo Music,UA,1,,Megogo Music,02,
海外·音乐,yes,Melody FM Jordan,JO,1,,Melody FM Jordan (720p) [Not 24/7],02,
海外·音乐,yes,Messatida TV,GR,1,,Messatida TV (720p),02,
海外·音乐,yes,Metaleitor TV,US,1,,Metaleitor TV,02,
海外·音乐,yes,Metropoli Medios TV,EC,1,,Metropoli Medios TV (720p),02,
海外·音乐,yes,Mezzo Live,FR,1,,Mezzo Live (1080p),02,
海外·音乐,yes,Mh 1 Music,IN,1,,Mh 1 Music (720p),02,
海外·音乐,yes,Miel TV,PE,1,,Miel TV (720p),02,
海外·音乐,yes,Millenium 109 FM,PE,1,,Millenium 109 FM,02,
海外·音乐,yes,Montones TV,DO,1,,Montones TV (1080p),02,
海外·音乐,yes,Mosaique FM,TN,1,,Mosaique FM (1080p),02,
海外·音乐,yes,Music Box Brazil,BR,1,,Music Box Brazil (720p),02,
海外·音乐,yes,Music Box Classic,CZ,1,,Music Box Classic,02,
海外·音乐,yes,Music Box Dance,CZ,1,,Music Box Dance,02,
海外·音乐,yes,Music Box Hits,CZ,1,,Music Box Hits,02,
海外·音乐,yes,Music Box Polska Ukraine,PL,1,,Music Box Polska Ukraine,02,
海外·音乐,yes,Music Box Sexy,CZ,1,,Music Box Sexy,02,
海外·音乐,yes,Music India,IN,1,,Music India (576p),02,
海外·音乐,yes,Muz TV Uzbekistan,UZ,1,,Muz TV Uzbekistan,02,
海外·音乐,yes,Muz-TV,RU,1,,Muz-TV (576p),02,
海外·音乐,yes,Muzangala TV,AO,1,,Muzangala TV (1080p),02,
海外·音乐,yes,Muzsika TV,HU,1,,Muzsika TV,02,
海外·音乐,yes,Muzvar,UA,1,,Muzvar (1080p),02,
海外·音乐,yes,Muzyka Live,RU,1,,Muzyka Live (576p),02,
海外·音乐,yes,Muzyka Pervogo,RU,1,,Muzyka Pervogo (576p),02,
海外·音乐,yes,Más FM 95.9,AR,1,,Más FM 95.9 (720p),02,
海外·音乐,yes,NASHE Music,UA,1,,NASHE Music (720p),02,
海外·音乐,yes,NRG 91,GR,1,,NRG 91 (720p) [Not 24/7];91NRG,02;11,91NRG
海外·音乐,yes,Navahang TV,FI,1,,Navahang TV (720p),02,
海外·音乐,yes,Nidae AlIslam Radio,SA,1,,Nidae AlIslam Radio (1080p),02,
海外·音乐,yes,Noroc TV,MD,1,,Noroc TV,02,
海外·音乐,yes,Now TV 102.3FM Edmonton (CKNO-FM),CA,1,,Now TV 102.3FM Edmonton (CKNO-FM) (616p),02,
海外·音乐,yes,Nueva Vida TV,PR,1,,Nueva Vida TV (720p),02,
海外·音乐,yes,Number 1 Damar,TR,1,,Number 1 Damar (720p),02,
海外·音乐,yes,Number 1 Dance,TR,1,,Number 1 Dance (720p),02,
海外·音乐,yes,ON FM,PT,1,,ON FM (720p),02,
海外·音乐,yes,Ocko Black,CZ,1,,Ocko Black,02,
海外·音乐,yes,Ocko Star,CZ,1,,Ocko Star,02,
海外·音乐,yes,One Adria,DE,1,,One Adria,02,
海外·音乐,yes,One Music Television,DE,1,,One Music Television,02,
海外·音乐,yes,One TV,LB,1,,One TV (720p) [Not 24/7],02,
海外·音乐,yes,OneFM,LB,1,,OneFM (720p) [Not 24/7],02,
海外·音乐,yes,Orange Bangla TV,IN,1,,Orange Bangla TV (720p),02,
海外·音乐,yes,Oxygen Music,HU,1,,Oxygen Music (1080p);Oxygen Music,02;11,
海外·音乐,yes,P2M TV,FR,1,,P2M TV (720p),02,
海外·音乐,yes,PMC,AE,1,,PMC,02,
海外·音乐,yes,PMC Royale,AE,1,,PMC Royale (1080p),02,
海外·音乐,yes,POP World TV,ES,1,,POP World TV (720p),02,
海外·音乐,yes,PTC Chakde,IN,1,,PTC Chakde (720p),02,
海外·音乐,yes,PTC Music,IN,1,,PTC Music (720p),02,
海外·音乐,yes,Pamir TV,CA,1,,Pamir TV (1080p) [Not 24/7],02,
海外·音乐,yes,Panik TV,GR,1,,Panik TV (1080p),02,
海外·音乐,yes,Panorama FM,SA,1,,Panorama FM (1080p),02,
海外·音乐,yes,Parranda Vallenata,CO,1,,Parranda Vallenata (720p),02,
海外·音乐,yes,Patagonia Radio TV,CL,1,,Patagonia Radio TV (720p),02,
海外·音乐,yes,Pauta,CL,1,,Pauta (1080p),02,
海外·音乐,yes,Peppers TV,IN,1,,Peppers TV (751p),02,
海外·音乐,yes,Persiana Folk,FR,1,,Persiana Folk,02,
海外·音乐,yes,Persiana Music,FR,1,,Persiana Music,02,
海外·音乐,yes,Persiana Nostalgia,FR,1,,Persiana Nostalgia,02,
海外·音乐,yes,Persiana Vibe,FR,1,,Persiana Vibe,02,
海外·音乐,yes,Pindin TV,PA,1,,Pindin TV,02,
海外·音乐,yes,Planet 100.9 FM,PA,1,,Planet 100.9 FM (1080p),02,
海外·音乐,yes,Play TV (CM),CM,1,,Play TV (720p) [Not 24/7],02,
海外·音乐,yes,Play TV (GR),GR,1,,Play TV (480p) [Not 24/7],02,
海外·音乐,yes,Pluto TV Karaokê por Stingray,US,1,,Pluto TV Karaokê por Stingray (720p),02,
海外·音乐,yes,Pluto TV Shows por Stingray,US,1,,Pluto TV Shows por Stingray (720p),02,
海外·音乐,yes,Power 101.7 FM,AW,1,,Power 101.7 FM (720p),02,
海外·音乐,yes,Power Dance,TR,1,,Power Dance (1080p),02,
海外·音乐,yes,Power Hit Radio,LT,1,,Power Hit Radio (576p),02,
海外·音乐,yes,Power Love,TR,1,,Power Love (1080p),02,
海外·音乐,yes,Power Türk Akustik,TR,1,,Power Türk Akustik (1080p),02,
海外·音乐,yes,Power Türk Slow,TR,1,,Power Türk Slow (1080p),02,
海外·音乐,yes,Power Türk Taptaze,TR,1,,Power Türk Taptaze (1080p),02,
海外·音乐,yes,Public Music,IN,1,,Public Music (576p),02,
海外·音乐,yes,Punjabi Hits,IN,1,,Punjabi Hits (1080p),02,
海外·音乐,yes,Qmusic,NL,1,,Qmusic (720p),02,
海外·音乐,yes,Qwest TV,FR,1,,Qwest TV (1080p),02,
海外·音乐,yes,Qwest TV Jazz & Beyond,FR,1,,Qwest TV Jazz & Beyond (1080p),02,
海外·音乐,yes,RADIO DISCOunt TV,CH,1,,RADIO DISCOunt TV (1080p),02,
海外·音乐,yes,RFPtv,PT,1,,RFPtv (360p),02,
海外·音乐,yes,RHT Guadeloupe,GP,1,,RHT Guadeloupe (720p),02,
海外·音乐,yes,RTL 102.5 Best,IT,1,,RTL 102.5 Best (1080p),02,
海外·音乐,yes,RTL 102.5 Bro&Sis,IT,1,,RTL 102.5 Bro&Sis (1080p),02,
海外·音乐,yes,RTL 102.5 Caliente,IT,1,,RTL 102.5 Caliente (1080p),02,
海外·音乐,yes,RTL 102.5 Disco,IT,1,,RTL 102.5 Disco (1080p),02,
海外·音乐,yes,RTL 102.5 Napulè,IT,1,,RTL 102.5 Napulè (1080p),02,
海外·音乐,yes,RTL 102.5 TV,IT,1,,RTL 102.5 TV (1080p),02,
海外·音乐,yes,RTL Gold (LU),LU,1,,RTL Gold (1080p),02,
海外·音乐,yes,RTL Today Radio,LU,1,,RTL Today Radio (720p),02,
海外·音乐,yes,RTV Vida,ES,1,,RTV Vida (1080p),02,
海外·音乐,yes,RU.TV,RU,1,,RU.TV (1080p),02,
海外·音乐,yes,Rabeh Saqer,SA,1,,Rabeh Saqer (1080p),02,
海外·音乐,yes,Radio Bonita 106.7,EC,1,,Radio Bonita 106.7 (720p),02,
海外·音乐,yes,Radio Chalaca,PE,1,,Radio Chalaca,02,
海外·音乐,yes,Radio Chisinau,MD,1,,Radio Chisinau (576p),02,
海外·音乐,yes,Radio Conexion Web TV,AR,1,,Radio Conexion Web TV (720p),02,
海外·音乐,yes,Radio Cuenca Estéreo,EC,1,,Radio Cuenca Estéreo (720p),02,
海外·音乐,yes,Radio Duna,CL,1,,Radio Duna (720p),02,
海外·音乐,yes,Radio Edelweiss,CL,1,,Radio Edelweiss (720p),02,
海外·音乐,yes,Radio Freccia TV,IT,1,,Radio Freccia TV (1080p),02,
海外·音乐,yes,Radio Fx Net,RO,1,,Radio Fx Net (720p),02,
海外·音乐,yes,Radio Hit FM TV,RS,1,,Radio Hit FM TV (720p),02,
海外·音乐,yes,Radio JND,NL,1,,Radio JND (1080p),02,
海外·音乐,yes,Radio Javan TV,US,1,,Radio Javan TV (1080p),02,
海外·音乐,yes,Radio Karolina TV,RS,1,,Radio Karolina TV (720p),02,
海外·音乐,yes,Radio La Serena TV,CL,1,,Radio La Serena TV (720p),02,
海外·音乐,yes,Radio Lola,RS,1,,Radio Lola (720p) [Not 24/7],02,
海外·音乐,yes,Radio Master,PE,1,,Radio Master (720p),02,
海外·音乐,yes,Radio Monumental TV,EC,1,,Radio Monumental TV (720p) [Not 24/7],02,
海外·音乐,yes,Radio Onda Digital,PE,1,,Radio Onda Digital (1080p),02,
海外·音乐,yes,Radio Pudahuel,CL,1,,Radio Pudahuel (720p),02,
海外·音乐,yes,Radio Realpolitik,AR,1,,Radio Realpolitik (720p),02,
海外·音乐,yes,Radio Romania 3Net,RO,1,,Radio Romania 3Net (480p),02,
海外·音乐,yes,Radio Romania Antena Satelor,RO,1,,Radio Romania Antena Satelor (720p) [Not 24/7],02,
海外·音乐,yes,Radio Rumba TV,PE,1,,Radio Rumba TV (720p),02,
海外·音乐,yes,Radio SWH TV,LV,1,,Radio SWH TV (1080p),02,
海外·音乐,yes,Radio Suyai TV,CL,1,,Radio Suyai TV (1080p),02,
海外·音乐,yes,Radio Tropical Tarapoto,PE,1,,Radio Tropical Tarapoto (480p) [Not 24/7],02,
海外·音乐,yes,Radio Télé Hit,HT,1,,Radio Télé Hit (480p),02,
海外·音乐,yes,Radio Weser TV Bremen,DE,1,,Radio Weser TV Bremen (576p),02,
海外·音乐,yes,Radio Zeta TV,IT,1,,Radio Zeta TV (1080p),02,
海外·音乐,yes,Radio Zona 90.3,CL,1,,Radio Zona 90.3 (720p),02,
海外·音乐,yes,RadioNL TV,NL,1,,RadioNL TV (1080p) [Not 24/7],02,
海外·音乐,yes,Raj Musix Kannada,IN,1,,Raj Musix Kannada (576p),02,
海外·音乐,yes,Raj Musix Malayalam,IN,1,,Raj Musix Malayalam (576p),02,
海外·音乐,yes,Raj Musix Tamil,IN,1,,Raj Musix Tamil (1080p),02,
海外·音乐,yes,Raj Musix Telugu,IN,1,,Raj Musix Telugu (720p),02,
海外·音乐,yes,Rararadio,NL,1,,Rararadio (720p),02,
海外·音乐,yes,Retro Music Television,CZ,1,,Retro Music Television (360p),02,
海外·音乐,yes,Retro Plus 2,CL,1,,Retro Plus 2 (720p),02,
海外·音乐,yes,Retromusica Television,CL,1,,Retromusica Television (720p),02,
海外·音乐,yes,Rewind TV,CL,1,,Rewind TV (1080p),02,
海外·音乐,yes,Reyali,CO,1,,Reyali (614p),02,
海外·音乐,yes,Ritoque TV,CL,1,,Ritoque TV (720p),02,
海外·音乐,yes,Rock TV (MK),MK,1,,Rock TV (1080p) [Not 24/7];Rock TV,02;11,
海外·音乐,yes,Rock TV (RO),RO,1,,Rock TV (720p),02,
海外·音乐,yes,Rotana Khalijia,SA,1,,Rotana Khalijia (1080p) [Geo-blocked],02,
海外·音乐,yes,Rotana Music,SA,1,,Rotana Music (1080p) [Geo-blocked],02,
海外·音乐,yes,RumbaMix TV,PE,1,,RumbaMix TV (720p),02,
海外·音乐,yes,Russian MusicBox,RU,1,,Russian MusicBox (576p),02,
海外·音乐,yes,SOY Plancha TV,CR,1,,SOY Plancha TV (720p),02,
海外·音乐,yes,Sabor TV,CL,1,,Sabor TV (720p),02,
海外·音乐,yes,Salsa Gorda Television,CO,1,,Salsa Gorda Television (1080p) [Not 24/7],02,
海外·音乐,yes,Sana Plus,IN,1,,Sana Plus (1080p),02,
海外·音乐,yes,Sangeet Bangla,IN,1,,Sangeet Bangla (720p),02,
海外·音乐,yes,Sangeet Marathi,IN,1,,Sangeet Marathi (720p),02,
海外·音乐,yes,Scorch TV,TT,1,,Scorch TV (1080p),02,
海外·音乐,yes,Sensacion Costa,CL,1,,Sensacion Costa,02,
海外·音乐,yes,Shanson TV,RU,1,,Shanson TV (576p),02,
海外·音乐,yes,ShowVen TV,VE,1,,ShowVen TV (720p),02,
海外·音乐,yes,Siembra TV (DO),DO,1,,Siembra TV (720p),02,
海外·音乐,yes,Sky Folk TV,MK,1,,Sky Folk TV (720p) [Not 24/7],02,
海外·音乐,yes,Slager Original,CZ,1,,Slager Original;Šlágr Originál Ⓢ,02;11,Šlágr Originál
海外·音乐,yes,Slager TV,HU,1,,Slager TV,02,
海外·音乐,yes,Sol Música,ES,1,,Sol Música (720p),02,
海外·音乐,yes,SoloBáilalo,CL,1,,SoloBáilalo (480p),02,
海外·音乐,yes,SpektraTV,ES,1,,SpektraTV (720p),02,
海外·音乐,yes,Spirit TV,US,1,,Spirit TV (720p) [Not 24/7],02,
海外·音乐,yes,Star 101 FM (KNUT Guam),GU,1,,Star 101 FM (KNUT Guam) [Not 24/7],02,
海外·音乐,yes,Steelbird Music,IN,1,,Steelbird Music (720p) [Not 24/7],02,
海外·音乐,yes,Stingray Cityscapes,CA,1,,Stingray Cityscapes (1080p),02,
海外·音乐,yes,Stingray Classic Rock,CA,1,,Stingray Classic Rock (1080p),02,
海外·音乐,yes,Stingray Classica,CA,1,,Stingray Classica (1080p),02,
海外·音乐,yes,Stingray Cozy Cafe,CA,1,,Stingray Cozy Cafe (1080p),02,
海外·音乐,yes,Stingray DJAZZ,CA,1,,Stingray DJAZZ (1080p),02,
海外·音乐,yes,Stingray Easy Listening,CA,1,,Stingray Easy Listening (1080p),02,
海外·音乐,yes,Stingray Flashback 70s,CA,1,,Stingray Flashback 70s (1080p),02,
海外·音乐,yes,Stingray Greatest Hits,CA,1,,Stingray Greatest Hits (1080p),02,
海外·音乐,yes,Stingray Greatest Holiday Hits,US,1,,Stingray Greatest Holiday Hits,02,
海外·音乐,yes,Stingray Holiday Hits,CA,1,,Stingray Holiday Hits (1080p),02,
海外·音乐,yes,Stingray Holidayscapes,CA,1,,Stingray Holidayscapes (1080p),02,
海外·音乐,yes,Stingray Hot Country,CA,1,,Stingray Hot Country (1080p),02,
海外·音乐,yes,Stingray Jukebox Oldies,CA,1,,Stingray Jukebox Oldies (1080p),02,
海外·音乐,yes,Stingray Karaoke,CA,1,,Stingray Karaoke (1080p),02,
海外·音乐,yes,Stingray Movie Music,CA,1,,Stingray Movie Music (1080p),02,
海外·音乐,yes,Stingray Nothin' But 90s,CA,1,,Stingray Nothin' But 90s (1080p),02,
海外·音乐,yes,Stingray Pop Adult,CA,1,,Stingray Pop Adult (1080p),02,
海外·音乐,yes,Stingray Rock Alternative,CA,1,,Stingray Rock Alternative (1080p),02,
海外·音乐,yes,Stingray Romance Latino,CA,1,,Stingray Romance Latino (1080p),02,
海外·音乐,yes,Stingray Smooth Jazz,CA,1,,Stingray Smooth Jazz (1080p),02,
海外·音乐,yes,Stingray Soul Storm,CA,1,,Stingray Soul Storm (1080p),02,
海外·音乐,yes,Stingray The Spa,CA,1,,Stingray The Spa (1080p),02,
海外·音乐,yes,Stingray Today's KPOP,CA,1,,Stingray Today's KPOP (1080p),02,
海外·音乐,yes,Stingray Today's Latin Pop,CA,1,,Stingray Today's Latin Pop (1080p),02,
海外·音乐,yes,Stingray iConcerts,CA,1,,Stingray iConcerts HD,02,
海外·音乐,yes,StuBru,BE,1,,StuBru (1080p),02,
海外·音乐,yes,Super TV,RO,1,,Super TV (576p),02,
海外·音乐,yes,Supermúsica TV,CO,1,,Supermúsica TV (720p),02,
海外·音乐,yes,Súper Q Panamá,PA,1,,Súper Q Panamá (1080p),02,
海外·音乐,yes,T2 TV,IR,1,,T2 TV,02,
海外·音乐,yes,TDI Radio TV,RS,1,,TDI Radio TV,02,
海外·音乐,yes,TMA,GP,1,,TMA (1080p),02,
海外·音乐,yes,TRT Müzik,TR,1,,TRT Müzik (720p);TRT Müzik,02;11,
海外·音乐,yes,TV Cidade,CV,1,,TV Cidade,02,
海外·音乐,yes,TV Peruanisima,PE,1,,TV Peruanisima (720p),02,
海外·音乐,yes,TV Éxitos,DO,1,,TV Éxitos (720p),02,
海外·音乐,yes,TVOMIX,ES,1,,TVOMIX (1080p),02,
海外·音乐,yes,TVONE Nicaragua,NI,1,,TVONE Nicaragua (720p) [Not 24/7],02,
海外·音乐,yes,TVR Folclor,RO,1,,TVR Folclor,02,
海外·音乐,yes,TVS Music Network,US,1,,TVS Music Network (720p),02,
海外·音乐,yes,TVUNO,PE,1,,TVUNO (720p),02,
海外·音乐,yes,Tabbar Hits,IN,1,,Tabbar Hits (1080p),02,
海外·音乐,yes,Tarab,SA,1,,Tarab (1080p),02,
海外·音乐,yes,Tarang Music,IN,1,,Tarang Music (720p),02,
海外·音乐,yes,Tele Dominicana TV,DO,1,,Tele Dominicana TV (720p) [Not 24/7],02,
海外·音乐,yes,Tele Zoukla,MQ,1,,Tele Zoukla,02,
海外·音乐,yes,Tele7music,RO,1,,Tele7music (576i),02,
海外·音乐,yes,Telehit Musica,MX,1,,Telehit Musica (1080p),02,
海外·音乐,yes,Tezaur TV,MD,1,,Tezaur TV (576i),02,
海外·音乐,yes,That's 70s,UK,1,,That's 70s (720p),02,
海外·音乐,yes,That's 80s,UK,1,,That's 80s (720p),02,
海外·音乐,yes,The Cabbin FM,AR,1,,The Cabbin FM,02,
海外·音乐,yes,The Retro Channel,PR,1,,The Retro Channel (1080p) [Not 24/7],02,
海外·音乐,yes,The Voice TV (BG),BG,1,,The Voice TV (720p),02,
海外·音乐,yes,Tiankov Folk,BG,1,,Tiankov Folk (576p),02,
海外·音乐,yes,Tiankov Orient Folk,BG,1,,Tiankov Orient Folk (576p),02,
海外·音乐,yes,TikTok Radio Brasil,BR,1,,TikTok Radio Brasil (1080p),02,
海外·音乐,yes,Tjil TV,NA,1,,Tjil TV (720p),02,
海外·音乐,yes,TopEstrada TV,MK,1,,TopEstrada TV (720p),02,
海外·音乐,yes,Topical Moon RD,DO,1,,Topical Moon RD (720p) [Not 24/7],02,
海外·音乐,yes,Totalmusic,UK,1,,Totalmusic (1080p),02,
海外·音乐,yes,Totalmusic 2000s,UK,1,,Totalmusic 2000s (720p),02,
海外·音乐,yes,Totalmusic 80s,UK,1,,Totalmusic 80s (720p),02,
海外·音乐,yes,Totalmusic Concerts,UK,1,,Totalmusic Concerts (720p),02,
海外·音乐,yes,Totalmusic Dance,UK,1,,Totalmusic Dance (720p),02,
海外·音乐,yes,Trace Africa,FR,1,,Trace Africa (1080p),02,
海外·音乐,yes,Trace Ayiti,FR,1,,Trace Ayiti (1080p),02,
海外·音乐,yes,Trace Brasil,FR,1,,Trace Brasil (1080p),02,
海外·音乐,yes,Trace Caribbean,FR,1,,Trace Caribbean (1080p),02,
海外·音乐,yes,Trace Gospel Africa Franco,FR,1,,Trace Gospel Africa Franco (1080p),02,
海外·音乐,yes,Trace Gospel Nigeria and East Africa,FR,1,,Trace Gospel Nigeria and East Africa (1080p),02,
海外·音乐,yes,Trace Gospel Southern Africa,FR,1,,Trace Gospel Southern Africa (1080p),02,
海外·音乐,yes,Trace Ivoire,FR,1,,Trace Ivoire (1080p),02,
海外·音乐,yes,Trace Jama,FR,1,,Trace Jama (1080p),02,
海外·音乐,yes,Trace Kitoko,FR,1,,Trace Kitoko (1080p),02,
海外·音乐,yes,Trace Mboa,FR,1,,Trace Mboa (1080p),02,
海外·音乐,yes,Trace Muzika,FR,1,,Trace Muzika (1080p),02,
海外·音乐,yes,Trace Mziki,FR,1,,Trace Mziki (1080p),02,
海外·音乐,yes,Trace Naija,FR,1,,Trace Naija (1080p),02,
海外·音乐,yes,Trace Ngoma,FR,1,,Trace Ngoma (1080p),02,
海外·音乐,yes,Trace Teranga,FR,1,,Trace Teranga (1080p),02,
海外·音乐,yes,Trace Toca,FR,1,,Trace Toca (1080p),02,
海外·音乐,yes,Trace UK,UK,1,,Trace UK (1080p),02,
海外·音乐,yes,Trace Urban (Australia),FR,1,,Trace Urban (Australia) (1080p),02,
海外·音乐,yes,Trace Urban Africa Franco,FR,1,,Trace Urban Africa Franco (1080p),02,
海外·音乐,yes,Trace Urban Caribbean and Indian Ocean,FR,1,,Trace Urban Caribbean and Indian Ocean (1080p),02,
海外·音乐,yes,Trace Urban France,FR,1,,Trace Urban France (1080p),02,
海外·音乐,yes,Trace Urban International,FR,1,,Trace Urban International (1080p),02,
海外·音乐,yes,Trace Urban Southern Africa,FR,1,,Trace Urban Southern Africa (1080p),02,
海外·音乐,yes,Trace Vanilla Islands,FR,1,,Trace Vanilla Islands (1080p),02,
海外·音乐,yes,Tropi Q 99.7 FM,PA,1,,Tropi Q 99.7 FM (1080p),02,
海外·音乐,yes,Türkmen Owazy,TM,1,,Türkmen Owazy (406p) [Not 24/7];Türkmen Owazy,02;11,
海外·音乐,yes,UA Music,UA,1,,UA Music (1080p),02,
海外·音乐,yes,Ultimate TV,IN,1,,Ultimate TV (1080p),02,
海外·音乐,yes,Urbano TV,CR,1,,Urbano TV (720p),02,
海外·音乐,yes,V Classic TV,CL,1,,V Classic TV (720p),02,
海外·音乐,yes,VH1,US,1,,VH1 (720p),02,
海外·音乐,yes,VM Latino,CR,1,,VM Latino (720p) [Not 24/7],02,
海外·音乐,yes,Vaanavil TV,IN,1,,Vaanavil TV (720p),02,
海外·音乐,yes,Vantage Classic,EE,1,,Vantage Classic (720p),02,
海外·音乐,yes,Vantage Dance,EE,1,,Vantage Dance (720p),02,
海外·音乐,yes,Vantage Music UK,EE,1,,Vantage Music UK (1080p) [Geo-blocked],02,
海外·音乐,yes,Vantage Rock,EE,1,,Vantage Rock (720p) [Geo-blocked],02,
海外·音乐,yes,Venus Media,PY,1,,Venus Media (1080p),02,
海外·音乐,yes,Vevo Latino,US,1,,Vevo Latino (1080p),02,
海外·音乐,yes,Vevo True School Hip-Hop,US,1,,Vevo True School Hip-Hop,02,
海外·音乐,yes,Video Mix TV,US,1,,Video Mix TV,02,
海外·音乐,yes,Video Tour Channel,CR,1,,Video Tour Channel,02,
海外·音乐,yes,Vintage Music,CR,1,,Vintage Music (720p),02,
海外·音乐,yes,Visión Televisión,MX,1,,Visión Televisión (720p),02,
海外·音乐,yes,VoiceOver Radio TV,CR,1,,VoiceOver Radio TV (720p),02,
海外·音乐,yes,Volksmusik TV,DE,1,,Volksmusik TV (1080p),02,
海外·音乐,yes,Vos y TV,EC,1,,Vos y TV (720p) [Not 24/7],02,
海外·音乐,yes,WVCU-LP Concord University Radio The Cure 97.7,US,1,,WVCU-LP Concord University Radio The Cure 97.7 (1080p),02,
海外·音乐,yes,Wavez FM,AW,1,,Wavez FM,02,
海外·音乐,yes,X 102.7 FM,AW,1,,X 102.7 FM,02,
海外·音乐,yes,X Level Media,AR,1,,X Level Media (1080p),02,
海外·音乐,yes,XITE,NL,1,,XITE (720p),02,
海外·音乐,yes,XITE 90's Throwback,US,1,,XITE 90's Throwback (1080p),02,
海外·音乐,yes,XITE Classic Country,NL,1,,XITE Classic Country (720p),02,
海外·音乐,yes,XITE Hits,NL,1,,XITE Hits (1080p),02,
海外·音乐,yes,XITE Hits Germany,NL,1,,XITE Hits Germany (1080p),02,
海外·音乐,yes,XITE Hits UK,NL,1,,XITE Hits UK (1080p),02,
海外·音乐,yes,XITE Just Chill,NL,1,,XITE Just Chill (1080p),02,
海外·音乐,yes,XITE Nuevo Latino,US,1,,XITE Nuevo Latino (1080p),02,
海外·音乐,yes,XITE Rock x Metal,NL,1,,XITE Rock x Metal (1080p),02,
海外·音乐,yes,XITE Siempre Latino,US,1,,XITE Siempre Latino (1080p),02,
海外·音乐,yes,XPTV1,ES,1,,XPTV1 (720p),02,
海外·音乐,yes,YET Max,IN,1,,YET Max (720p),02,
海外·音乐,yes,YRF Music,IN,1,,YRF Music (1080p),02,
海外·音乐,yes,ZB Music,IN,1,,ZB Music (720p),02,
海外·音乐,yes,ZFM Zoetermeer,NL,1,,ZFM Zoetermeer (720p),02,
海外·音乐,yes,Zoom (IN),IN,1,,Zoom (720p),02,
海外·音乐,yes,Zwei Music Television,DE,1,,Zwei Music Television,02,
海外·音乐,yes,m2o TV,IT,1,,m2o TV (1080p);Radio m2o Tv,02;11,Radio m2o Tv
海外·音乐,yes,mfm,LB,1,,mfm (1080p),02,
海外·音乐,yes,¡Viva Latino!,UA,1,,¡Viva Latino! (1080p),02,
海外·音乐,yes,Óčko Expres,CZ,1,,Óčko Expres (540p);Óčko Expres Ⓢ,02;11,
海外·音乐,yes,Óčko Gold,CZ,1,,Óčko Gold (540p);Óčko Star Ⓢ,02;11,Óčko Star
海外·音乐,yes,Муз союз,RU,1,,Муз союз (576p),02,
海外·音乐,yes,Музыка 1 International,RU,1,,Музыка 1 International [Not 24/7],02,
海外·音乐,yes,Музыка Кино International,RU,1,,Музыка Кино International [Not 24/7],02,
海外·音乐,yes,Первый Музыкальный Канал,BY,1,,Первый Музыкальный Канал HD (1080p),02,
海外·音乐,yes,Радио Шансон,RU,1,,Радио Шансон (720p) [Not 24/7],02,
海外·音乐,yes,Сити Эдем Play Христианский Музыкальный,RU,1,,Сити Эдем Play Христианский Музыкальный [Not 24/7],02,
海外·音乐,yes,Сити Эдем Бирма Play,RU,1,,Сити Эдем Бирма Play [Not 24/7],02,
海外·音乐,yes,Сити Эдем Классическая Музыка,RU,1,,Сити Эдем Классическая Музыка [Not 24/7],02,
海外·音乐,yes,Сити Эдем Сиртаки ТВ,RU,1,,Сити Эдем Сиртаки ТВ [Not 24/7],02,
海外·音乐,yes,Страна ФМ,RU,1,,Страна ФМ,02,
